county,county_pcode,county_lat,county_lon,year,maize_area_ha,maize_production_t,yield_t_ha,season_basis,yield_qc_flag,rain_dekads_available,rain_total_jan_jun_mm,rain_lta_jan_jun_mm,rain_anomaly_pct,rain_mean_dekad_mm,rain_std_dekad_mm,rain_cv,wet_dekads_ge20mm,heavy_dekads_ge50mm,dry_dekads_lt10mm,longest_dry_spell_dekads,rain_onset_doy,crop_source,crop_source_url,rainfall_source,rainfall_source_url
Baringo,KE030,0.726352,36.018591,1981,10016.000000,29203.000000,2.915635,Annual,0,18.000000,523.655267,465.744538,12.434011,29.091959,33.657485,1.156934,8.000000,4.000000,8.000000,6.000000,70.000000,HarvestStat Africa v1.2,https://raw.githubusercontent.com/HarvestStat/HarvestStat-Africa/main/public/hvstat_africa_data_v1.2.csv,WFP HDX CHIRPS v2 dekadal indicators,https://data.humdata.org/dataset/ken-rainfall-subnational
Bomet,KE036,-0.716095,35.238459,1981,28588.709025,74616.530555,2.610000,Annual,0,18.000000,945.621049,842.724213,12.210025,52.534503,50.949746,0.969834,11.000000,7.000000,5.000000,3.000000,70.000000,HarvestStat Africa v1.2,https://raw.githubusercontent.com/HarvestStat/HarvestStat-Africa/main/public/hvstat_africa_data_v1.2.csv,WFP HDX CHIRPS v2 dekadal indicators,https://data.humdata.org/dataset/ken-rainfall-subnational
Bungoma,KE039,0.785694,34.718757,1981,63451.452399,24981.771600,0.393715,Annual,0,18.000000,869.710009,854.742337,1.751133,48.317223,49.791467,1.030512,11.000000,6.000000,5.000000,4.000000,70.000000,HarvestStat Africa v1.2,https://raw.githubusercontent.com/HarvestStat/HarvestStat-Africa/main/public/hvstat_africa_data_v1.2.csv,WFP HDX CHIRPS v2 dekadal indicators,https://data.humdata.org/dataset/ken-rainfall-subnational
Busia,KE040,0.375707,34.265111,1981,26348.995750,3923.133577,0.148891,Annual,0,18.000000,881.038468,900.425645,-2.153112,48.946582,45.659565,0.932845,11.000000,7.000000,5.000000,3.000000,70.000000,HarvestStat Africa v1.2,https://raw.githubusercontent.com/HarvestStat/HarvestStat-Africa/main/public/hvstat_africa_data_v1.2.csv,WFP HDX CHIRPS v2 dekadal indicators,https://data.humdata.org/dataset/ken-rainfall-subnational
Elgeyo-Marakwet,KE028,0.745102,35.560856,1981,21814.000000,58898.000000,2.700009,Annual,0,18.000000,685.373740,657.566659,4.228785,38.076319,43.571237,1.144313,8.000000,6.000000,7.000000,4.000000,70.000000,HarvestStat Africa v1.2,https://raw.githubusercontent.com/HarvestStat/HarvestStat-Africa/main/public/hvstat_africa_data_v1.2.csv,WFP HDX CHIRPS v2 dekadal indicators,https://data.humdata.org/dataset/ken-rainfall-subnational
Embu,KE014,-0.532830,37.664629,1981,38767.000000,54980.288029,1.418224,Annual,0,18.000000,827.428574,525.286081,57.519607,45.968254,53.907257,1.172706,7.000000,7.000000,9.000000,6.000000,70.000000,HarvestStat Africa v1.2,https://raw.githubusercontent.com/HarvestStat/HarvestStat-Africa/main/public/hvstat_africa_data_v1.2.csv,WFP HDX CHIRPS v2 dekadal indicators,https://data.humdata.org/dataset/ken-rainfall-subnational
Garissa,KE007,-0.520490,40.355590,1981,62.420000,56.178000,0.900000,Annual,0,18.000000,372.326458,240.279175,54.955775,20.684803,24.851753,1.201450,7.000000,3.000000,10.000000,7.000000,70.000000,HarvestStat Africa v1.2,https://raw.githubusercontent.com/HarvestStat/HarvestStat-Africa/main/public/hvstat_africa_data_v1.2.csv,WFP HDX CHIRPS v2 dekadal indicators,https://data.humdata.org/dataset/ken-rainfall-subnational
Isiolo,KE011,1.006385,38.747651,1981,815.000000,704.000000,0.863804,Annual,0,18.000000,353.418064,173.962088,103.158095,19.634337,26.315787,1.340294,6.000000,4.000000,12.000000,7.000000,70.000000,HarvestStat Africa v1.2,https://raw.githubusercontent.com/HarvestStat/HarvestStat-Africa/main/public/hvstat_africa_data_v1.2.csv,WFP HDX CHIRPS v2 dekadal indicators,https://data.humdata.org/dataset/ken-rainfall-subnational
Kajiado,KE034,-2.112369,36.777606,1981,3589.000000,10013.000000,2.789914,Annual,0,18.000000,455.787924,373.466385,22.042556,25.321551,31.846735,1.257693,6.000000,3.000000,10.000000,4.000000,70.000000,HarvestStat Africa v1.2,https://raw.githubusercontent.com/HarvestStat/HarvestStat-Africa/main/public/hvstat_africa_data_v1.2.csv,WFP HDX CHIRPS v2 dekadal indicators,https://data.humdata.org/dataset/ken-rainfall-subnational
Kakamega,KE037,0.497190,34.800929,1981,99640.737695,293220.538400,2.942778,Annual,0,18.000000,1007.652634,951.356143,5.917499,55.980702,54.834336,0.979522,11.000000,8.000000,4.000000,3.000000,70.000000,HarvestStat Africa v1.2,https://raw.githubusercontent.com/HarvestStat/HarvestStat-Africa/main/public/hvstat_africa_data_v1.2.csv,WFP HDX CHIRPS v2 dekadal indicators,https://data.humdata.org/dataset/ken-rainfall-subnational
Kericho,KE035,-0.316683,35.225997,1981,43411.290975,113303.469445,2.610000,Annual,0,18.000000,844.000010,795.027352,6.159871,46.888889,47.424278,1.011418,11.000000,6.000000,4.000000,3.000000,70.000000,HarvestStat Africa v1.2,https://raw.githubusercontent.com/HarvestStat/HarvestStat-Africa/main/public/hvstat_africa_data_v1.2.csv,WFP HDX CHIRPS v2 dekadal indicators,https://data.humdata.org/dataset/ken-rainfall-subnational
Kiambu,KE022,-1.034385,36.843216,1981,22923.753066,76503.603991,3.337307,Annual,0,18.000000,953.047610,695.396027,37.051058,52.947089,65.969494,1.245951,7.000000,6.000000,7.000000,4.000000,70.000000,HarvestStat Africa v1.2,https://raw.githubusercontent.com/HarvestStat/HarvestStat-Africa/main/public/hvstat_africa_data_v1.2.csv,WFP HDX CHIRPS v2 dekadal indicators,https://data.humdata.org/dataset/ken-rainfall-subnational
Kilifi,KE003,-3.152441,39.672708,1981,26448.000000,23804.000000,0.900030,Annual,0,18.000000,499.396038,488.607513,2.208015,27.744224,35.836663,1.291680,7.000000,3.000000,9.000000,6.000000,70.000000,HarvestStat Africa v1.2,https://raw.githubusercontent.com/HarvestStat/HarvestStat-Africa/main/public/hvstat_africa_data_v1.2.csv,WFP HDX CHIRPS v2 dekadal indicators,https://data.humdata.org/dataset/ken-rainfall-subnational
Kirinyaga,KE020,-0.467350,37.301902,1981,29072.776924,79065.433860,2.719569,Annual,0,18.000000,939.645823,646.759723,45.285148,52.202546,60.199448,1.153190,7.000000,7.000000,7.000000,6.000000,70.000000,HarvestStat Africa v1.2,https://raw.githubusercontent.com/HarvestStat/HarvestStat-Africa/main/public/hvstat_africa_data_v1.2.csv,WFP HDX CHIRPS v2 dekadal indicators,https://data.humdata.org/dataset/ken-rainfall-subnational
Kisii,KE045,-0.736677,34.753510,1981,42609.458568,126286.231461,2.963807,Annual,0,18.000000,1031.499989,925.845013,11.411735,57.305555,53.711865,0.937289,13.000000,7.000000,5.000000,3.000000,70.000000,HarvestStat Africa v1.2,https://raw.githubusercontent.com/HarvestStat/HarvestStat-Africa/main/public/hvstat_africa_data_v1.2.csv,WFP HDX CHIRPS v2 dekadal indicators,https://data.humdata.org/dataset/ken-rainfall-subnational
Kisumu,KE042,-0.194380,34.777329,1981,13000.000000,29250.000000,2.250000,Annual,0,18.000000,823.391310,816.425122,0.853255,45.743962,45.222430,0.988599,11.000000,5.000000,4.000000,3.000000,70.000000,HarvestStat Africa v1.2,https://raw.githubusercontent.com/HarvestStat/HarvestStat-Africa/main/public/hvstat_africa_data_v1.2.csv,WFP HDX CHIRPS v2 dekadal indicators,https://data.humdata.org/dataset/ken-rainfall-subnational
Kitui,KE015,-1.560490,38.371810,1981,121683.000000,57623.000000,0.473550,Annual,0,18.000000,522.835514,272.434005,91.912722,29.046417,37.119742,1.277946,6.000000,5.000000,10.000000,6.000000,70.000000,HarvestStat Africa v1.2,https://raw.githubusercontent.com/HarvestStat/HarvestStat-Africa/main/public/hvstat_africa_data_v1.2.csv,WFP HDX CHIRPS v2 dekadal indicators,https://data.humdata.org/dataset/ken-rainfall-subnational
Kwale,KE002,-4.120591,39.066136,1981,9685.000000,8739.000000,0.902323,Annual,0,18.000000,486.851303,541.885007,-10.155975,27.047295,33.939336,1.254814,7.000000,3.000000,8.000000,4.000000,70.000000,HarvestStat Africa v1.2,https://raw.githubusercontent.com/HarvestStat/HarvestStat-Africa/main/public/hvstat_africa_data_v1.2.csv,WFP HDX CHIRPS v2 dekadal indicators,https://data.humdata.org/dataset/ken-rainfall-subnational
Laikipia,KE031,0.289134,36.825248,1981,9820.000000,24746.000000,2.519959,Annual,0,18.000000,468.476820,361.774838,29.494031,26.026490,30.555548,1.174017,8.000000,4.000000,9.000000,6.000000,70.000000,HarvestStat Africa v1.2,https://raw.githubusercontent.com/HarvestStat/HarvestStat-Africa/main/public/hvstat_africa_data_v1.2.csv,WFP HDX CHIRPS v2 dekadal indicators,https://data.humdata.org/dataset/ken-rainfall-subnational
Lamu,KE005,-2.063679,40.545830,1981,2687.000000,3265.000000,1.215110,Annual,0,18.000000,529.014786,534.602138,-1.045142,29.389710,33.337995,1.134342,8.000000,4.000000,7.000000,7.000000,70.000000,HarvestStat Africa v1.2,https://raw.githubusercontent.com/HarvestStat/HarvestStat-Africa/main/public/hvstat_africa_data_v1.2.csv,WFP HDX CHIRPS v2 dekadal indicators,https://data.humdata.org/dataset/ken-rainfall-subnational
Machakos,KE016,-1.276237,37.394595,1981,72905.861895,85299.712079,1.169998,Annual,0,18.000000,624.640385,412.340392,51.486587,34.702244,41.511862,1.196230,7.000000,5.000000,10.000000,6.000000,70.000000,HarvestStat Africa v1.2,https://raw.githubusercontent.com/HarvestStat/HarvestStat-Africa/main/public/hvstat_africa_data_v1.2.csv,WFP HDX CHIRPS v2 dekadal indicators,https://data.humdata.org/dataset/ken-rainfall-subnational
Makueni,KE017,-2.253637,37.876663,1981,81537.138105,95398.287921,1.169998,Annual,0,18.000000,535.136193,334.183265,60.132553,29.729788,36.288756,1.220619,7.000000,5.000000,9.000000,4.000000,70.000000,HarvestStat Africa v1.2,https://raw.githubusercontent.com/HarvestStat/HarvestStat-Africa/main/public/hvstat_africa_data_v1.2.csv,WFP HDX CHIRPS v2 dekadal indicators,https://data.humdata.org/dataset/ken-rainfall-subnational
Mandera,KE009,3.230964,40.711346,1981,950.000000,855.000000,0.900000,Annual,0,18.000000,387.672204,189.924349,104.119275,21.537345,32.250097,1.497404,5.000000,3.000000,11.000000,7.000000,70.000000,HarvestStat Africa v1.2,https://raw.githubusercontent.com/HarvestStat/HarvestStat-Africa/main/public/hvstat_africa_data_v1.2.csv,WFP HDX CHIRPS v2 dekadal indicators,https://data.humdata.org/dataset/ken-rainfall-subnational
Marsabit,KE010,2.860480,37.714884,1981,2630.000000,2367.000000,0.900000,Annual,0,18.000000,373.269973,184.486778,102.328848,20.737221,30.554807,1.473428,5.000000,3.000000,11.000000,7.000000,70.000000,HarvestStat Africa v1.2,https://raw.githubusercontent.com/HarvestStat/HarvestStat-Africa/main/public/hvstat_africa_data_v1.2.csv,WFP HDX CHIRPS v2 dekadal indicators,https://data.humdata.org/dataset/ken-rainfall-subnational
Meru,KE012,0.229055,37.776111,1981,29769.650782,8327.965598,0.279747,Annual,0,18.000000,824.995591,524.441410,57.309391,45.833088,53.667788,1.170940,7.000000,6.000000,8.000000,4.000000,70.000000,HarvestStat Africa v1.2,https://raw.githubusercontent.com/HarvestStat/HarvestStat-Africa/main/public/hvstat_africa_data_v1.2.csv,WFP HDX CHIRPS v2 dekadal indicators,https://data.humdata.org/dataset/ken-rainfall-subnational
Mombasa,KE001,-3.990448,39.701130,1981,1008.000000,806.000000,0.799603,Annual,0,18.000000,543.800000,734.479994,-25.961224,30.211111,31.281267,1.035423,7.000000,5.000000,7.000000,6.000000,70.000000,HarvestStat Africa v1.2,https://raw.githubusercontent.com/HarvestStat/HarvestStat-Africa/main/public/hvstat_africa_data_v1.2.csv,WFP HDX CHIRPS v2 dekadal indicators,https://data.humdata.org/dataset/ken-rainfall-subnational
Murang'a,KE021,-0.828519,37.004173,1981,38206.255110,55691.501110,1.457654,Annual,0,18.000000,942.126050,695.837541,35.394542,52.340336,59.875159,1.143958,7.000000,6.000000,6.000000,4.000000,70.000000,HarvestStat Africa v1.2,https://raw.githubusercontent.com/HarvestStat/HarvestStat-Africa/main/public/hvstat_africa_data_v1.2.csv,WFP HDX CHIRPS v2 dekadal indicators,https://data.humdata.org/dataset/ken-rainfall-subnational
Nakuru,KE032,-0.458448,36.100384,1981,45805.000000,66510.000000,1.452025,Annual,0,18.000000,628.718490,535.090196,17.497666,34.928805,35.027316,1.002820,8.000000,6.000000,7.000000,4.000000,70.000000,HarvestStat Africa v1.2,https://raw.githubusercontent.com/HarvestStat/HarvestStat-Africa/main/public/hvstat_africa_data_v1.2.csv,WFP HDX CHIRPS v2 dekadal indicators,https://data.humdata.org/dataset/ken-rainfall-subnational
Nandi,KE029,0.227352,35.123876,1981,80523.000000,141636.000000,1.758951,Annual,0,18.000000,916.263744,819.099630,11.862307,50.903541,51.705152,1.015748,10.000000,7.000000,4.000000,3.000000,70.000000,HarvestStat Africa v1.2,https://raw.githubusercontent.com/HarvestStat/HarvestStat-Africa/main/public/hvstat_africa_data_v1.2.csv,WFP HDX CHIRPS v2 dekadal indicators,https://data.humdata.org/dataset/ken-rainfall-subnational
Narok,KE033,-1.279878,35.476358,1981,16025.000000,36056.000000,2.249984,Annual,0,18.000000,700.825034,591.197598,18.543282,38.934724,43.092173,1.106780,8.000000,6.000000,5.000000,2.000000,80.000000,HarvestStat Africa v1.2,https://raw.githubusercontent.com/HarvestStat/HarvestStat-Africa/main/public/hvstat_africa_data_v1.2.csv,WFP HDX CHIRPS v2 dekadal indicators,https://data.humdata.org/dataset/ken-rainfall-subnational
Nyamira,KE046,-0.649378,34.933398,1981,22210.541432,65827.768539,2.963807,Annual,0,18.000000,1017.137931,912.716100,11.440779,56.507663,53.421973,0.945393,12.000000,9.000000,5.000000,3.000000,70.000000,HarvestStat Africa v1.2,https://raw.githubusercontent.com/HarvestStat/HarvestStat-Africa/main/public/hvstat_africa_data_v1.2.csv,WFP HDX CHIRPS v2 dekadal indicators,https://data.humdata.org/dataset/ken-rainfall-subnational
Nyandarua,KE018,-0.389093,36.497431,1981,15273.769186,57345.175951,3.754488,Annual,0,18.000000,723.444439,598.538580,20.868472,40.191358,41.316246,1.027988,8.000000,7.000000,6.000000,4.000000,70.000000,HarvestStat Africa v1.2,https://raw.githubusercontent.com/HarvestStat/HarvestStat-Africa/main/public/hvstat_africa_data_v1.2.csv,WFP HDX CHIRPS v2 dekadal indicators,https://data.humdata.org/dataset/ken-rainfall-subnational
Nyeri,KE019,-0.314375,36.930473,1981,15847.954620,47224.061403,2.979821,Annual,0,18.000000,820.990923,644.133946,27.456553,45.610607,48.565853,1.064793,9.000000,6.000000,6.000000,4.000000,70.000000,HarvestStat Africa v1.2,https://raw.githubusercontent.com/HarvestStat/HarvestStat-Africa/main/public/hvstat_africa_data_v1.2.csv,WFP HDX CHIRPS v2 dekadal indicators,https://data.humdata.org/dataset/ken-rainfall-subnational
Samburu,KE025,1.541373,36.941540,1981,600.000000,648.000000,1.080000,Annual,0,18.000000,394.268617,270.988171,45.492925,21.903812,28.338949,1.293791,6.000000,4.000000,11.000000,7.000000,70.000000,HarvestStat Africa v1.2,https://raw.githubusercontent.com/HarvestStat/HarvestStat-Africa/main/public/hvstat_africa_data_v1.2.csv,WFP HDX CHIRPS v2 dekadal indicators,https://data.humdata.org/dataset/ken-rainfall-subnational
Siaya,KE041,-0.057674,34.199887,1981,42112.000000,75802.000000,1.800009,Annual,0,18.000000,763.325002,811.195420,-5.901219,42.406945,40.725741,0.960355,10.000000,7.000000,6.000000,3.000000,70.000000,HarvestStat Africa v1.2,https://raw.githubusercontent.com/HarvestStat/HarvestStat-Africa/main/public/hvstat_africa_data_v1.2.csv,WFP HDX CHIRPS v2 dekadal indicators,https://data.humdata.org/dataset/ken-rainfall-subnational
Taita Taveta,KE006,-3.405203,38.371760,1981,8082.000000,8946.000000,1.106904,Annual,0,18.000000,402.520498,310.607723,29.591272,22.362250,34.827796,1.557437,5.000000,2.000000,11.000000,6.000000,70.000000,HarvestStat Africa v1.2,https://raw.githubusercontent.com/HarvestStat/HarvestStat-Africa/main/public/hvstat_africa_data_v1.2.csv,WFP HDX CHIRPS v2 dekadal indicators,https://data.humdata.org/dataset/ken-rainfall-subnational
Tana River,KE004,-1.534918,39.550288,1981,1624.000000,1642.000000,1.011084,Annual,0,18.000000,357.674502,192.080568,86.210665,19.870806,30.282047,1.523947,5.000000,3.000000,11.000000,7.000000,70.000000,HarvestStat Africa v1.2,https://raw.githubusercontent.com/HarvestStat/HarvestStat-Africa/main/public/hvstat_africa_data_v1.2.csv,WFP HDX CHIRPS v2 dekadal indicators,https://data.humdata.org/dataset/ken-rainfall-subnational
Tharaka-Nithi,KE013,-0.191445,37.960417,1981,9730.349218,2722.034402,0.279747,Annual,0,18.000000,888.642858,547.091662,62.430342,49.369048,58.691054,1.188823,7.000000,7.000000,9.000000,6.000000,70.000000,HarvestStat Africa v1.2,https://raw.githubusercontent.com/HarvestStat/HarvestStat-Africa/main/public/hvstat_africa_data_v1.2.csv,WFP HDX CHIRPS v2 dekadal indicators,https://data.humdata.org/dataset/ken-rainfall-subnational
Trans Nzoia,KE026,1.045915,34.980778,1981,51526.000000,166944.000000,3.239995,Annual,0,18.000000,621.784808,634.237966,-1.963484,34.543600,38.248314,1.107247,8.000000,5.000000,6.000000,4.000000,70.000000,HarvestStat Africa v1.2,https://raw.githubusercontent.com/HarvestStat/HarvestStat-Africa/main/public/hvstat_africa_data_v1.2.csv,WFP HDX CHIRPS v2 dekadal indicators,https://data.humdata.org/dataset/ken-rainfall-subnational
Turkana,KE023,3.162488,35.313492,1981,650.000000,585.000000,0.900000,Annual,0,18.000000,198.530747,172.177661,15.305752,11.029486,15.989105,1.449669,2.000000,1.000000,13.000000,7.000000,101.000000,HarvestStat Africa v1.2,https://raw.githubusercontent.com/HarvestStat/HarvestStat-Africa/main/public/hvstat_africa_data_v1.2.csv,WFP HDX CHIRPS v2 dekadal indicators,https://data.humdata.org/dataset/ken-rainfall-subnational
Uasin Gishu,KE027,0.478188,35.303799,1981,46648.000000,134347.000000,2.880016,Annual,0,18.000000,658.405412,606.721928,8.518480,36.578078,40.098756,1.096251,8.000000,6.000000,6.000000,4.000000,70.000000,HarvestStat Africa v1.2,https://raw.githubusercontent.com/HarvestStat/HarvestStat-Africa/main/public/hvstat_africa_data_v1.2.csv,WFP HDX CHIRPS v2 dekadal indicators,https://data.humdata.org/dataset/ken-rainfall-subnational
Vihiga,KE038,0.084857,34.707784,1981,17106.814156,50341.550787,2.942778,Annual,0,18.000000,1004.578943,1006.033351,-0.144569,55.809941,53.547877,0.959468,11.000000,8.000000,4.000000,3.000000,70.000000,HarvestStat Africa v1.2,https://raw.githubusercontent.com/HarvestStat/HarvestStat-Africa/main/public/hvstat_africa_data_v1.2.csv,WFP HDX CHIRPS v2 dekadal indicators,https://data.humdata.org/dataset/ken-rainfall-subnational
Wajir,KE008,1.939715,40.024507,1981,685.000000,616.500000,0.900000,Annual,0,18.000000,437.286110,193.539230,125.941846,24.293673,36.798111,1.514720,6.000000,3.000000,11.000000,7.000000,70.000000,HarvestStat Africa v1.2,https://raw.githubusercontent.com/HarvestStat/HarvestStat-Africa/main/public/hvstat_africa_data_v1.2.csv,WFP HDX CHIRPS v2 dekadal indicators,https://data.humdata.org/dataset/ken-rainfall-subnational
West Pokot,KE024,1.893374,35.212768,1981,12800.000000,40320.000000,3.150000,Annual,0,18.000000,429.421767,443.095810,-3.086024,23.856765,29.981552,1.256732,6.000000,3.000000,9.000000,7.000000,70.000000,HarvestStat Africa v1.2,https://raw.githubusercontent.com/HarvestStat/HarvestStat-Africa/main/public/hvstat_africa_data_v1.2.csv,WFP HDX CHIRPS v2 dekadal indicators,https://data.humdata.org/dataset/ken-rainfall-subnational
Baringo,KE030,0.726352,36.018591,1982,10000.000000,39690.000000,3.969000,Annual,0,18.000000,459.868943,465.744538,-1.261549,25.548275,30.824482,1.206519,6.000000,3.000000,8.000000,8.000000,80.000000,HarvestStat Africa v1.2,https://raw.githubusercontent.com/HarvestStat/HarvestStat-Africa/main/public/hvstat_africa_data_v1.2.csv,WFP HDX CHIRPS v2 dekadal indicators,https://data.humdata.org/dataset/ken-rainfall-subnational
Bomet,KE036,-0.716095,35.238459,1982,28588.709025,105778.223392,3.700000,Annual,0,18.000000,767.168415,842.724213,-8.965661,42.620468,32.747441,0.768350,13.000000,4.000000,4.000000,1.000000,80.000000,HarvestStat Africa v1.2,https://raw.githubusercontent.com/HarvestStat/HarvestStat-Africa/main/public/hvstat_africa_data_v1.2.csv,WFP HDX CHIRPS v2 dekadal indicators,https://data.humdata.org/dataset/ken-rainfall-subnational
Bungoma,KE039,0.785694,34.718757,1982,66000.000000,138546.000000,2.099182,Annual,0,18.000000,842.209999,854.742337,-1.466212,46.789444,36.606495,0.782367,12.000000,7.000000,4.000000,1.000000,80.000000,HarvestStat Africa v1.2,https://raw.githubusercontent.com/HarvestStat/HarvestStat-Africa/main/public/hvstat_africa_data_v1.2.csv,WFP HDX CHIRPS v2 dekadal indicators,https://data.humdata.org/dataset/ken-rainfall-subnational
Busia,KE040,0.375707,34.265111,1982,28800.000000,43200.000000,1.500000,Annual,0,18.000000,824.519235,900.425645,-8.430059,45.806624,34.047400,0.743285,12.000000,7.000000,3.000000,1.000000,80.000000,HarvestStat Africa v1.2,https://raw.githubusercontent.com/HarvestStat/HarvestStat-Africa/main/public/hvstat_africa_data_v1.2.csv,WFP HDX CHIRPS v2 dekadal indicators,https://data.humdata.org/dataset/ken-rainfall-subnational
Elgeyo-Marakwet,KE028,0.745102,35.560856,1982,21118.000000,59400.000000,2.812766,Annual,0,18.000000,668.929299,657.566659,1.727983,37.162739,40.048305,1.077647,9.000000,5.000000,4.000000,1.000000,80.000000,HarvestStat Africa v1.2,https://raw.githubusercontent.com/HarvestStat/HarvestStat-Africa/main/public/hvstat_africa_data_v1.2.csv,WFP HDX CHIRPS v2 dekadal indicators,https://data.humdata.org/dataset/ken-rainfall-subnational
Embu,KE014,-0.532830,37.664629,1982,35890.000000,41212.871287,1.148311,Annual,0,18.000000,614.417585,525.286081,16.968183,34.134310,38.669393,1.132860,7.000000,6.000000,10.000000,6.000000,80.000000,HarvestStat Africa v1.2,https://raw.githubusercontent.com/HarvestStat/HarvestStat-Africa/main/public/hvstat_africa_data_v1.2.csv,WFP HDX CHIRPS v2 dekadal indicators,https://data.humdata.org/dataset/ken-rainfall-subnational
Garissa,KE007,-0.520490,40.355590,1982,97.500000,87.750000,0.900000,Annual,0,18.000000,304.641924,240.279175,26.786653,16.924551,18.483539,1.092114,6.000000,2.000000,9.000000,8.000000,91.000000,HarvestStat Africa v1.2,https://raw.githubusercontent.com/HarvestStat/HarvestStat-Africa/main/public/hvstat_africa_data_v1.2.csv,WFP HDX CHIRPS v2 dekadal indicators,https://data.humdata.org/dataset/ken-rainfall-subnational
Isiolo,KE011,1.006385,38.747651,1982,653.000000,647.000000,0.990812,Annual,0,18.000000,197.898795,173.962088,13.759726,10.994377,22.536886,2.049856,2.000000,1.000000,14.000000,8.000000,91.000000,HarvestStat Africa v1.2,https://raw.githubusercontent.com/HarvestStat/HarvestStat-Africa/main/public/hvstat_africa_data_v1.2.csv,WFP HDX CHIRPS v2 dekadal indicators,https://data.humdata.org/dataset/ken-rainfall-subnational
Kajiado,KE034,-2.112369,36.777606,1982,13652.000000,11340.000000,0.830648,Annual,0,18.000000,271.188200,373.466385,-27.386182,15.066011,15.900371,1.055380,6.000000,1.000000,10.000000,7.000000,80.000000,HarvestStat Africa v1.2,https://raw.githubusercontent.com/HarvestStat/HarvestStat-Africa/main/public/hvstat_africa_data_v1.2.csv,WFP HDX CHIRPS v2 dekadal indicators,https://data.humdata.org/dataset/ken-rainfall-subnational
Kakamega,KE037,0.497190,34.800929,1982,71883.658366,208445.539827,2.899763,Annual,0,18.000000,936.831588,951.356143,-1.526721,52.046199,38.784365,0.745191,12.000000,9.000000,3.000000,1.000000,80.000000,HarvestStat Africa v1.2,https://raw.githubusercontent.com/HarvestStat/HarvestStat-Africa/main/public/hvstat_africa_data_v1.2.csv,WFP HDX CHIRPS v2 dekadal indicators,https://data.humdata.org/dataset/ken-rainfall-subnational
Kericho,KE035,-0.316683,35.225997,1982,43411.290975,160621.776608,3.700000,Annual,0,18.000000,757.179099,795.027352,-4.760623,42.065505,32.406813,0.770389,14.000000,5.000000,4.000000,1.000000,80.000000,HarvestStat Africa v1.2,https://raw.githubusercontent.com/HarvestStat/HarvestStat-Africa/main/public/hvstat_africa_data_v1.2.csv,WFP HDX CHIRPS v2 dekadal indicators,https://data.humdata.org/dataset/ken-rainfall-subnational
Kiambu,KE022,-1.034385,36.843216,1982,26257.767784,67778.516924,2.581275,Annual,0,18.000000,572.285709,695.396027,-17.703627,31.793651,38.664347,1.216103,7.000000,5.000000,7.000000,4.000000,80.000000,HarvestStat Africa v1.2,https://raw.githubusercontent.com/HarvestStat/HarvestStat-Africa/main/public/hvstat_africa_data_v1.2.csv,WFP HDX CHIRPS v2 dekadal indicators,https://data.humdata.org/dataset/ken-rainfall-subnational
Kilifi,KE003,-3.152441,39.672708,1982,46019.239016,41418.707105,0.900030,Annual,0,18.000000,716.517324,488.607513,46.644762,39.806518,45.856190,1.151977,9.000000,6.000000,8.000000,8.000000,80.000000,HarvestStat Africa v1.2,https://raw.githubusercontent.com/HarvestStat/HarvestStat-Africa/main/public/hvstat_africa_data_v1.2.csv,WFP HDX CHIRPS v2 dekadal indicators,https://data.humdata.org/dataset/ken-rainfall-subnational
Kirinyaga,KE020,-0.467350,37.301902,1982,33301.101400,70048.175085,2.103479,Annual,0,18.000000,683.916668,646.759723,5.745093,37.995370,42.376999,1.115320,8.000000,6.000000,8.000000,4.000000,80.000000,HarvestStat Africa v1.2,https://raw.githubusercontent.com/HarvestStat/HarvestStat-Africa/main/public/hvstat_africa_data_v1.2.csv,WFP HDX CHIRPS v2 dekadal indicators,https://data.humdata.org/dataset/ken-rainfall-subnational
Kisumu,KE042,-0.194380,34.777329,1982,9796.000000,26449.000000,2.699980,Annual,0,18.000000,752.840580,816.425122,-7.788166,41.824477,25.363083,0.606417,14.000000,6.000000,4.000000,1.000000,80.000000,HarvestStat Africa v1.2,https://raw.githubusercontent.com/HarvestStat/HarvestStat-Africa/main/public/hvstat_africa_data_v1.2.csv,WFP HDX CHIRPS v2 dekadal indicators,https://data.humdata.org/dataset/ken-rainfall-subnational
Kitui,KE015,-1.560490,38.371810,1982,77680.000000,32517.000000,0.418602,Annual,0,18.000000,273.792374,272.434005,0.498605,15.210687,23.374638,1.536725,5.000000,1.000000,11.000000,8.000000,80.000000,HarvestStat Africa v1.2,https://raw.githubusercontent.com/HarvestStat/HarvestStat-Africa/main/public/hvstat_africa_data_v1.2.csv,WFP HDX CHIRPS v2 dekadal indicators,https://data.humdata.org/dataset/ken-rainfall-subnational
Kwale,KE002,-4.120591,39.066136,1982,8669.000000,6522.000000,0.752336,Annual,0,18.000000,746.159851,541.885007,37.697084,41.453325,56.249313,1.356931,9.000000,5.000000,8.000000,8.000000,80.000000,HarvestStat Africa v1.2,https://raw.githubusercontent.com/HarvestStat/HarvestStat-Africa/main/public/hvstat_africa_data_v1.2.csv,WFP HDX CHIRPS v2 dekadal indicators,https://data.humdata.org/dataset/ken-rainfall-subnational
Laikipia,KE031,0.289134,36.825248,1982,12500.000000,34560.000000,2.764800,Annual,0,18.000000,299.566226,361.774838,-17.195395,16.642568,15.595463,0.937083,5.000000,1.000000,9.000000,6.000000,101.000000,HarvestStat Africa v1.2,https://raw.githubusercontent.com/HarvestStat/HarvestStat-Africa/main/public/hvstat_africa_data_v1.2.csv,WFP HDX CHIRPS v2 dekadal indicators,https://data.humdata.org/dataset/ken-rainfall-subnational
Lamu,KE005,-2.063679,40.545830,1982,3231.183909,3926.243194,1.215110,Annual,0,18.000000,714.960594,534.602138,33.736950,39.720033,53.095014,1.336731,9.000000,5.000000,8.000000,8.000000,80.000000,HarvestStat Africa v1.2,https://raw.githubusercontent.com/HarvestStat/HarvestStat-Africa/main/public/hvstat_africa_data_v1.2.csv,WFP HDX CHIRPS v2 dekadal indicators,https://data.humdata.org/dataset/ken-rainfall-subnational
Machakos,KE016,-1.276237,37.394595,1982,63959.442215,57563.545199,0.900001,Annual,0,18.000000,360.231527,412.340392,-12.637342,20.012863,23.924200,1.195441,6.000000,2.000000,10.000000,6.000000,80.000000,HarvestStat Africa v1.2,https://raw.githubusercontent.com/HarvestStat/HarvestStat-Africa/main/public/hvstat_africa_data_v1.2.csv,WFP HDX CHIRPS v2 dekadal indicators,https://data.humdata.org/dataset/ken-rainfall-subnational
Makueni,KE017,-2.253637,37.876663,1982,71531.557785,64378.454801,0.900001,Annual,0,18.000000,288.517508,334.183265,-13.664884,16.028750,19.525558,1.218158,5.000000,1.000000,10.000000,7.000000,80.000000,HarvestStat Africa v1.2,https://raw.githubusercontent.com/HarvestStat/HarvestStat-Africa/main/public/hvstat_africa_data_v1.2.csv,WFP HDX CHIRPS v2 dekadal indicators,https://data.humdata.org/dataset/ken-rainfall-subnational
Mandera,KE009,3.230964,40.711346,1982,425.300000,189.250000,0.444980,Annual,0,18.000000,209.053444,189.924349,10.071955,11.614080,14.881097,1.281298,5.000000,0.000000,12.000000,9.000000,91.000000,HarvestStat Africa v1.2,https://raw.githubusercontent.com/HarvestStat/HarvestStat-Africa/main/public/hvstat_africa_data_v1.2.csv,WFP HDX CHIRPS v2 dekadal indicators,https://data.humdata.org/dataset/ken-rainfall-subnational
Marsabit,KE010,2.860480,37.714884,1982,2800.000000,2520.000000,0.900000,Annual,0,18.000000,231.289057,184.486778,25.368907,12.849392,17.559247,1.366543,3.000000,1.000000,12.000000,8.000000,91.000000,HarvestStat Africa v1.2,https://raw.githubusercontent.com/HarvestStat/HarvestStat-Africa/main/public/hvstat_africa_data_v1.2.csv,WFP HDX CHIRPS v2 dekadal indicators,https://data.humdata.org/dataset/ken-rainfall-subnational
Meru,KE012,0.229055,37.776111,1982,75366.204511,70467.401218,0.935000,Annual,0,18.000000,582.599127,524.441410,11.089459,32.366618,39.365246,1.216230,7.000000,4.000000,9.000000,4.000000,80.000000,HarvestStat Africa v1.2,https://raw.githubusercontent.com/HarvestStat/HarvestStat-Africa/main/public/hvstat_africa_data_v1.2.csv,WFP HDX CHIRPS v2 dekadal indicators,https://data.humdata.org/dataset/ken-rainfall-subnational
Mombasa,KE001,-3.990448,39.701130,1982,1644.425697,953.000000,0.579534,Annual,0,18.000000,1224.200000,734.479994,66.675745,68.011111,105.858642,1.556490,9.000000,7.000000,8.000000,8.000000,80.000000,HarvestStat Africa v1.2,https://raw.githubusercontent.com/HarvestStat/HarvestStat-Africa/main/public/hvstat_africa_data_v1.2.csv,WFP HDX CHIRPS v2 dekadal indicators,https://data.humdata.org/dataset/ken-rainfall-subnational
Murang'a,KE021,-0.828519,37.004173,1982,43762.946307,49339.993851,1.127438,Annual,0,18.000000,591.075637,695.837541,-15.055512,32.837535,39.315575,1.197275,7.000000,5.000000,9.000000,6.000000,80.000000,HarvestStat Africa v1.2,https://raw.githubusercontent.com/HarvestStat/HarvestStat-Africa/main/public/hvstat_africa_data_v1.2.csv,WFP HDX CHIRPS v2 dekadal indicators,https://data.humdata.org/dataset/ken-rainfall-subnational
Nakuru,KE032,-0.458448,36.100384,1982,44480.000000,158445.000000,3.562163,Annual,0,18.000000,456.315119,535.090196,-14.721832,25.350840,26.866556,1.059790,7.000000,3.000000,7.000000,4.000000,101.000000,HarvestStat Africa v1.2,https://raw.githubusercontent.com/HarvestStat/HarvestStat-Africa/main/public/hvstat_africa_data_v1.2.csv,WFP HDX CHIRPS v2 dekadal indicators,https://data.humdata.org/dataset/ken-rainfall-subnational
Nandi,KE029,0.227352,35.123876,1982,59496.000000,175500.000000,2.949778,Annual,0,18.000000,837.065931,819.099630,2.193421,46.503663,34.257054,0.736653,13.000000,6.000000,4.000000,1.000000,80.000000,HarvestStat Africa v1.2,https://raw.githubusercontent.com/HarvestStat/HarvestStat-Africa/main/public/hvstat_africa_data_v1.2.csv,WFP HDX CHIRPS v2 dekadal indicators,https://data.humdata.org/dataset/ken-rainfall-subnational
Narok,KE033,-1.279878,35.476358,1982,12769.000000,41067.000000,3.216148,Annual,0,18.000000,477.967409,591.197598,-19.152681,26.553745,20.780969,0.782600,12.000000,2.000000,4.000000,1.000000,80.000000,HarvestStat Africa v1.2,https://raw.githubusercontent.com/HarvestStat/HarvestStat-Africa/main/public/hvstat_africa_data_v1.2.csv,WFP HDX CHIRPS v2 dekadal indicators,https://data.humdata.org/dataset/ken-rainfall-subnational
Nyandarua,KE018,-0.389093,36.497431,1982,17495.175564,50805.070297,2.903947,Annual,0,18.000000,512.759270,598.538580,-14.331459,28.486626,30.527626,1.071648,9.000000,4.000000,6.000000,3.000000,101.000000,HarvestStat Africa v1.2,https://raw.githubusercontent.com/HarvestStat/HarvestStat-Africa/main/public/hvstat_africa_data_v1.2.csv,WFP HDX CHIRPS v2 dekadal indicators,https://data.humdata.org/dataset/ken-rainfall-subnational
Nyeri,KE019,-0.314375,36.930473,1982,18152.870128,41838.249154,2.304773,Annual,0,18.000000,659.363635,644.133946,2.364367,36.631313,39.849687,1.087859,9.000000,5.000000,5.000000,2.000000,80.000000,HarvestStat Africa v1.2,https://raw.githubusercontent.com/HarvestStat/HarvestStat-Africa/main/public/hvstat_africa_data_v1.2.csv,WFP HDX CHIRPS v2 dekadal indicators,https://data.humdata.org/dataset/ken-rainfall-subnational
Samburu,KE025,1.541373,36.941540,1982,1288.000000,1391.000000,1.079969,Annual,0,18.000000,238.245256,270.988171,-12.082784,13.235848,16.298989,1.231428,3.000000,1.000000,12.000000,8.000000,91.000000,HarvestStat Africa v1.2,https://raw.githubusercontent.com/HarvestStat/HarvestStat-Africa/main/public/hvstat_africa_data_v1.2.csv,WFP HDX CHIRPS v2 dekadal indicators,https://data.humdata.org/dataset/ken-rainfall-subnational
Siaya,KE041,-0.057674,34.199887,1982,42222.000000,82100.000000,1.944484,Annual,0,18.000000,729.387503,811.195420,-10.084859,40.521528,27.787283,0.685741,12.000000,6.000000,4.000000,1.000000,80.000000,HarvestStat Africa v1.2,https://raw.githubusercontent.com/HarvestStat/HarvestStat-Africa/main/public/hvstat_africa_data_v1.2.csv,WFP HDX CHIRPS v2 dekadal indicators,https://data.humdata.org/dataset/ken-rainfall-subnational
Taita Taveta,KE006,-3.405203,38.371760,1982,3870.000000,6966.696670,1.800180,Annual,0,18.000000,260.140823,310.607723,-16.247793,14.452268,13.145983,0.909614,5.000000,0.000000,10.000000,7.000000,80.000000,HarvestStat Africa v1.2,https://raw.githubusercontent.com/HarvestStat/HarvestStat-Africa/main/public/hvstat_africa_data_v1.2.csv,WFP HDX CHIRPS v2 dekadal indicators,https://data.humdata.org/dataset/ken-rainfall-subnational
Tana River,KE004,-1.534918,39.550288,1982,2649.352512,1925.200000,0.726668,Annual,0,18.000000,211.335222,192.080568,10.024259,11.740846,13.020815,1.109018,4.000000,1.000000,10.000000,8.000000,91.000000,HarvestStat Africa v1.2,https://raw.githubusercontent.com/HarvestStat/HarvestStat-Africa/main/public/hvstat_africa_data_v1.2.csv,WFP HDX CHIRPS v2 dekadal indicators,https://data.humdata.org/dataset/ken-rainfall-subnational
Tharaka-Nithi,KE013,-0.191445,37.960417,1982,24633.795489,23032.598782,0.935000,Annual,0,18.000000,648.249994,547.091662,18.490198,36.013889,44.271850,1.229299,7.000000,6.000000,9.000000,4.000000,80.000000,HarvestStat Africa v1.2,https://raw.githubusercontent.com/HarvestStat/HarvestStat-Africa/main/public/hvstat_africa_data_v1.2.csv,WFP HDX CHIRPS v2 dekadal indicators,https://data.humdata.org/dataset/ken-rainfall-subnational
Trans Nzoia,KE026,1.045915,34.980778,1982,48441.000000,145323.000000,3.000000,Annual,0,18.000000,639.113933,634.237966,0.768791,35.506330,32.612064,0.918486,10.000000,5.000000,5.000000,3.000000,80.000000,HarvestStat Africa v1.2,https://raw.githubusercontent.com/HarvestStat/HarvestStat-Africa/main/public/hvstat_africa_data_v1.2.csv,WFP HDX CHIRPS v2 dekadal indicators,https://data.humdata.org/dataset/ken-rainfall-subnational
Turkana,KE023,3.162488,35.313492,1982,650.000000,585.000000,0.900000,Annual,0,18.000000,174.328737,172.177661,1.249335,9.684930,9.132035,0.942912,2.000000,0.000000,12.000000,8.000000,101.000000,HarvestStat Africa v1.2,https://raw.githubusercontent.com/HarvestStat/HarvestStat-Africa/main/public/hvstat_africa_data_v1.2.csv,WFP HDX CHIRPS v2 dekadal indicators,https://data.humdata.org/dataset/ken-rainfall-subnational
Uasin Gishu,KE027,0.478188,35.303799,1982,47144.000000,181913.000000,3.858667,Annual,0,18.000000,605.153151,606.721928,-0.258566,33.619619,31.564561,0.938873,10.000000,4.000000,4.000000,1.000000,80.000000,HarvestStat Africa v1.2,https://raw.githubusercontent.com/HarvestStat/HarvestStat-Africa/main/public/hvstat_africa_data_v1.2.csv,WFP HDX CHIRPS v2 dekadal indicators,https://data.humdata.org/dataset/ken-rainfall-subnational
Vihiga,KE038,0.084857,34.707784,1982,12341.341634,35786.960173,2.899763,Annual,0,18.000000,951.210513,1006.033351,-5.449406,52.845029,35.110432,0.664404,14.000000,9.000000,3.000000,1.000000,80.000000,HarvestStat Africa v1.2,https://raw.githubusercontent.com/HarvestStat/HarvestStat-Africa/main/public/hvstat_africa_data_v1.2.csv,WFP HDX CHIRPS v2 dekadal indicators,https://data.humdata.org/dataset/ken-rainfall-subnational
Wajir,KE008,1.939715,40.024507,1982,648.000000,465.500000,0.718364,Annual,0,18.000000,181.521365,193.539230,-6.209524,10.084520,13.693423,1.357866,3.000000,0.000000,12.000000,9.000000,91.000000,HarvestStat Africa v1.2,https://raw.githubusercontent.com/HarvestStat/HarvestStat-Africa/main/public/hvstat_africa_data_v1.2.csv,WFP HDX CHIRPS v2 dekadal indicators,https://data.humdata.org/dataset/ken-rainfall-subnational
West Pokot,KE024,1.893374,35.212768,1982,13200.000000,51300.000000,3.886364,Annual,0,18.000000,437.204078,443.095810,-1.329675,24.289115,24.051931,0.990235,6.000000,3.000000,7.000000,4.000000,80.000000,HarvestStat Africa v1.2,https://raw.githubusercontent.com/HarvestStat/HarvestStat-Africa/main/public/hvstat_africa_data_v1.2.csv,WFP HDX CHIRPS v2 dekadal indicators,https://data.humdata.org/dataset/ken-rainfall-subnational
Baringo,KE030,0.726352,36.018591,1983,4500.000000,14175.000000,3.150000,Annual,0,18.000000,344.552701,465.744538,-26.021097,19.141817,16.683054,0.871550,6.000000,1.000000,7.000000,4.000000,111.000000,HarvestStat Africa v1.2,https://raw.githubusercontent.com/HarvestStat/HarvestStat-Africa/main/public/hvstat_africa_data_v1.2.csv,WFP HDX CHIRPS v2 dekadal indicators,https://data.humdata.org/dataset/ken-rainfall-subnational
Bomet,KE036,-0.716095,35.238459,1983,28588.709025,72079.282629,2.521250,Annual,0,18.000000,685.010521,842.724213,-18.714746,38.056140,24.186813,0.635556,13.000000,5.000000,2.000000,2.000000,70.000000,HarvestStat Africa v1.2,https://raw.githubusercontent.com/HarvestStat/HarvestStat-Africa/main/public/hvstat_africa_data_v1.2.csv,WFP HDX CHIRPS v2 dekadal indicators,https://data.humdata.org/dataset/ken-rainfall-subnational
Bungoma,KE039,0.785694,34.718757,1983,78000.000000,143654.365437,1.841723,Annual,0,18.000000,741.220003,854.742337,-13.281469,41.178889,30.580121,0.742616,13.000000,5.000000,4.000000,2.000000,70.000000,HarvestStat Africa v1.2,https://raw.githubusercontent.com/HarvestStat/HarvestStat-Africa/main/public/hvstat_africa_data_v1.2.csv,WFP HDX CHIRPS v2 dekadal indicators,https://data.humdata.org/dataset/ken-rainfall-subnational
Busia,KE040,0.375707,34.265111,1983,31000.000000,54130.000000,1.746129,Annual,0,18.000000,750.057694,900.425645,-16.699652,41.669872,31.400872,0.753563,13.000000,6.000000,4.000000,2.000000,70.000000,HarvestStat Africa v1.2,https://raw.githubusercontent.com/HarvestStat/HarvestStat-Africa/main/public/hvstat_africa_data_v1.2.csv,WFP HDX CHIRPS v2 dekadal indicators,https://data.humdata.org/dataset/ken-rainfall-subnational
Elgeyo-Marakwet,KE028,0.745102,35.560856,1983,23005.000000,14300.100000,0.621608,Annual,0,18.000000,527.484855,657.566659,-19.782299,29.304714,24.479724,0.835351,10.000000,3.000000,6.000000,4.000000,91.000000,HarvestStat Africa v1.2,https://raw.githubusercontent.com/HarvestStat/HarvestStat-Africa/main/public/hvstat_africa_data_v1.2.csv,WFP HDX CHIRPS v2 dekadal indicators,https://data.humdata.org/dataset/ken-rainfall-subnational
Embu,KE014,-0.532830,37.664629,1983,56000.000000,27100.000000,0.483929,Annual,0,18.000000,566.571426,525.286081,7.859592,31.476190,64.273518,2.041973,6.000000,1.000000,10.000000,4.000000,91.000000,HarvestStat Africa v1.2,https://raw.githubusercontent.com/HarvestStat/HarvestStat-Africa/main/public/hvstat_africa_data_v1.2.csv,WFP HDX CHIRPS v2 dekadal indicators,https://data.humdata.org/dataset/ken-rainfall-subnational
Garissa,KE007,-0.520490,40.355590,1983,200.000000,360.000000,1.800000,Annual,0,18.000000,216.243301,240.279175,-10.003311,12.013517,13.113401,1.091554,4.000000,0.000000,10.000000,9.000000,111.000000,HarvestStat Africa v1.2,https://raw.githubusercontent.com/HarvestStat/HarvestStat-Africa/main/public/hvstat_africa_data_v1.2.csv,WFP HDX CHIRPS v2 dekadal indicators,https://data.humdata.org/dataset/ken-rainfall-subnational
Isiolo,KE011,1.006385,38.747651,1983,413.000000,590.000000,1.428571,Annual,0,18.000000,104.200000,173.962088,-40.101891,5.788889,12.136411,2.096501,1.000000,1.000000,17.000000,11.000000,182.000000,HarvestStat Africa v1.2,https://raw.githubusercontent.com/HarvestStat/HarvestStat-Africa/main/public/hvstat_africa_data_v1.2.csv,WFP HDX CHIRPS v2 dekadal indicators,https://data.humdata.org/dataset/ken-rainfall-subnational
Kajiado,KE034,-2.112369,36.777606,1983,3299.000000,4454.000000,1.350106,Annual,0,18.000000,254.471907,373.466385,-31.862166,14.137328,19.438656,1.374988,2.000000,2.000000,12.000000,6.000000,182.000000,HarvestStat Africa v1.2,https://raw.githubusercontent.com/HarvestStat/HarvestStat-Africa/main/public/hvstat_africa_data_v1.2.csv,WFP HDX CHIRPS v2 dekadal indicators,https://data.humdata.org/dataset/ken-rainfall-subnational
Kakamega,KE037,0.497190,34.800929,1983,87054.118770,217635.296924,2.500000,Annual,0,18.000000,823.178946,951.356143,-13.473103,45.732164,33.566094,0.733971,14.000000,6.000000,4.000000,2.000000,70.000000,HarvestStat Africa v1.2,https://raw.githubusercontent.com/HarvestStat/HarvestStat-Africa/main/public/hvstat_africa_data_v1.2.csv,WFP HDX CHIRPS v2 dekadal indicators,https://data.humdata.org/dataset/ken-rainfall-subnational
Kericho,KE035,-0.316683,35.225997,1983,43411.290975,109450.717371,2.521250,Annual,0,18.000000,647.701495,795.027352,-18.530917,35.983416,25.688864,0.713908,12.000000,4.000000,3.000000,2.000000,70.000000,HarvestStat Africa v1.2,https://raw.githubusercontent.com/HarvestStat/HarvestStat-Africa/main/public/hvstat_africa_data_v1.2.csv,WFP HDX CHIRPS v2 dekadal indicators,https://data.humdata.org/dataset/ken-rainfall-subnational
Kiambu,KE022,-1.034385,36.843216,1983,19813.000000,45579.000000,2.300459,Annual,0,18.000000,575.690474,695.396027,-17.214012,31.982804,41.194984,1.288035,8.000000,2.000000,7.000000,4.000000,80.000000,HarvestStat Africa v1.2,https://raw.githubusercontent.com/HarvestStat/HarvestStat-Africa/main/public/hvstat_africa_data_v1.2.csv,WFP HDX CHIRPS v2 dekadal indicators,https://data.humdata.org/dataset/ken-rainfall-subnational
Kilifi,KE003,-3.152441,39.672708,1983,32478.000000,33355.000000,1.027003,Annual,0,18.000000,458.824257,488.607513,-6.095538,25.490236,27.857143,1.092855,8.000000,3.000000,8.000000,8.000000,111.000000,HarvestStat Africa v1.2,https://raw.githubusercontent.com/HarvestStat/HarvestStat-Africa/main/public/hvstat_africa_data_v1.2.csv,WFP HDX CHIRPS v2 dekadal indicators,https://data.humdata.org/dataset/ken-rainfall-subnational
Kirinyaga,KE020,-0.467350,37.301902,1983,32046.000000,32278.000000,1.007240,Annual,0,18.000000,702.354165,646.759723,8.595842,39.019676,60.405843,1.548087,7.000000,5.000000,7.000000,4.000000,91.000000,HarvestStat Africa v1.2,https://raw.githubusercontent.com/HarvestStat/HarvestStat-Africa/main/public/hvstat_africa_data_v1.2.csv,WFP HDX CHIRPS v2 dekadal indicators,https://data.humdata.org/dataset/ken-rainfall-subnational
Kisii,KE045,-0.736677,34.753510,1983,37942.270110,107674.009772,2.837838,Annual,0,18.000000,848.024998,925.845013,-8.405296,47.112500,26.430051,0.560999,15.000000,7.000000,1.000000,1.000000,70.000000,HarvestStat Africa v1.2,https://raw.githubusercontent.com/HarvestStat/HarvestStat-Africa/main/public/hvstat_africa_data_v1.2.csv,WFP HDX CHIRPS v2 dekadal indicators,https://data.humdata.org/dataset/ken-rainfall-subnational
Kisumu,KE042,-0.194380,34.777329,1983,13772.000000,22310.000000,1.619954,Annual,0,18.000000,659.434780,816.425122,-19.228994,36.635266,24.503019,0.668837,13.000000,4.000000,2.000000,1.000000,70.000000,HarvestStat Africa v1.2,https://raw.githubusercontent.com/HarvestStat/HarvestStat-Africa/main/public/hvstat_africa_data_v1.2.csv,WFP HDX CHIRPS v2 dekadal indicators,https://data.humdata.org/dataset/ken-rainfall-subnational
Kitui,KE015,-1.560490,38.371810,1983,45690.000000,26728.000000,0.584986,Annual,0,18.000000,140.195589,272.434005,-48.539614,7.788644,13.233510,1.699078,1.000000,1.000000,15.000000,6.000000,182.000000,HarvestStat Africa v1.2,https://raw.githubusercontent.com/HarvestStat/HarvestStat-Africa/main/public/hvstat_africa_data_v1.2.csv,WFP HDX CHIRPS v2 dekadal indicators,https://data.humdata.org/dataset/ken-rainfall-subnational
Kwale,KE002,-4.120591,39.066136,1983,14143.000000,9442.000000,0.667609,Annual,0,18.000000,453.278814,541.885007,-16.351475,25.182156,23.059718,0.915717,10.000000,4.000000,7.000000,7.000000,91.000000,HarvestStat Africa v1.2,https://raw.githubusercontent.com/HarvestStat/HarvestStat-Africa/main/public/hvstat_africa_data_v1.2.csv,WFP HDX CHIRPS v2 dekadal indicators,https://data.humdata.org/dataset/ken-rainfall-subnational
Laikipia,KE031,0.289134,36.825248,1983,5835.000000,7002.000000,1.200000,Annual,0,18.000000,270.725167,361.774838,-25.167497,15.040287,14.514892,0.965067,4.000000,1.000000,9.000000,5.000000,111.000000,HarvestStat Africa v1.2,https://raw.githubusercontent.com/HarvestStat/HarvestStat-Africa/main/public/hvstat_africa_data_v1.2.csv,WFP HDX CHIRPS v2 dekadal indicators,https://data.humdata.org/dataset/ken-rainfall-subnational
Lamu,KE005,-2.063679,40.545830,1983,3885.578508,4721.404477,1.215110,Annual,0,18.000000,812.054181,534.602138,51.898790,45.114121,64.045292,1.419628,8.000000,6.000000,9.000000,9.000000,111.000000,HarvestStat Africa v1.2,https://raw.githubusercontent.com/HarvestStat/HarvestStat-Africa/main/public/hvstat_africa_data_v1.2.csv,WFP HDX CHIRPS v2 dekadal indicators,https://data.humdata.org/dataset/ken-rainfall-subnational
Machakos,KE016,-1.276237,37.394595,1983,50038.016361,18117.538377,0.362075,Annual,0,18.000000,327.985222,412.340392,-20.457654,18.221401,27.794170,1.525359,4.000000,2.000000,11.000000,4.000000,80.000000,HarvestStat Africa v1.2,https://raw.githubusercontent.com/HarvestStat/HarvestStat-Africa/main/public/hvstat_africa_data_v1.2.csv,WFP HDX CHIRPS v2 dekadal indicators,https://data.humdata.org/dataset/ken-rainfall-subnational
Makueni,KE017,-2.253637,37.876663,1983,55961.983639,20262.461623,0.362075,Annual,0,18.000000,203.556417,334.183265,-39.088387,11.308690,15.224028,1.346224,3.000000,1.000000,14.000000,6.000000,182.000000,HarvestStat Africa v1.2,https://raw.githubusercontent.com/HarvestStat/HarvestStat-Africa/main/public/hvstat_africa_data_v1.2.csv,WFP HDX CHIRPS v2 dekadal indicators,https://data.humdata.org/dataset/ken-rainfall-subnational
Mandera,KE009,3.230964,40.711346,1983,645.000000,978.500000,1.517054,Annual,0,18.000000,135.654394,189.924349,-28.574511,7.536355,10.096916,1.339761,4.000000,0.000000,14.000000,10.000000,101.000000,HarvestStat Africa v1.2,https://raw.githubusercontent.com/HarvestStat/HarvestStat-Africa/main/public/hvstat_africa_data_v1.2.csv,WFP HDX CHIRPS v2 dekadal indicators,https://data.humdata.org/dataset/ken-rainfall-subnational
Marsabit,KE010,2.860480,37.714884,1983,5468.000000,5468.000000,1.000000,Annual,0,18.000000,134.370658,184.486778,-27.165155,7.465037,12.151352,1.627769,1.000000,1.000000,15.000000,6.000000,182.000000,HarvestStat Africa v1.2,https://raw.githubusercontent.com/HarvestStat/HarvestStat-Africa/main/public/hvstat_africa_data_v1.2.csv,WFP HDX CHIRPS v2 dekadal indicators,https://data.humdata.org/dataset/ken-rainfall-subnational
Meru,KE012,0.229055,37.776111,1983,36121.514498,35655.751354,0.987106,Annual,0,18.000000,428.268718,524.441410,-18.338119,23.792707,35.213461,1.480011,5.000000,2.000000,11.000000,4.000000,101.000000,HarvestStat Africa v1.2,https://raw.githubusercontent.com/HarvestStat/HarvestStat-Africa/main/public/hvstat_africa_data_v1.2.csv,WFP HDX CHIRPS v2 dekadal indicators,https://data.humdata.org/dataset/ken-rainfall-subnational
Mombasa,KE001,-3.990448,39.701130,1983,2682.674477,806.000000,0.300446,Annual,0,18.000000,691.800000,734.479994,-5.810913,38.433333,45.055312,1.172298,9.000000,5.000000,8.000000,8.000000,80.000000,HarvestStat Africa v1.2,https://raw.githubusercontent.com/HarvestStat/HarvestStat-Africa/main/public/hvstat_africa_data_v1.2.csv,WFP HDX CHIRPS v2 dekadal indicators,https://data.humdata.org/dataset/ken-rainfall-subnational
Murang'a,KE021,-0.828519,37.004173,1983,38022.000000,42143.000000,1.108385,Annual,0,18.000000,612.974796,695.837541,-11.908346,34.054155,47.254979,1.387642,7.000000,3.000000,7.000000,4.000000,80.000000,HarvestStat Africa v1.2,https://raw.githubusercontent.com/HarvestStat/HarvestStat-Africa/main/public/hvstat_africa_data_v1.2.csv,WFP HDX CHIRPS v2 dekadal indicators,https://data.humdata.org/dataset/ken-rainfall-subnational
Nakuru,KE032,-0.458448,36.100384,1983,48085.000000,120212.000000,2.499990,Annual,0,18.000000,423.361347,535.090196,-20.880377,23.520075,21.174892,0.900290,10.000000,1.000000,7.000000,4.000000,101.000000,HarvestStat Africa v1.2,https://raw.githubusercontent.com/HarvestStat/HarvestStat-Africa/main/public/hvstat_africa_data_v1.2.csv,WFP HDX CHIRPS v2 dekadal indicators,https://data.humdata.org/dataset/ken-rainfall-subnational
Nandi,KE029,0.227352,35.123876,1983,60500.000000,136125.000000,2.250000,Annual,0,18.000000,693.000004,819.099630,-15.394907,38.500000,27.364756,0.710773,13.000000,5.000000,4.000000,2.000000,70.000000,HarvestStat Africa v1.2,https://raw.githubusercontent.com/HarvestStat/HarvestStat-Africa/main/public/hvstat_africa_data_v1.2.csv,WFP HDX CHIRPS v2 dekadal indicators,https://data.humdata.org/dataset/ken-rainfall-subnational
Narok,KE033,-1.279878,35.476358,1983,10986.000000,13500.000000,1.228837,Annual,0,18.000000,463.010301,591.197598,-21.682648,25.722794,19.727599,0.766931,9.000000,2.000000,2.000000,2.000000,70.000000,HarvestStat Africa v1.2,https://raw.githubusercontent.com/HarvestStat/HarvestStat-Africa/main/public/hvstat_africa_data_v1.2.csv,WFP HDX CHIRPS v2 dekadal indicators,https://data.humdata.org/dataset/ken-rainfall-subnational
Nyamira,KE046,-0.649378,34.933398,1983,19777.729890,56125.990228,2.837838,Annual,0,18.000000,803.689649,912.716100,-11.945275,44.649425,26.342288,0.589980,15.000000,7.000000,1.000000,1.000000,70.000000,HarvestStat Africa v1.2,https://raw.githubusercontent.com/HarvestStat/HarvestStat-Africa/main/public/hvstat_africa_data_v1.2.csv,WFP HDX CHIRPS v2 dekadal indicators,https://data.humdata.org/dataset/ken-rainfall-subnational
Nyandarua,KE018,-0.389093,36.497431,1983,18817.000000,16935.000000,0.899984,Annual,0,18.000000,484.685181,598.538580,-19.021898,26.926954,21.976739,0.816161,9.000000,2.000000,7.000000,4.000000,101.000000,HarvestStat Africa v1.2,https://raw.githubusercontent.com/HarvestStat/HarvestStat-Africa/main/public/hvstat_africa_data_v1.2.csv,WFP HDX CHIRPS v2 dekadal indicators,https://data.humdata.org/dataset/ken-rainfall-subnational
Nyeri,KE019,-0.314375,36.930473,1983,10130.000000,23056.000000,2.276012,Annual,0,18.000000,622.272725,644.133946,-3.393894,34.570707,39.055638,1.129732,7.000000,6.000000,7.000000,4.000000,101.000000,HarvestStat Africa v1.2,https://raw.githubusercontent.com/HarvestStat/HarvestStat-Africa/main/public/hvstat_africa_data_v1.2.csv,WFP HDX CHIRPS v2 dekadal indicators,https://data.humdata.org/dataset/ken-rainfall-subnational
Siaya,KE041,-0.057674,34.199887,1983,36124.000000,65023.000000,1.799994,Annual,0,18.000000,638.087502,811.195420,-21.339854,35.449306,28.771118,0.811613,12.000000,4.000000,4.000000,2.000000,70.000000,HarvestStat Africa v1.2,https://raw.githubusercontent.com/HarvestStat/HarvestStat-Africa/main/public/hvstat_africa_data_v1.2.csv,WFP HDX CHIRPS v2 dekadal indicators,https://data.humdata.org/dataset/ken-rainfall-subnational
Taita Taveta,KE006,-3.405203,38.371760,1983,3511.000000,7876.597660,2.243406,Annual,0,18.000000,217.520497,310.607723,-29.969386,12.084472,10.102712,0.836008,4.000000,0.000000,9.000000,4.000000,70.000000,HarvestStat Africa v1.2,https://raw.githubusercontent.com/HarvestStat/HarvestStat-Africa/main/public/hvstat_africa_data_v1.2.csv,WFP HDX CHIRPS v2 dekadal indicators,https://data.humdata.org/dataset/ken-rainfall-subnational
Tana River,KE004,-1.534918,39.550288,1983,4322.086658,2366.000000,0.547421,Annual,0,18.000000,143.421861,192.080568,-25.332446,7.967881,6.800101,0.853439,1.000000,0.000000,14.000000,10.000000,182.000000,HarvestStat Africa v1.2,https://raw.githubusercontent.com/HarvestStat/HarvestStat-Africa/main/public/hvstat_africa_data_v1.2.csv,WFP HDX CHIRPS v2 dekadal indicators,https://data.humdata.org/dataset/ken-rainfall-subnational
Tharaka-Nithi,KE013,-0.191445,37.960417,1983,11806.485502,11654.248646,0.987106,Annual,0,18.000000,513.809527,547.091662,-6.083466,28.544974,54.218662,1.899412,6.000000,2.000000,11.000000,4.000000,101.000000,HarvestStat Africa v1.2,https://raw.githubusercontent.com/HarvestStat/HarvestStat-Africa/main/public/hvstat_africa_data_v1.2.csv,WFP HDX CHIRPS v2 dekadal indicators,https://data.humdata.org/dataset/ken-rainfall-subnational
Trans Nzoia,KE026,1.045915,34.980778,1983,49502.000000,133655.400000,2.700000,Annual,0,18.000000,589.278479,634.237966,-7.088741,32.737693,28.912820,0.883166,11.000000,4.000000,4.000000,2.000000,91.000000,HarvestStat Africa v1.2,https://raw.githubusercontent.com/HarvestStat/HarvestStat-Africa/main/public/hvstat_africa_data_v1.2.csv,WFP HDX CHIRPS v2 dekadal indicators,https://data.humdata.org/dataset/ken-rainfall-subnational
Uasin Gishu,KE027,0.478188,35.303799,1983,39600.000000,35640.000000,0.900000,Annual,0,18.000000,488.855857,606.721928,-19.426704,27.158659,22.215950,0.818006,10.000000,3.000000,6.000000,4.000000,91.000000,HarvestStat Africa v1.2,https://raw.githubusercontent.com/HarvestStat/HarvestStat-Africa/main/public/hvstat_africa_data_v1.2.csv,WFP HDX CHIRPS v2 dekadal indicators,https://data.humdata.org/dataset/ken-rainfall-subnational
Vihiga,KE038,0.084857,34.707784,1983,14945.881230,37364.703076,2.500000,Annual,0,18.000000,844.263142,1006.033351,-16.080005,46.903508,33.160359,0.706991,14.000000,6.000000,3.000000,2.000000,70.000000,HarvestStat Africa v1.2,https://raw.githubusercontent.com/HarvestStat/HarvestStat-Africa/main/public/hvstat_africa_data_v1.2.csv,WFP HDX CHIRPS v2 dekadal indicators,https://data.humdata.org/dataset/ken-rainfall-subnational
Wajir,KE008,1.939715,40.024507,1983,325.000000,292.500000,0.900000,Annual,0,18.000000,113.983773,193.539230,-41.105598,6.332432,10.464341,1.652500,1.000000,0.000000,14.000000,10.000000,111.000000,HarvestStat Africa v1.2,https://raw.githubusercontent.com/HarvestStat/HarvestStat-Africa/main/public/hvstat_africa_data_v1.2.csv,WFP HDX CHIRPS v2 dekadal indicators,https://data.humdata.org/dataset/ken-rainfall-subnational
West Pokot,KE024,1.893374,35.212768,1983,13000.000000,29250.000000,2.250000,Annual,0,18.000000,338.003405,443.095810,-23.717761,18.777967,15.026855,0.800239,6.000000,1.000000,6.000000,4.000000,91.000000,HarvestStat Africa v1.2,https://raw.githubusercontent.com/HarvestStat/HarvestStat-Africa/main/public/hvstat_africa_data_v1.2.csv,WFP HDX CHIRPS v2 dekadal indicators,https://data.humdata.org/dataset/ken-rainfall-subnational
Baringo,KE030,0.726352,36.018591,1984,11406.000000,20531.000000,1.800018,Annual,0,18.000000,145.592592,465.744538,-68.739818,8.088477,6.130098,0.757880,1.000000,0.000000,13.000000,9.000000,182.000000,HarvestStat Africa v1.2,https://raw.githubusercontent.com/HarvestStat/HarvestStat-Africa/main/public/hvstat_africa_data_v1.2.csv,WFP HDX CHIRPS v2 dekadal indicators,https://data.humdata.org/dataset/ken-rainfall-subnational
Bomet,KE036,-0.716095,35.238459,1984,29382.839831,79333.667544,2.700000,Annual,0,18.000000,511.810526,842.724213,-39.267139,28.433918,19.841801,0.697822,9.000000,3.000000,1.000000,1.000000,92.000000,HarvestStat Africa v1.2,https://raw.githubusercontent.com/HarvestStat/HarvestStat-Africa/main/public/hvstat_africa_data_v1.2.csv,WFP HDX CHIRPS v2 dekadal indicators,https://data.humdata.org/dataset/ken-rainfall-subnational
Bungoma,KE039,0.785694,34.718757,1984,84690.000000,228685.868587,2.700270,Annual,0,18.000000,568.909996,854.742337,-33.440761,31.606111,26.993498,0.854059,10.000000,4.000000,6.000000,3.000000,92.000000,HarvestStat Africa v1.2,https://raw.githubusercontent.com/HarvestStat/HarvestStat-Africa/main/public/hvstat_africa_data_v1.2.csv,WFP HDX CHIRPS v2 dekadal indicators,https://data.humdata.org/dataset/ken-rainfall-subnational
Busia,KE040,0.375707,34.265111,1984,33100.000000,66200.000000,2.000000,Annual,0,18.000000,646.634612,900.425645,-28.185674,35.924145,27.752054,0.772518,12.000000,5.000000,4.000000,1.000000,71.000000,HarvestStat Africa v1.2,https://raw.githubusercontent.com/HarvestStat/HarvestStat-Africa/main/public/hvstat_africa_data_v1.2.csv,WFP HDX CHIRPS v2 dekadal indicators,https://data.humdata.org/dataset/ken-rainfall-subnational
Elgeyo-Marakwet,KE028,0.745102,35.560856,1984,18557.000000,50103.900000,2.700000,Annual,0,18.000000,252.585858,657.566659,-61.587794,14.032548,10.726526,0.764403,4.000000,0.000000,8.000000,7.000000,92.000000,HarvestStat Africa v1.2,https://raw.githubusercontent.com/HarvestStat/HarvestStat-Africa/main/public/hvstat_africa_data_v1.2.csv,WFP HDX CHIRPS v2 dekadal indicators,https://data.humdata.org/dataset/ken-rainfall-subnational
Embu,KE014,-0.532830,37.664629,1984,43000.000000,33792.000000,0.785860,Annual,0,18.000000,334.010990,525.286081,-36.413508,18.556166,31.988179,1.723857,3.000000,2.000000,11.000000,7.000000,92.000000,HarvestStat Africa v1.2,https://raw.githubusercontent.com/HarvestStat/HarvestStat-Africa/main/public/hvstat_africa_data_v1.2.csv,WFP HDX CHIRPS v2 dekadal indicators,https://data.humdata.org/dataset/ken-rainfall-subnational
Garissa,KE007,-0.520490,40.355590,1984,225.500000,243.600000,1.080266,Annual,0,18.000000,185.443300,240.279175,-22.821734,10.302406,9.964282,0.967180,4.000000,0.000000,10.000000,9.000000,102.000000,HarvestStat Africa v1.2,https://raw.githubusercontent.com/HarvestStat/HarvestStat-Africa/main/public/hvstat_africa_data_v1.2.csv,WFP HDX CHIRPS v2 dekadal indicators,https://data.humdata.org/dataset/ken-rainfall-subnational
Isiolo,KE011,1.006385,38.747651,1984,413.000000,590.000000,1.428571,Annual,0,18.000000,56.527711,173.962088,-67.505729,3.140428,3.837701,1.222031,0.000000,0.000000,16.000000,10.000000,182.000000,HarvestStat Africa v1.2,https://raw.githubusercontent.com/HarvestStat/HarvestStat-Africa/main/public/hvstat_africa_data_v1.2.csv,WFP HDX CHIRPS v2 dekadal indicators,https://data.humdata.org/dataset/ken-rainfall-subnational
Kajiado,KE034,-2.112369,36.777606,1984,17848.000000,32396.000000,1.815105,Annual,0,18.000000,174.346910,373.466385,-53.316572,9.685939,11.702596,1.208205,2.000000,0.000000,12.000000,6.000000,102.000000,HarvestStat Africa v1.2,https://raw.githubusercontent.com/HarvestStat/HarvestStat-Africa/main/public/hvstat_africa_data_v1.2.csv,WFP HDX CHIRPS v2 dekadal indicators,https://data.humdata.org/dataset/ken-rainfall-subnational
Kakamega,KE037,0.497190,34.800929,1984,118120.490566,221962.398710,1.879118,Annual,0,18.000000,631.578943,951.356143,-33.612775,35.087719,28.550620,0.813693,10.000000,5.000000,5.000000,1.000000,92.000000,HarvestStat Africa v1.2,https://raw.githubusercontent.com/HarvestStat/HarvestStat-Africa/main/public/hvstat_africa_data_v1.2.csv,WFP HDX CHIRPS v2 dekadal indicators,https://data.humdata.org/dataset/ken-rainfall-subnational
Kericho,KE035,-0.316683,35.225997,1984,44617.160169,120466.332456,2.700000,Annual,0,18.000000,431.895519,795.027352,-45.675389,23.994196,18.204646,0.758710,7.000000,2.000000,5.000000,4.000000,92.000000,HarvestStat Africa v1.2,https://raw.githubusercontent.com/HarvestStat/HarvestStat-Africa/main/public/hvstat_africa_data_v1.2.csv,WFP HDX CHIRPS v2 dekadal indicators,https://data.humdata.org/dataset/ken-rainfall-subnational
Kiambu,KE022,-1.034385,36.843216,1984,30584.000000,76460.000000,2.500000,Annual,0,18.000000,201.904761,695.396027,-70.965500,11.216931,12.882989,1.148531,3.000000,1.000000,13.000000,8.000000,102.000000,HarvestStat Africa v1.2,https://raw.githubusercontent.com/HarvestStat/HarvestStat-Africa/main/public/hvstat_africa_data_v1.2.csv,WFP HDX CHIRPS v2 dekadal indicators,https://data.humdata.org/dataset/ken-rainfall-subnational
Kilifi,KE003,-3.152441,39.672708,1984,36500.000000,36500.000000,1.000000,Annual,0,18.000000,454.680692,488.607513,-6.943573,25.260038,24.863270,0.984293,8.000000,3.000000,9.000000,7.000000,102.000000,HarvestStat Africa v1.2,https://raw.githubusercontent.com/HarvestStat/HarvestStat-Africa/main/public/hvstat_africa_data_v1.2.csv,WFP HDX CHIRPS v2 dekadal indicators,https://data.humdata.org/dataset/ken-rainfall-subnational
Kirinyaga,KE020,-0.467350,37.301902,1984,27425.000000,36475.000000,1.329991,Annual,0,18.000000,340.208331,646.759723,-47.398034,18.900463,25.671999,1.358274,4.000000,2.000000,10.000000,7.000000,92.000000,HarvestStat Africa v1.2,https://raw.githubusercontent.com/HarvestStat/HarvestStat-Africa/main/public/hvstat_africa_data_v1.2.csv,WFP HDX CHIRPS v2 dekadal indicators,https://data.humdata.org/dataset/ken-rainfall-subnational
Kisii,KE045,-0.736677,34.753510,1984,33064.729497,119033.026188,3.600000,Annual,0,18.000000,570.025001,925.845013,-38.431920,31.668056,21.552462,0.680574,10.000000,5.000000,1.000000,1.000000,71.000000,HarvestStat Africa v1.2,https://raw.githubusercontent.com/HarvestStat/HarvestStat-Africa/main/public/hvstat_africa_data_v1.2.csv,WFP HDX CHIRPS v2 dekadal indicators,https://data.humdata.org/dataset/ken-rainfall-subnational
Kisumu,KE042,-0.194380,34.777329,1984,14254.000000,23091.000000,1.619966,Annual,0,18.000000,463.724638,816.425122,-43.200592,25.762480,17.141963,0.665385,7.000000,2.000000,1.000000,1.000000,92.000000,HarvestStat Africa v1.2,https://raw.githubusercontent.com/HarvestStat/HarvestStat-Africa/main/public/hvstat_africa_data_v1.2.csv,WFP HDX CHIRPS v2 dekadal indicators,https://data.humdata.org/dataset/ken-rainfall-subnational
Kitui,KE015,-1.560490,38.371810,1984,72328.000000,26728.000000,0.369539,Annual,0,18.000000,165.285855,272.434005,-39.329947,9.182548,17.045689,1.856314,2.000000,1.000000,15.000000,9.000000,102.000000,HarvestStat Africa v1.2,https://raw.githubusercontent.com/HarvestStat/HarvestStat-Africa/main/public/hvstat_africa_data_v1.2.csv,WFP HDX CHIRPS v2 dekadal indicators,https://data.humdata.org/dataset/ken-rainfall-subnational
Kwale,KE002,-4.120591,39.066136,1984,20600.000000,37080.000000,1.800000,Annual,0,18.000000,489.962825,541.885007,-9.581771,27.220157,35.950384,1.320727,9.000000,3.000000,9.000000,7.000000,102.000000,HarvestStat Africa v1.2,https://raw.githubusercontent.com/HarvestStat/HarvestStat-Africa/main/public/hvstat_africa_data_v1.2.csv,WFP HDX CHIRPS v2 dekadal indicators,https://data.humdata.org/dataset/ken-rainfall-subnational
Laikipia,KE031,0.289134,36.825248,1984,15490.000000,41823.000000,2.700000,Annual,0,18.000000,128.029802,361.774838,-64.610639,7.112767,6.585106,0.925815,2.000000,0.000000,15.000000,9.000000,182.000000,HarvestStat Africa v1.2,https://raw.githubusercontent.com/HarvestStat/HarvestStat-Africa/main/public/hvstat_africa_data_v1.2.csv,WFP HDX CHIRPS v2 dekadal indicators,https://data.humdata.org/dataset/ken-rainfall-subnational
Lamu,KE005,-2.063679,40.545830,1984,1687.000000,2024.000000,1.199763,Annual,0,18.000000,610.960585,534.602138,14.283229,33.942255,37.778016,1.113008,8.000000,6.000000,9.000000,9.000000,102.000000,HarvestStat Africa v1.2,https://raw.githubusercontent.com/HarvestStat/HarvestStat-Africa/main/public/hvstat_africa_data_v1.2.csv,WFP HDX CHIRPS v2 dekadal indicators,https://data.humdata.org/dataset/ken-rainfall-subnational
Machakos,KE016,-1.276237,37.394595,1984,50038.016361,18115.178093,0.362028,Annual,0,18.000000,195.083746,412.340392,-52.688665,10.837986,16.466149,1.519300,3.000000,1.000000,13.000000,6.000000,102.000000,HarvestStat Africa v1.2,https://raw.githubusercontent.com/HarvestStat/HarvestStat-Africa/main/public/hvstat_africa_data_v1.2.csv,WFP HDX CHIRPS v2 dekadal indicators,https://data.humdata.org/dataset/ken-rainfall-subnational
Makueni,KE017,-2.253637,37.876663,1984,55961.983639,20259.821907,0.362028,Annual,0,18.000000,174.945525,334.183265,-47.649825,9.719196,14.381771,1.479728,2.000000,1.000000,13.000000,6.000000,102.000000,HarvestStat Africa v1.2,https://raw.githubusercontent.com/HarvestStat/HarvestStat-Africa/main/public/hvstat_africa_data_v1.2.csv,WFP HDX CHIRPS v2 dekadal indicators,https://data.humdata.org/dataset/ken-rainfall-subnational
Mandera,KE009,3.230964,40.711346,1984,1113.000000,506.000000,0.454627,Annual,0,18.000000,91.618764,189.924349,-51.760391,5.089931,6.859912,1.347742,1.000000,0.000000,14.000000,9.000000,182.000000,HarvestStat Africa v1.2,https://raw.githubusercontent.com/HarvestStat/HarvestStat-Africa/main/public/hvstat_africa_data_v1.2.csv,WFP HDX CHIRPS v2 dekadal indicators,https://data.humdata.org/dataset/ken-rainfall-subnational
Marsabit,KE010,2.860480,37.714884,1984,5468.000000,5468.000000,1.000000,Annual,0,18.000000,98.511287,184.486778,-46.602522,5.472849,7.849116,1.434192,1.000000,0.000000,15.000000,9.000000,102.000000,HarvestStat Africa v1.2,https://raw.githubusercontent.com/HarvestStat/HarvestStat-Africa/main/public/hvstat_africa_data_v1.2.csv,WFP HDX CHIRPS v2 dekadal indicators,https://data.humdata.org/dataset/ken-rainfall-subnational
Meru,KE012,0.229055,37.776111,1984,36121.514498,35655.751354,0.987106,Annual,0,18.000000,242.229077,524.441410,-53.811985,13.457171,18.800587,1.397068,4.000000,1.000000,13.000000,8.000000,102.000000,HarvestStat Africa v1.2,https://raw.githubusercontent.com/HarvestStat/HarvestStat-Africa/main/public/hvstat_africa_data_v1.2.csv,WFP HDX CHIRPS v2 dekadal indicators,https://data.humdata.org/dataset/ken-rainfall-subnational
Mombasa,KE001,-3.990448,39.701130,1984,799.000000,979.000000,1.225282,Annual,0,18.000000,725.100000,734.479994,-1.277093,40.283333,52.967655,1.314878,9.000000,6.000000,9.000000,7.000000,102.000000,HarvestStat Africa v1.2,https://raw.githubusercontent.com/HarvestStat/HarvestStat-Africa/main/public/hvstat_africa_data_v1.2.csv,WFP HDX CHIRPS v2 dekadal indicators,https://data.humdata.org/dataset/ken-rainfall-subnational
Murang'a,KE021,-0.828519,37.004173,1984,47210.000000,61373.000000,1.300000,Annual,0,18.000000,250.613446,695.837541,-63.983914,13.922969,17.644379,1.267286,3.000000,1.000000,12.000000,8.000000,92.000000,HarvestStat Africa v1.2,https://raw.githubusercontent.com/HarvestStat/HarvestStat-Africa/main/public/hvstat_africa_data_v1.2.csv,WFP HDX CHIRPS v2 dekadal indicators,https://data.humdata.org/dataset/ken-rainfall-subnational
Nakuru,KE032,-0.458448,36.100384,1984,61500.000000,166050.000000,2.700000,Annual,0,18.000000,201.432772,535.090196,-62.355361,11.190710,8.235731,0.735944,3.000000,0.000000,11.000000,9.000000,102.000000,HarvestStat Africa v1.2,https://raw.githubusercontent.com/HarvestStat/HarvestStat-Africa/main/public/hvstat_africa_data_v1.2.csv,WFP HDX CHIRPS v2 dekadal indicators,https://data.humdata.org/dataset/ken-rainfall-subnational
Nandi,KE029,0.227352,35.123876,1984,52278.000000,164918.250000,3.154640,Annual,0,18.000000,479.241757,819.099630,-41.491640,26.624542,22.318906,0.838283,9.000000,3.000000,6.000000,3.000000,92.000000,HarvestStat Africa v1.2,https://raw.githubusercontent.com/HarvestStat/HarvestStat-Africa/main/public/hvstat_africa_data_v1.2.csv,WFP HDX CHIRPS v2 dekadal indicators,https://data.humdata.org/dataset/ken-rainfall-subnational
Narok,KE033,-1.279878,35.476358,1984,15699.000000,25432.380000,1.620000,Annual,0,18.000000,313.775298,591.197598,-46.925478,17.431961,14.986218,0.859698,3.000000,1.000000,7.000000,3.000000,92.000000,HarvestStat Africa v1.2,https://raw.githubusercontent.com/HarvestStat/HarvestStat-Africa/main/public/hvstat_africa_data_v1.2.csv,WFP HDX CHIRPS v2 dekadal indicators,https://data.humdata.org/dataset/ken-rainfall-subnational
Nyamira,KE046,-0.649378,34.933398,1984,17235.270503,62046.973812,3.600000,Annual,0,18.000000,561.172418,912.716100,-38.516214,31.176245,22.058570,0.707544,10.000000,4.000000,1.000000,1.000000,71.000000,HarvestStat Africa v1.2,https://raw.githubusercontent.com/HarvestStat/HarvestStat-Africa/main/public/hvstat_africa_data_v1.2.csv,WFP HDX CHIRPS v2 dekadal indicators,https://data.humdata.org/dataset/ken-rainfall-subnational
Nyandarua,KE018,-0.389093,36.497431,1984,19816.000000,25808.000000,1.302382,Annual,0,18.000000,199.861112,598.538580,-66.608483,11.103395,8.897607,0.801341,3.000000,0.000000,11.000000,9.000000,112.000000,HarvestStat Africa v1.2,https://raw.githubusercontent.com/HarvestStat/HarvestStat-Africa/main/public/hvstat_africa_data_v1.2.csv,WFP HDX CHIRPS v2 dekadal indicators,https://data.humdata.org/dataset/ken-rainfall-subnational
Nyeri,KE019,-0.314375,36.930473,1984,21332.000000,28798.000000,1.349991,Annual,0,18.000000,266.836362,644.133946,-58.574398,14.824242,14.684637,0.990583,3.000000,1.000000,11.000000,7.000000,92.000000,HarvestStat Africa v1.2,https://raw.githubusercontent.com/HarvestStat/HarvestStat-Africa/main/public/hvstat_africa_data_v1.2.csv,WFP HDX CHIRPS v2 dekadal indicators,https://data.humdata.org/dataset/ken-rainfall-subnational
Samburu,KE025,1.541373,36.941540,1984,1100.000000,1485.000000,1.350000,Annual,0,18.000000,101.343067,270.988171,-62.602402,5.630170,5.705998,1.013468,0.000000,0.000000,14.000000,8.000000,182.000000,HarvestStat Africa v1.2,https://raw.githubusercontent.com/HarvestStat/HarvestStat-Africa/main/public/hvstat_africa_data_v1.2.csv,WFP HDX CHIRPS v2 dekadal indicators,https://data.humdata.org/dataset/ken-rainfall-subnational
Siaya,KE041,-0.057674,34.199887,1984,36847.000000,66325.000000,1.800011,Annual,0,18.000000,521.599998,811.195420,-35.699834,28.977778,23.239697,0.801983,11.000000,3.000000,3.000000,1.000000,92.000000,HarvestStat Africa v1.2,https://raw.githubusercontent.com/HarvestStat/HarvestStat-Africa/main/public/hvstat_africa_data_v1.2.csv,WFP HDX CHIRPS v2 dekadal indicators,https://data.humdata.org/dataset/ken-rainfall-subnational
Taita Taveta,KE006,-3.405203,38.371760,1984,7198.000000,12956.000000,1.799944,Annual,0,18.000000,198.982175,310.607723,-35.937789,11.054565,15.138354,1.369421,3.000000,1.000000,14.000000,7.000000,102.000000,HarvestStat Africa v1.2,https://raw.githubusercontent.com/HarvestStat/HarvestStat-Africa/main/public/hvstat_africa_data_v1.2.csv,WFP HDX CHIRPS v2 dekadal indicators,https://data.humdata.org/dataset/ken-rainfall-subnational
Tana River,KE004,-1.534918,39.550288,1984,2844.000000,5000.000000,1.758087,Annual,0,18.000000,142.957088,192.080568,-25.574414,7.942060,8.335535,1.049543,2.000000,0.000000,14.000000,9.000000,102.000000,HarvestStat Africa v1.2,https://raw.githubusercontent.com/HarvestStat/HarvestStat-Africa/main/public/hvstat_africa_data_v1.2.csv,WFP HDX CHIRPS v2 dekadal indicators,https://data.humdata.org/dataset/ken-rainfall-subnational
Tharaka-Nithi,KE013,-0.191445,37.960417,1984,11806.485502,11654.248646,0.987106,Annual,0,18.000000,345.761905,547.091662,-36.800005,19.208995,35.206438,1.832810,4.000000,2.000000,12.000000,8.000000,92.000000,HarvestStat Africa v1.2,https://raw.githubusercontent.com/HarvestStat/HarvestStat-Africa/main/public/hvstat_africa_data_v1.2.csv,WFP HDX CHIRPS v2 dekadal indicators,https://data.humdata.org/dataset/ken-rainfall-subnational
Trans Nzoia,KE026,1.045915,34.980778,1984,55479.000000,174758.850000,3.150000,Annual,0,18.000000,369.063290,634.237966,-41.809966,20.503516,16.355605,0.797698,8.000000,1.000000,8.000000,7.000000,92.000000,HarvestStat Africa v1.2,https://raw.githubusercontent.com/HarvestStat/HarvestStat-Africa/main/public/hvstat_africa_data_v1.2.csv,WFP HDX CHIRPS v2 dekadal indicators,https://data.humdata.org/dataset/ken-rainfall-subnational
Turkana,KE023,3.162488,35.313492,1984,200.000000,144.000000,0.720000,Annual,0,18.000000,79.168611,172.177661,-54.019232,4.398256,5.024406,1.142363,1.000000,0.000000,17.000000,10.000000,182.000000,HarvestStat Africa v1.2,https://raw.githubusercontent.com/HarvestStat/HarvestStat-Africa/main/public/hvstat_africa_data_v1.2.csv,WFP HDX CHIRPS v2 dekadal indicators,https://data.humdata.org/dataset/ken-rainfall-subnational
Uasin Gishu,KE027,0.478188,35.303799,1984,62800.000000,169560.000000,2.700000,Annual,0,18.000000,293.414417,606.721928,-51.639391,16.300801,13.718952,0.841612,6.000000,0.000000,8.000000,7.000000,92.000000,HarvestStat Africa v1.2,https://raw.githubusercontent.com/HarvestStat/HarvestStat-Africa/main/public/hvstat_africa_data_v1.2.csv,WFP HDX CHIRPS v2 dekadal indicators,https://data.humdata.org/dataset/ken-rainfall-subnational
Vihiga,KE038,0.084857,34.707784,1984,20279.509434,38107.601290,1.879118,Annual,0,18.000000,605.526300,1006.033351,-39.810514,33.640350,24.155410,0.718049,11.000000,2.000000,2.000000,1.000000,71.000000,HarvestStat Africa v1.2,https://raw.githubusercontent.com/HarvestStat/HarvestStat-Africa/main/public/hvstat_africa_data_v1.2.csv,WFP HDX CHIRPS v2 dekadal indicators,https://data.humdata.org/dataset/ken-rainfall-subnational
Wajir,KE008,1.939715,40.024507,1984,835.000000,539.000000,0.645509,Annual,0,18.000000,95.210924,193.539230,-50.805362,5.289496,7.571609,1.431442,1.000000,0.000000,14.000000,9.000000,182.000000,HarvestStat Africa v1.2,https://raw.githubusercontent.com/HarvestStat/HarvestStat-Africa/main/public/hvstat_africa_data_v1.2.csv,WFP HDX CHIRPS v2 dekadal indicators,https://data.humdata.org/dataset/ken-rainfall-subnational
West Pokot,KE024,1.893374,35.212768,1984,14712.000000,33102.000000,2.250000,Annual,0,18.000000,224.761905,443.095810,-49.274649,12.486772,12.400547,0.993095,3.000000,1.000000,9.000000,7.000000,182.000000,HarvestStat Africa v1.2,https://raw.githubusercontent.com/HarvestStat/HarvestStat-Africa/main/public/hvstat_africa_data_v1.2.csv,WFP HDX CHIRPS v2 dekadal indicators,https://data.humdata.org/dataset/ken-rainfall-subnational
Baringo,KE030,0.726352,36.018591,1985,13907.000000,31291.000000,2.250018,Annual,0,18.000000,575.555558,465.744538,23.577522,31.975309,30.357677,0.949410,8.000000,5.000000,6.000000,4.000000,80.000000,HarvestStat Africa v1.2,https://raw.githubusercontent.com/HarvestStat/HarvestStat-Africa/main/public/hvstat_africa_data_v1.2.csv,WFP HDX CHIRPS v2 dekadal indicators,https://data.humdata.org/dataset/ken-rainfall-subnational
Bomet,KE036,-0.716095,35.238459,1985,27142.366905,92555.945468,3.410017,Annual,0,18.000000,998.073676,842.724213,18.434200,55.448538,44.782079,0.807633,12.000000,9.000000,2.000000,2.000000,80.000000,HarvestStat Africa v1.2,https://raw.githubusercontent.com/HarvestStat/HarvestStat-Africa/main/public/hvstat_africa_data_v1.2.csv,WFP HDX CHIRPS v2 dekadal indicators,https://data.humdata.org/dataset/ken-rainfall-subnational
Bungoma,KE039,0.785694,34.718757,1985,93000.000000,251125.000000,2.700269,Annual,0,18.000000,883.469996,854.742337,3.360973,49.081666,41.228914,0.840006,13.000000,6.000000,3.000000,2.000000,80.000000,HarvestStat Africa v1.2,https://raw.githubusercontent.com/HarvestStat/HarvestStat-Africa/main/public/hvstat_africa_data_v1.2.csv,WFP HDX CHIRPS v2 dekadal indicators,https://data.humdata.org/dataset/ken-rainfall-subnational
Busia,KE040,0.375707,34.265111,1985,33400.000000,60126.012601,1.800180,Annual,0,18.000000,908.730773,900.425645,0.922356,50.485043,45.527671,0.901805,12.000000,6.000000,3.000000,2.000000,80.000000,HarvestStat Africa v1.2,https://raw.githubusercontent.com/HarvestStat/HarvestStat-Africa/main/public/hvstat_africa_data_v1.2.csv,WFP HDX CHIRPS v2 dekadal indicators,https://data.humdata.org/dataset/ken-rainfall-subnational
Elgeyo-Marakwet,KE028,0.745102,35.560856,1985,22250.000000,60075.000000,2.700000,Annual,0,18.000000,822.111111,657.566659,25.023235,45.672840,42.832849,0.937819,10.000000,7.000000,3.000000,2.000000,80.000000,HarvestStat Africa v1.2,https://raw.githubusercontent.com/HarvestStat/HarvestStat-Africa/main/public/hvstat_africa_data_v1.2.csv,WFP HDX CHIRPS v2 dekadal indicators,https://data.humdata.org/dataset/ken-rainfall-subnational
Embu,KE014,-0.532830,37.664629,1985,42000.000000,30240.000000,0.720000,Annual,0,18.000000,695.956045,525.286081,32.490860,38.664225,45.897636,1.187083,8.000000,6.000000,9.000000,3.000000,80.000000,HarvestStat Africa v1.2,https://raw.githubusercontent.com/HarvestStat/HarvestStat-Africa/main/public/hvstat_africa_data_v1.2.csv,WFP HDX CHIRPS v2 dekadal indicators,https://data.humdata.org/dataset/ken-rainfall-subnational
Garissa,KE007,-0.520490,40.355590,1985,371.400000,334.653465,0.901059,Annual,0,18.000000,262.039861,240.279175,9.056418,14.557770,14.693097,1.009296,6.000000,0.000000,11.000000,8.000000,80.000000,HarvestStat Africa v1.2,https://raw.githubusercontent.com/HarvestStat/HarvestStat-Africa/main/public/hvstat_africa_data_v1.2.csv,WFP HDX CHIRPS v2 dekadal indicators,https://data.humdata.org/dataset/ken-rainfall-subnational
Isiolo,KE011,1.006385,38.747651,1985,689.000000,861.000000,1.249637,Annual,0,18.000000,227.731325,173.962088,30.908595,12.651740,19.877897,1.571159,4.000000,1.000000,14.000000,8.000000,80.000000,HarvestStat Africa v1.2,https://raw.githubusercontent.com/HarvestStat/HarvestStat-Africa/main/public/hvstat_africa_data_v1.2.csv,WFP HDX CHIRPS v2 dekadal indicators,https://data.humdata.org/dataset/ken-rainfall-subnational
Kajiado,KE034,-2.112369,36.777606,1985,18919.000000,34054.000000,1.799989,Annual,0,18.000000,406.855344,373.466385,8.940285,22.603075,26.100660,1.154739,6.000000,2.000000,8.000000,4.000000,80.000000,HarvestStat Africa v1.2,https://raw.githubusercontent.com/HarvestStat/HarvestStat-Africa/main/public/hvstat_africa_data_v1.2.csv,WFP HDX CHIRPS v2 dekadal indicators,https://data.humdata.org/dataset/ken-rainfall-subnational
Kakamega,KE037,0.497190,34.800929,1985,98789.355368,176686.321429,1.788516,Annual,0,18.000000,995.515793,951.356143,4.641758,55.306433,45.624838,0.824946,14.000000,9.000000,3.000000,2.000000,80.000000,HarvestStat Africa v1.2,https://raw.githubusercontent.com/HarvestStat/HarvestStat-Africa/main/public/hvstat_africa_data_v1.2.csv,WFP HDX CHIRPS v2 dekadal indicators,https://data.humdata.org/dataset/ken-rainfall-subnational
Kericho,KE035,-0.316683,35.225997,1985,41215.054043,140544.054532,3.410017,Annual,0,18.000000,898.432829,795.027352,13.006531,49.912935,44.092914,0.883397,11.000000,8.000000,4.000000,2.000000,80.000000,HarvestStat Africa v1.2,https://raw.githubusercontent.com/HarvestStat/HarvestStat-Africa/main/public/hvstat_africa_data_v1.2.csv,WFP HDX CHIRPS v2 dekadal indicators,https://data.humdata.org/dataset/ken-rainfall-subnational
Kiambu,KE022,-1.034385,36.843216,1985,26457.000000,66130.000000,2.499528,Annual,0,18.000000,732.738087,695.396027,5.369898,40.707672,45.378317,1.114736,11.000000,4.000000,3.000000,2.000000,70.000000,HarvestStat Africa v1.2,https://raw.githubusercontent.com/HarvestStat/HarvestStat-Africa/main/public/hvstat_africa_data_v1.2.csv,WFP HDX CHIRPS v2 dekadal indicators,https://data.humdata.org/dataset/ken-rainfall-subnational
Kilifi,KE003,-3.152441,39.672708,1985,40000.000000,48000.000000,1.200000,Annual,0,18.000000,439.012376,488.607513,-10.150302,24.389576,22.578801,0.925756,7.000000,3.000000,7.000000,4.000000,80.000000,HarvestStat Africa v1.2,https://raw.githubusercontent.com/HarvestStat/HarvestStat-Africa/main/public/hvstat_africa_data_v1.2.csv,WFP HDX CHIRPS v2 dekadal indicators,https://data.humdata.org/dataset/ken-rainfall-subnational
Kirinyaga,KE020,-0.467350,37.301902,1985,33479.000000,49388.000000,1.475193,Annual,0,18.000000,847.499994,646.759723,31.037843,47.083333,50.638521,1.075508,8.000000,6.000000,5.000000,2.000000,80.000000,HarvestStat Africa v1.2,https://raw.githubusercontent.com/HarvestStat/HarvestStat-Africa/main/public/hvstat_africa_data_v1.2.csv,WFP HDX CHIRPS v2 dekadal indicators,https://data.humdata.org/dataset/ken-rainfall-subnational
Kisii,KE045,-0.736677,34.753510,1985,35063.074977,126227.069917,3.600000,Annual,0,18.000000,1073.699993,925.845013,15.969733,59.650000,49.427683,0.828628,13.000000,10.000000,3.000000,2.000000,80.000000,HarvestStat Africa v1.2,https://raw.githubusercontent.com/HarvestStat/HarvestStat-Africa/main/public/hvstat_africa_data_v1.2.csv,WFP HDX CHIRPS v2 dekadal indicators,https://data.humdata.org/dataset/ken-rainfall-subnational
Kisumu,KE042,-0.194380,34.777329,1985,16393.000000,29506.000000,1.799915,Annual,0,18.000000,876.521749,816.425122,7.360948,48.695653,42.338414,0.869450,11.000000,8.000000,3.000000,2.000000,80.000000,HarvestStat Africa v1.2,https://raw.githubusercontent.com/HarvestStat/HarvestStat-Africa/main/public/hvstat_africa_data_v1.2.csv,WFP HDX CHIRPS v2 dekadal indicators,https://data.humdata.org/dataset/ken-rainfall-subnational
Kitui,KE015,-1.560490,38.371810,1985,70335.000000,16665.000000,0.236938,Annual,0,18.000000,344.560679,272.434005,26.474916,19.142260,23.874021,1.247189,4.000000,3.000000,10.000000,4.000000,80.000000,HarvestStat Africa v1.2,https://raw.githubusercontent.com/HarvestStat/HarvestStat-Africa/main/public/hvstat_africa_data_v1.2.csv,WFP HDX CHIRPS v2 dekadal indicators,https://data.humdata.org/dataset/ken-rainfall-subnational
Kwale,KE002,-4.120591,39.066136,1985,19263.000000,28747.000000,1.492343,Annual,0,18.000000,442.174722,541.885007,-18.400635,24.565262,23.544232,0.958436,8.000000,2.000000,4.000000,3.000000,80.000000,HarvestStat Africa v1.2,https://raw.githubusercontent.com/HarvestStat/HarvestStat-Africa/main/public/hvstat_africa_data_v1.2.csv,WFP HDX CHIRPS v2 dekadal indicators,https://data.humdata.org/dataset/ken-rainfall-subnational
Laikipia,KE031,0.289134,36.825248,1985,18000.000000,48600.000000,2.700000,Annual,0,18.000000,370.774828,361.774838,2.487732,20.598602,19.327490,0.938291,8.000000,1.000000,8.000000,4.000000,80.000000,HarvestStat Africa v1.2,https://raw.githubusercontent.com/HarvestStat/HarvestStat-Africa/main/public/hvstat_africa_data_v1.2.csv,WFP HDX CHIRPS v2 dekadal indicators,https://data.humdata.org/dataset/ken-rainfall-subnational
Lamu,KE005,-2.063679,40.545830,1985,1819.000000,2686.000000,1.476636,Annual,0,18.000000,587.093603,534.602138,9.818791,32.616311,44.210732,1.355479,8.000000,4.000000,8.000000,8.000000,80.000000,HarvestStat Africa v1.2,https://raw.githubusercontent.com/HarvestStat/HarvestStat-Africa/main/public/hvstat_africa_data_v1.2.csv,WFP HDX CHIRPS v2 dekadal indicators,https://data.humdata.org/dataset/ken-rainfall-subnational
Machakos,KE016,-1.276237,37.394595,1985,108573.054368,82137.875913,0.756522,Annual,0,18.000000,540.433494,412.340392,31.064893,30.024083,36.716541,1.222903,8.000000,3.000000,7.000000,3.000000,80.000000,HarvestStat Africa v1.2,https://raw.githubusercontent.com/HarvestStat/HarvestStat-Africa/main/public/hvstat_africa_data_v1.2.csv,WFP HDX CHIRPS v2 dekadal indicators,https://data.humdata.org/dataset/ken-rainfall-subnational
Makueni,KE017,-2.253637,37.876663,1985,121426.945632,91862.124087,0.756522,Annual,0,18.000000,393.264590,334.183265,17.679319,21.848033,24.588705,1.125443,6.000000,4.000000,9.000000,4.000000,80.000000,HarvestStat Africa v1.2,https://raw.githubusercontent.com/HarvestStat/HarvestStat-Africa/main/public/hvstat_africa_data_v1.2.csv,WFP HDX CHIRPS v2 dekadal indicators,https://data.humdata.org/dataset/ken-rainfall-subnational
Mandera,KE009,3.230964,40.711346,1985,1216.000000,538.073807,0.442495,Annual,0,18.000000,237.807603,189.924349,25.211751,13.211533,17.705887,1.340184,6.000000,2.000000,12.000000,8.000000,80.000000,HarvestStat Africa v1.2,https://raw.githubusercontent.com/HarvestStat/HarvestStat-Africa/main/public/hvstat_africa_data_v1.2.csv,WFP HDX CHIRPS v2 dekadal indicators,https://data.humdata.org/dataset/ken-rainfall-subnational
Marsabit,KE010,2.860480,37.714884,1985,6722.000000,9075.000000,1.350045,Annual,0,18.000000,268.746095,184.486778,45.672280,14.930339,19.345264,1.295702,4.000000,3.000000,12.000000,8.000000,80.000000,HarvestStat Africa v1.2,https://raw.githubusercontent.com/HarvestStat/HarvestStat-Africa/main/public/hvstat_africa_data_v1.2.csv,WFP HDX CHIRPS v2 dekadal indicators,https://data.humdata.org/dataset/ken-rainfall-subnational
Meru,KE012,0.229055,37.776111,1985,59071.277434,61373.714981,1.038977,Annual,0,18.000000,617.585907,524.441410,17.760706,34.310328,41.499491,1.209533,8.000000,4.000000,8.000000,3.000000,80.000000,HarvestStat Africa v1.2,https://raw.githubusercontent.com/HarvestStat/HarvestStat-Africa/main/public/hvstat_africa_data_v1.2.csv,WFP HDX CHIRPS v2 dekadal indicators,https://data.humdata.org/dataset/ken-rainfall-subnational
Mombasa,KE001,-3.990448,39.701130,1985,700.000000,840.000000,1.200000,Annual,0,18.000000,618.600000,734.479994,-15.777148,34.366667,46.556453,1.354698,8.000000,3.000000,6.000000,3.000000,91.000000,HarvestStat Africa v1.2,https://raw.githubusercontent.com/HarvestStat/HarvestStat-Africa/main/public/hvstat_africa_data_v1.2.csv,WFP HDX CHIRPS v2 dekadal indicators,https://data.humdata.org/dataset/ken-rainfall-subnational
Murang'a,KE021,-0.828519,37.004173,1985,47841.000000,73197.000000,1.530006,Annual,0,18.000000,806.176469,695.837541,15.856996,44.787582,53.217719,1.188225,9.000000,7.000000,4.000000,2.000000,80.000000,HarvestStat Africa v1.2,https://raw.githubusercontent.com/HarvestStat/HarvestStat-Africa/main/public/hvstat_africa_data_v1.2.csv,WFP HDX CHIRPS v2 dekadal indicators,https://data.humdata.org/dataset/ken-rainfall-subnational
Nakuru,KE032,-0.458448,36.100384,1985,61900.000000,167130.000000,2.700000,Annual,0,18.000000,645.155462,535.090196,20.569479,35.841970,32.644963,0.910803,9.000000,5.000000,4.000000,2.000000,80.000000,HarvestStat Africa v1.2,https://raw.githubusercontent.com/HarvestStat/HarvestStat-Africa/main/public/hvstat_africa_data_v1.2.csv,WFP HDX CHIRPS v2 dekadal indicators,https://data.humdata.org/dataset/ken-rainfall-subnational
Nandi,KE029,0.227352,35.123876,1985,77409.000000,209004.300000,2.700000,Annual,0,18.000000,899.417594,819.099630,9.805640,49.967644,42.133585,0.843217,13.000000,8.000000,4.000000,2.000000,80.000000,HarvestStat Africa v1.2,https://raw.githubusercontent.com/HarvestStat/HarvestStat-Africa/main/public/hvstat_africa_data_v1.2.csv,WFP HDX CHIRPS v2 dekadal indicators,https://data.humdata.org/dataset/ken-rainfall-subnational
Narok,KE033,-1.279878,35.476358,1985,24676.000000,55521.000000,2.250000,Annual,0,18.000000,699.403092,591.197598,18.302763,38.855727,33.593681,0.864575,10.000000,5.000000,4.000000,2.000000,80.000000,HarvestStat Africa v1.2,https://raw.githubusercontent.com/HarvestStat/HarvestStat-Africa/main/public/hvstat_africa_data_v1.2.csv,WFP HDX CHIRPS v2 dekadal indicators,https://data.humdata.org/dataset/ken-rainfall-subnational
Nyamira,KE046,-0.649378,34.933398,1985,18276.925023,65796.930083,3.600000,Annual,0,18.000000,1046.172404,912.716100,14.621886,58.120689,46.873782,0.806490,13.000000,10.000000,3.000000,2.000000,80.000000,HarvestStat Africa v1.2,https://raw.githubusercontent.com/HarvestStat/HarvestStat-Africa/main/public/hvstat_africa_data_v1.2.csv,WFP HDX CHIRPS v2 dekadal indicators,https://data.humdata.org/dataset/ken-rainfall-subnational
Nyandarua,KE018,-0.389093,36.497431,1985,20350.000000,51282.000000,2.520000,Annual,0,18.000000,616.481473,598.538580,2.997784,34.248971,29.851491,0.871603,10.000000,3.000000,4.000000,2.000000,80.000000,HarvestStat Africa v1.2,https://raw.githubusercontent.com/HarvestStat/HarvestStat-Africa/main/public/hvstat_africa_data_v1.2.csv,WFP HDX CHIRPS v2 dekadal indicators,https://data.humdata.org/dataset/ken-rainfall-subnational
Nyeri,KE019,-0.314375,36.930473,1985,23914.000000,33950.000000,1.419670,Annual,0,18.000000,764.054542,644.133946,18.617338,42.447475,38.595212,0.909246,9.000000,7.000000,4.000000,2.000000,80.000000,HarvestStat Africa v1.2,https://raw.githubusercontent.com/HarvestStat/HarvestStat-Africa/main/public/hvstat_africa_data_v1.2.csv,WFP HDX CHIRPS v2 dekadal indicators,https://data.humdata.org/dataset/ken-rainfall-subnational
Samburu,KE025,1.541373,36.941540,1985,1986.000000,3574.800000,1.800000,Annual,0,18.000000,303.983936,270.988171,12.176091,16.887996,22.110983,1.309272,5.000000,2.000000,12.000000,8.000000,80.000000,HarvestStat Africa v1.2,https://raw.githubusercontent.com/HarvestStat/HarvestStat-Africa/main/public/hvstat_africa_data_v1.2.csv,WFP HDX CHIRPS v2 dekadal indicators,https://data.humdata.org/dataset/ken-rainfall-subnational
Siaya,KE041,-0.057674,34.199887,1985,44574.000000,80235.000000,1.800040,Annual,0,18.000000,848.062499,811.195420,4.544784,47.114583,43.325222,0.919571,12.000000,6.000000,3.000000,2.000000,80.000000,HarvestStat Africa v1.2,https://raw.githubusercontent.com/HarvestStat/HarvestStat-Africa/main/public/hvstat_africa_data_v1.2.csv,WFP HDX CHIRPS v2 dekadal indicators,https://data.humdata.org/dataset/ken-rainfall-subnational
Taita Taveta,KE006,-3.405203,38.371760,1985,7715.000000,12556.000000,1.627479,Annual,0,18.000000,295.003565,310.607723,-5.023751,16.389087,16.117034,0.983400,6.000000,1.000000,10.000000,5.000000,80.000000,HarvestStat Africa v1.2,https://raw.githubusercontent.com/HarvestStat/HarvestStat-Africa/main/public/hvstat_africa_data_v1.2.csv,WFP HDX CHIRPS v2 dekadal indicators,https://data.humdata.org/dataset/ken-rainfall-subnational
Tana River,KE004,-1.534918,39.550288,1985,3912.000000,4049.000000,1.035020,Annual,0,18.000000,185.776520,192.080568,-3.281981,10.320918,10.343097,1.002149,2.000000,0.000000,12.000000,8.000000,80.000000,HarvestStat Africa v1.2,https://raw.githubusercontent.com/HarvestStat/HarvestStat-Africa/main/public/hvstat_africa_data_v1.2.csv,WFP HDX CHIRPS v2 dekadal indicators,https://data.humdata.org/dataset/ken-rainfall-subnational
Tharaka-Nithi,KE013,-0.191445,37.960417,1985,19307.722566,20060.285019,1.038977,Annual,0,18.000000,683.690480,547.091662,24.968178,37.982804,48.206308,1.269161,8.000000,6.000000,9.000000,4.000000,80.000000,HarvestStat Africa v1.2,https://raw.githubusercontent.com/HarvestStat/HarvestStat-Africa/main/public/hvstat_africa_data_v1.2.csv,WFP HDX CHIRPS v2 dekadal indicators,https://data.humdata.org/dataset/ken-rainfall-subnational
Trans Nzoia,KE026,1.045915,34.980778,1985,51529.000000,181383.300000,3.520024,Annual,0,18.000000,700.873426,634.237966,10.506381,38.937413,32.838422,0.843364,11.000000,5.000000,3.000000,2.000000,80.000000,HarvestStat Africa v1.2,https://raw.githubusercontent.com/HarvestStat/HarvestStat-Africa/main/public/hvstat_africa_data_v1.2.csv,WFP HDX CHIRPS v2 dekadal indicators,https://data.humdata.org/dataset/ken-rainfall-subnational
Turkana,KE023,3.162488,35.313492,1985,613.000000,552.000000,0.900489,Annual,0,18.000000,216.492047,172.177661,25.737593,12.027336,13.184143,1.096181,4.000000,0.000000,12.000000,8.000000,80.000000,HarvestStat Africa v1.2,https://raw.githubusercontent.com/HarvestStat/HarvestStat-Africa/main/public/hvstat_africa_data_v1.2.csv,WFP HDX CHIRPS v2 dekadal indicators,https://data.humdata.org/dataset/ken-rainfall-subnational
Uasin Gishu,KE027,0.478188,35.303799,1985,61030.000000,192240.000000,3.149926,Annual,0,18.000000,738.072071,606.721928,21.649150,41.004004,37.869125,0.923547,11.000000,6.000000,4.000000,2.000000,80.000000,HarvestStat Africa v1.2,https://raw.githubusercontent.com/HarvestStat/HarvestStat-Africa/main/public/hvstat_africa_data_v1.2.csv,WFP HDX CHIRPS v2 dekadal indicators,https://data.humdata.org/dataset/ken-rainfall-subnational
Vihiga,KE038,0.084857,34.707784,1985,16960.644632,30334.380641,1.788516,Annual,0,18.000000,1077.578943,1006.033351,7.111652,59.865497,50.058596,0.836184,14.000000,10.000000,3.000000,2.000000,80.000000,HarvestStat Africa v1.2,https://raw.githubusercontent.com/HarvestStat/HarvestStat-Africa/main/public/hvstat_africa_data_v1.2.csv,WFP HDX CHIRPS v2 dekadal indicators,https://data.humdata.org/dataset/ken-rainfall-subnational
Wajir,KE008,1.939715,40.024507,1985,883.800000,322.772277,0.365210,Annual,0,18.000000,228.527854,193.539230,18.078311,12.695992,17.313456,1.363695,5.000000,1.000000,12.000000,8.000000,80.000000,HarvestStat Africa v1.2,https://raw.githubusercontent.com/HarvestStat/HarvestStat-Africa/main/public/hvstat_africa_data_v1.2.csv,WFP HDX CHIRPS v2 dekadal indicators,https://data.humdata.org/dataset/ken-rainfall-subnational
West Pokot,KE024,1.893374,35.212768,1985,12650.000000,28463.000000,2.250040,Annual,0,18.000000,539.285713,443.095810,21.708601,29.960317,28.483312,0.950701,7.000000,4.000000,5.000000,2.000000,80.000000,HarvestStat Africa v1.2,https://raw.githubusercontent.com/HarvestStat/HarvestStat-Africa/main/public/hvstat_africa_data_v1.2.csv,WFP HDX CHIRPS v2 dekadal indicators,https://data.humdata.org/dataset/ken-rainfall-subnational
Baringo,KE030,0.726352,36.018591,1986,14769.234000,33221.269004,2.249356,Annual,0,18.000000,427.814810,465.744538,-8.143891,23.767489,25.731353,1.082628,9.000000,2.000000,8.000000,6.000000,91.000000,HarvestStat Africa v1.2,https://raw.githubusercontent.com/HarvestStat/HarvestStat-Africa/main/public/hvstat_africa_data_v1.2.csv,WFP HDX CHIRPS v2 dekadal indicators,https://data.humdata.org/dataset/ken-rainfall-subnational
Bomet,KE036,-0.716095,35.238459,1986,25072.732433,88436.869757,3.527213,Annual,0,18.000000,767.210522,842.724213,-8.960665,42.622807,30.110432,0.706439,12.000000,6.000000,1.000000,1.000000,80.000000,HarvestStat Africa v1.2,https://raw.githubusercontent.com/HarvestStat/HarvestStat-Africa/main/public/hvstat_africa_data_v1.2.csv,WFP HDX CHIRPS v2 dekadal indicators,https://data.humdata.org/dataset/ken-rainfall-subnational
Bungoma,KE039,0.785694,34.718757,1986,82000.000000,164000.000000,2.000000,Annual,0,18.000000,687.519996,854.742337,-19.564064,38.195555,31.175714,0.816213,11.000000,7.000000,3.000000,2.000000,60.000000,HarvestStat Africa v1.2,https://raw.githubusercontent.com/HarvestStat/HarvestStat-Africa/main/public/hvstat_africa_data_v1.2.csv,WFP HDX CHIRPS v2 dekadal indicators,https://data.humdata.org/dataset/ken-rainfall-subnational
Busia,KE040,0.375707,34.265111,1986,24500.000000,30400.000000,1.240816,Annual,0,18.000000,860.173077,900.425645,-4.470393,47.787393,34.782480,0.727859,12.000000,8.000000,3.000000,2.000000,60.000000,HarvestStat Africa v1.2,https://raw.githubusercontent.com/HarvestStat/HarvestStat-Africa/main/public/hvstat_africa_data_v1.2.csv,WFP HDX CHIRPS v2 dekadal indicators,https://data.humdata.org/dataset/ken-rainfall-subnational
Elgeyo-Marakwet,KE028,0.745102,35.560856,1986,20553.413731,57401.444324,2.792794,Annual,0,18.000000,560.373735,657.566659,-14.780695,31.131874,32.311280,1.037884,10.000000,3.000000,6.000000,6.000000,60.000000,HarvestStat Africa v1.2,https://raw.githubusercontent.com/HarvestStat/HarvestStat-Africa/main/public/hvstat_africa_data_v1.2.csv,WFP HDX CHIRPS v2 dekadal indicators,https://data.humdata.org/dataset/ken-rainfall-subnational
Embu,KE014,-0.532830,37.664629,1986,46156.000000,22158.000000,0.480068,Annual,0,18.000000,569.329675,525.286081,8.384687,31.629426,45.373281,1.434527,6.000000,4.000000,9.000000,6.000000,91.000000,HarvestStat Africa v1.2,https://raw.githubusercontent.com/HarvestStat/HarvestStat-Africa/main/public/hvstat_africa_data_v1.2.csv,WFP HDX CHIRPS v2 dekadal indicators,https://data.humdata.org/dataset/ken-rainfall-subnational
Garissa,KE007,-0.520490,40.355590,1986,93.000000,27.452745,0.295191,Annual,0,18.000000,329.385566,240.279175,37.084525,18.299198,20.369223,1.113121,5.000000,3.000000,11.000000,6.000000,91.000000,HarvestStat Africa v1.2,https://raw.githubusercontent.com/HarvestStat/HarvestStat-Africa/main/public/hvstat_africa_data_v1.2.csv,WFP HDX CHIRPS v2 dekadal indicators,https://data.humdata.org/dataset/ken-rainfall-subnational
Isiolo,KE011,1.006385,38.747651,1986,749.300000,525.000000,0.700654,Annual,0,18.000000,209.898795,173.962088,20.657781,11.661044,19.648818,1.684996,3.000000,2.000000,14.000000,6.000000,91.000000,HarvestStat Africa v1.2,https://raw.githubusercontent.com/HarvestStat/HarvestStat-Africa/main/public/hvstat_africa_data_v1.2.csv,WFP HDX CHIRPS v2 dekadal indicators,https://data.humdata.org/dataset/ken-rainfall-subnational
Kajiado,KE034,-2.112369,36.777606,1986,17476.406039,32538.664425,1.861862,Annual,0,18.000000,433.876413,373.466385,16.175493,24.104245,29.341971,1.217295,6.000000,3.000000,8.000000,4.000000,91.000000,HarvestStat Africa v1.2,https://raw.githubusercontent.com/HarvestStat/HarvestStat-Africa/main/public/hvstat_africa_data_v1.2.csv,WFP HDX CHIRPS v2 dekadal indicators,https://data.humdata.org/dataset/ken-rainfall-subnational
Kakamega,KE037,0.497190,34.800929,1986,117267.018813,232997.788471,1.986900,Annual,0,18.000000,807.136838,951.356143,-15.159339,44.840935,33.917433,0.756394,12.000000,7.000000,3.000000,2.000000,60.000000,HarvestStat Africa v1.2,https://raw.githubusercontent.com/HarvestStat/HarvestStat-Africa/main/public/hvstat_africa_data_v1.2.csv,WFP HDX CHIRPS v2 dekadal indicators,https://data.humdata.org/dataset/ken-rainfall-subnational
Kericho,KE035,-0.316683,35.225997,1986,38072.362143,134289.333688,3.527213,Annual,0,18.000000,711.074632,795.027352,-10.559727,39.504146,29.892345,0.756689,11.000000,7.000000,5.000000,2.000000,80.000000,HarvestStat Africa v1.2,https://raw.githubusercontent.com/HarvestStat/HarvestStat-Africa/main/public/hvstat_africa_data_v1.2.csv,WFP HDX CHIRPS v2 dekadal indicators,https://data.humdata.org/dataset/ken-rainfall-subnational
Kiambu,KE022,-1.034385,36.843216,1986,28880.654042,79481.723093,2.752075,Annual,0,18.000000,686.809524,695.396027,-1.234765,38.156085,41.756474,1.094360,8.000000,4.000000,6.000000,4.000000,60.000000,HarvestStat Africa v1.2,https://raw.githubusercontent.com/HarvestStat/HarvestStat-Africa/main/public/hvstat_africa_data_v1.2.csv,WFP HDX CHIRPS v2 dekadal indicators,https://data.humdata.org/dataset/ken-rainfall-subnational
Kilifi,KE003,-3.152441,39.672708,1986,30158.000000,20210.000000,0.670137,Annual,0,18.000000,620.774752,488.607513,27.049776,34.487486,42.176316,1.222946,7.000000,5.000000,7.000000,6.000000,91.000000,HarvestStat Africa v1.2,https://raw.githubusercontent.com/HarvestStat/HarvestStat-Africa/main/public/hvstat_africa_data_v1.2.csv,WFP HDX CHIRPS v2 dekadal indicators,https://data.humdata.org/dataset/ken-rainfall-subnational
Kirinyaga,KE020,-0.467350,37.301902,1986,36545.920424,59412.377679,1.625691,Annual,0,18.000000,712.666660,646.759723,10.190328,39.592592,48.668040,1.229221,9.000000,5.000000,9.000000,6.000000,91.000000,HarvestStat Africa v1.2,https://raw.githubusercontent.com/HarvestStat/HarvestStat-Africa/main/public/hvstat_africa_data_v1.2.csv,WFP HDX CHIRPS v2 dekadal indicators,https://data.humdata.org/dataset/ken-rainfall-subnational
Kisii,KE045,-0.736677,34.753510,1986,34581.237070,124492.321982,3.599996,Annual,0,18.000000,936.925007,925.845013,1.196744,52.051389,36.123842,0.694003,14.000000,8.000000,0.000000,0.000000,60.000000,HarvestStat Africa v1.2,https://raw.githubusercontent.com/HarvestStat/HarvestStat-Africa/main/public/hvstat_africa_data_v1.2.csv,WFP HDX CHIRPS v2 dekadal indicators,https://data.humdata.org/dataset/ken-rainfall-subnational
Kisumu,KE042,-0.194380,34.777329,1986,17441.000000,30600.000000,1.754487,Annual,0,18.000000,791.362321,816.425122,-3.069822,43.964573,30.200736,0.686933,13.000000,7.000000,1.000000,1.000000,60.000000,HarvestStat Africa v1.2,https://raw.githubusercontent.com/HarvestStat/HarvestStat-Africa/main/public/hvstat_africa_data_v1.2.csv,WFP HDX CHIRPS v2 dekadal indicators,https://data.humdata.org/dataset/ken-rainfall-subnational
Kitui,KE015,-1.560490,38.371810,1986,60092.000000,1056.000000,0.017573,Annual,0,18.000000,311.928783,272.434005,14.497008,17.329377,25.090047,1.447833,5.000000,3.000000,12.000000,6.000000,91.000000,HarvestStat Africa v1.2,https://raw.githubusercontent.com/HarvestStat/HarvestStat-Africa/main/public/hvstat_africa_data_v1.2.csv,WFP HDX CHIRPS v2 dekadal indicators,https://data.humdata.org/dataset/ken-rainfall-subnational
Kwale,KE002,-4.120591,39.066136,1986,10062.000000,9962.376238,0.990099,Annual,0,18.000000,565.223041,541.885007,4.306824,31.401280,38.429845,1.223831,7.000000,5.000000,6.000000,3.000000,91.000000,HarvestStat Africa v1.2,https://raw.githubusercontent.com/HarvestStat/HarvestStat-Africa/main/public/hvstat_africa_data_v1.2.csv,WFP HDX CHIRPS v2 dekadal indicators,https://data.humdata.org/dataset/ken-rainfall-subnational
Laikipia,KE031,0.289134,36.825248,1986,16627.480771,46437.123498,2.792794,Annual,0,18.000000,394.155630,361.774838,8.950537,21.897535,28.002304,1.278788,6.000000,2.000000,8.000000,6.000000,91.000000,HarvestStat Africa v1.2,https://raw.githubusercontent.com/HarvestStat/HarvestStat-Africa/main/public/hvstat_africa_data_v1.2.csv,WFP HDX CHIRPS v2 dekadal indicators,https://data.humdata.org/dataset/ken-rainfall-subnational
Lamu,KE005,-2.063679,40.545830,1986,2253.000000,2916.000000,1.294274,Annual,0,18.000000,973.034479,534.602138,82.010959,54.057471,91.202084,1.687132,9.000000,4.000000,7.000000,6.000000,91.000000,HarvestStat Africa v1.2,https://raw.githubusercontent.com/HarvestStat/HarvestStat-Africa/main/public/hvstat_africa_data_v1.2.csv,WFP HDX CHIRPS v2 dekadal indicators,https://data.humdata.org/dataset/ken-rainfall-subnational
Machakos,KE016,-1.276237,37.394595,1986,84026.102946,85919.050546,1.022528,Annual,0,18.000000,443.137930,412.340392,7.468960,24.618774,32.803792,1.332471,6.000000,3.000000,10.000000,6.000000,91.000000,HarvestStat Africa v1.2,https://raw.githubusercontent.com/HarvestStat/HarvestStat-Africa/main/public/hvstat_africa_data_v1.2.csv,WFP HDX CHIRPS v2 dekadal indicators,https://data.humdata.org/dataset/ken-rainfall-subnational
Makueni,KE017,-2.253637,37.876663,1986,93973.897054,96090.949454,1.022528,Annual,0,18.000000,351.836581,334.183265,5.282525,19.546477,24.097804,1.232846,5.000000,3.000000,11.000000,6.000000,91.000000,HarvestStat Africa v1.2,https://raw.githubusercontent.com/HarvestStat/HarvestStat-Africa/main/public/hvstat_africa_data_v1.2.csv,WFP HDX CHIRPS v2 dekadal indicators,https://data.humdata.org/dataset/ken-rainfall-subnational
Mandera,KE009,3.230964,40.711346,1986,1216.000000,684.068407,0.562556,Annual,0,18.000000,176.389549,189.924349,-7.126416,9.799419,15.113078,1.542242,3.000000,1.000000,14.000000,9.000000,91.000000,HarvestStat Africa v1.2,https://raw.githubusercontent.com/HarvestStat/HarvestStat-Africa/main/public/hvstat_africa_data_v1.2.csv,WFP HDX CHIRPS v2 dekadal indicators,https://data.humdata.org/dataset/ken-rainfall-subnational
Marsabit,KE010,2.860480,37.714884,1986,6695.000000,9038.000000,1.349963,Annual,0,18.000000,165.876735,184.486778,-10.087467,9.215374,13.011252,1.411907,4.000000,0.000000,14.000000,6.000000,91.000000,HarvestStat Africa v1.2,https://raw.githubusercontent.com/HarvestStat/HarvestStat-Africa/main/public/hvstat_africa_data_v1.2.csv,WFP HDX CHIRPS v2 dekadal indicators,https://data.humdata.org/dataset/ken-rainfall-subnational
Meru,KE012,0.229055,37.776111,1986,43669.439880,76429.621656,1.750186,Annual,0,18.000000,576.546252,524.441410,9.935303,32.030347,49.531694,1.546399,7.000000,3.000000,8.000000,6.000000,60.000000,HarvestStat Africa v1.2,https://raw.githubusercontent.com/HarvestStat/HarvestStat-Africa/main/public/hvstat_africa_data_v1.2.csv,WFP HDX CHIRPS v2 dekadal indicators,https://data.humdata.org/dataset/ken-rainfall-subnational
Mombasa,KE001,-3.990448,39.701130,1986,400.000000,639.000000,1.597500,Annual,0,18.000000,940.800000,734.479994,28.090623,52.266667,76.295296,1.459731,9.000000,5.000000,8.000000,7.000000,80.000000,HarvestStat Africa v1.2,https://raw.githubusercontent.com/HarvestStat/HarvestStat-Africa/main/public/hvstat_africa_data_v1.2.csv,WFP HDX CHIRPS v2 dekadal indicators,https://data.humdata.org/dataset/ken-rainfall-subnational
Murang'a,KE021,-0.828519,37.004173,1986,52223.584307,87975.558524,1.684594,Annual,0,18.000000,734.655460,695.837541,5.578589,40.814192,49.161895,1.204529,8.000000,5.000000,7.000000,5.000000,80.000000,HarvestStat Africa v1.2,https://raw.githubusercontent.com/HarvestStat/HarvestStat-Africa/main/public/hvstat_africa_data_v1.2.csv,WFP HDX CHIRPS v2 dekadal indicators,https://data.humdata.org/dataset/ken-rainfall-subnational
Nairobi,KE047,-1.300489,36.827926,1986,1200.000000,1944.194419,1.620162,Annual,0,18.000000,567.115391,505.110248,12.275566,31.506411,37.108962,1.177823,8.000000,4.000000,9.000000,5.000000,91.000000,HarvestStat Africa v1.2,https://raw.githubusercontent.com/HarvestStat/HarvestStat-Africa/main/public/hvstat_africa_data_v1.2.csv,WFP HDX CHIRPS v2 dekadal indicators,https://data.humdata.org/dataset/ken-rainfall-subnational
Nakuru,KE032,-0.458448,36.100384,1986,57180.058874,159692.108030,2.792794,Annual,0,18.000000,465.516796,535.090196,-13.002182,25.862044,25.119863,0.971302,9.000000,1.000000,7.000000,6.000000,91.000000,HarvestStat Africa v1.2,https://raw.githubusercontent.com/HarvestStat/HarvestStat-Africa/main/public/hvstat_africa_data_v1.2.csv,WFP HDX CHIRPS v2 dekadal indicators,https://data.humdata.org/dataset/ken-rainfall-subnational
Nandi,KE029,0.227352,35.123876,1986,71506.481056,199702.849604,2.792794,Annual,0,18.000000,697.725276,819.099630,-14.818021,38.762515,28.579640,0.737301,12.000000,7.000000,4.000000,2.000000,60.000000,HarvestStat Africa v1.2,https://raw.githubusercontent.com/HarvestStat/HarvestStat-Africa/main/public/hvstat_africa_data_v1.2.csv,WFP HDX CHIRPS v2 dekadal indicators,https://data.humdata.org/dataset/ken-rainfall-subnational
Narok,KE033,-1.279878,35.476358,1986,25949.000000,28541.000000,1.099888,Annual,0,18.000000,495.130361,591.197598,-16.249599,27.507242,22.632567,0.822786,9.000000,3.000000,4.000000,1.000000,80.000000,HarvestStat Africa v1.2,https://raw.githubusercontent.com/HarvestStat/HarvestStat-Africa/main/public/hvstat_africa_data_v1.2.csv,WFP HDX CHIRPS v2 dekadal indicators,https://data.humdata.org/dataset/ken-rainfall-subnational
Nyamira,KE046,-0.649378,34.933398,1986,18025.762930,64892.678018,3.599996,Annual,0,18.000000,843.517248,912.716100,-7.581640,46.862069,32.082274,0.684611,13.000000,6.000000,0.000000,0.000000,60.000000,HarvestStat Africa v1.2,https://raw.githubusercontent.com/HarvestStat/HarvestStat-Africa/main/public/hvstat_africa_data_v1.2.csv,WFP HDX CHIRPS v2 dekadal indicators,https://data.humdata.org/dataset/ken-rainfall-subnational
Nyandarua,KE018,-0.389093,36.497431,1986,22214.208328,61635.894808,2.774616,Annual,0,18.000000,579.249999,598.538580,-3.222613,32.180556,34.193851,1.062562,10.000000,4.000000,7.000000,6.000000,91.000000,HarvestStat Africa v1.2,https://raw.githubusercontent.com/HarvestStat/HarvestStat-Africa/main/public/hvstat_africa_data_v1.2.csv,WFP HDX CHIRPS v2 dekadal indicators,https://data.humdata.org/dataset/ken-rainfall-subnational
Nyeri,KE019,-0.314375,36.930473,1986,26104.696706,40804.544065,1.563111,Annual,0,18.000000,743.263637,644.133946,15.389608,41.292424,46.094827,1.116302,8.000000,6.000000,7.000000,6.000000,91.000000,HarvestStat Africa v1.2,https://raw.githubusercontent.com/HarvestStat/HarvestStat-Africa/main/public/hvstat_africa_data_v1.2.csv,WFP HDX CHIRPS v2 dekadal indicators,https://data.humdata.org/dataset/ken-rainfall-subnational
Samburu,KE025,1.541373,36.941540,1986,1834.565378,3415.708417,1.861862,Annual,0,18.000000,264.680292,270.988171,-2.327732,14.704461,19.830644,1.348614,5.000000,1.000000,12.000000,6.000000,60.000000,HarvestStat Africa v1.2,https://raw.githubusercontent.com/HarvestStat/HarvestStat-Africa/main/public/hvstat_africa_data_v1.2.csv,WFP HDX CHIRPS v2 dekadal indicators,https://data.humdata.org/dataset/ken-rainfall-subnational
Siaya,KE041,-0.057674,34.199887,1986,43574.000000,58823.000000,1.349956,Annual,0,18.000000,841.862500,811.195420,3.780480,46.770139,36.711424,0.784933,11.000000,8.000000,3.000000,2.000000,60.000000,HarvestStat Africa v1.2,https://raw.githubusercontent.com/HarvestStat/HarvestStat-Africa/main/public/hvstat_africa_data_v1.2.csv,WFP HDX CHIRPS v2 dekadal indicators,https://data.humdata.org/dataset/ken-rainfall-subnational
Taita Taveta,KE006,-3.405203,38.371760,1986,5187.000000,7271.000000,1.401774,Annual,0,18.000000,299.677361,310.607723,-3.519024,16.648742,15.646604,0.939807,7.000000,1.000000,9.000000,6.000000,91.000000,HarvestStat Africa v1.2,https://raw.githubusercontent.com/HarvestStat/HarvestStat-Africa/main/public/hvstat_africa_data_v1.2.csv,WFP HDX CHIRPS v2 dekadal indicators,https://data.humdata.org/dataset/ken-rainfall-subnational
Tana River,KE004,-1.534918,39.550288,1986,1076.000000,1505.040504,1.398737,Annual,0,18.000000,226.325503,192.080568,17.828423,12.573639,11.923515,0.948295,5.000000,0.000000,10.000000,6.000000,91.000000,HarvestStat Africa v1.2,https://raw.githubusercontent.com/HarvestStat/HarvestStat-Africa/main/public/hvstat_africa_data_v1.2.csv,WFP HDX CHIRPS v2 dekadal indicators,https://data.humdata.org/dataset/ken-rainfall-subnational
Tharaka-Nithi,KE013,-0.191445,37.960417,1986,14273.560120,24981.378344,1.750186,Annual,0,18.000000,615.107140,547.091662,12.432191,34.172619,50.918550,1.490039,7.000000,5.000000,8.000000,6.000000,60.000000,HarvestStat Africa v1.2,https://raw.githubusercontent.com/HarvestStat/HarvestStat-Africa/main/public/hvstat_africa_data_v1.2.csv,WFP HDX CHIRPS v2 dekadal indicators,https://data.humdata.org/dataset/ken-rainfall-subnational
Trans Nzoia,KE026,1.045915,34.980778,1986,47599.858703,173311.084416,3.641000,Annual,0,18.000000,554.101263,634.237966,-12.635116,30.783404,30.609863,0.994363,10.000000,2.000000,7.000000,6.000000,91.000000,HarvestStat Africa v1.2,https://raw.githubusercontent.com/HarvestStat/HarvestStat-Africa/main/public/hvstat_africa_data_v1.2.csv,WFP HDX CHIRPS v2 dekadal indicators,https://data.humdata.org/dataset/ken-rainfall-subnational
Uasin Gishu,KE027,0.478188,35.303799,1986,59870.000000,199367.000000,3.329998,Annual,0,18.000000,513.693695,606.721928,-15.332927,28.538539,28.319490,0.992324,10.000000,1.000000,6.000000,3.000000,91.000000,HarvestStat Africa v1.2,https://raw.githubusercontent.com/HarvestStat/HarvestStat-Africa/main/public/hvstat_africa_data_v1.2.csv,WFP HDX CHIRPS v2 dekadal indicators,https://data.humdata.org/dataset/ken-rainfall-subnational
Vihiga,KE038,0.084857,34.707784,1986,20132.981187,40002.211529,1.986900,Annual,0,18.000000,969.052621,1006.033351,-3.675895,53.836257,39.159948,0.727390,13.000000,8.000000,1.000000,1.000000,60.000000,HarvestStat Africa v1.2,https://raw.githubusercontent.com/HarvestStat/HarvestStat-Africa/main/public/hvstat_africa_data_v1.2.csv,WFP HDX CHIRPS v2 dekadal indicators,https://data.humdata.org/dataset/ken-rainfall-subnational
Wajir,KE008,1.939715,40.024507,1986,828.500000,224.482448,0.270950,Annual,0,18.000000,222.273669,193.539230,14.846829,12.348537,20.797979,1.684246,3.000000,2.000000,14.000000,6.000000,91.000000,HarvestStat Africa v1.2,https://raw.githubusercontent.com/HarvestStat/HarvestStat-Africa/main/public/hvstat_africa_data_v1.2.csv,WFP HDX CHIRPS v2 dekadal indicators,https://data.humdata.org/dataset/ken-rainfall-subnational
West Pokot,KE024,1.893374,35.212768,1986,12450.000000,28013.000000,2.250040,Annual,0,18.000000,437.275509,443.095810,-1.313553,24.293084,30.722731,1.264670,8.000000,2.000000,7.000000,6.000000,91.000000,HarvestStat Africa v1.2,https://raw.githubusercontent.com/HarvestStat/HarvestStat-Africa/main/public/hvstat_africa_data_v1.2.csv,WFP HDX CHIRPS v2 dekadal indicators,https://data.humdata.org/dataset/ken-rainfall-subnational
Baringo,KE030,0.726352,36.018591,1987,16500.000000,51975.000000,3.150000,Annual,0,18.000000,492.561250,465.744538,5.757816,27.364514,25.144695,0.918880,8.000000,3.000000,7.000000,5.000000,91.000000,HarvestStat Africa v1.2,https://raw.githubusercontent.com/HarvestStat/HarvestStat-Africa/main/public/hvstat_africa_data_v1.2.csv,WFP HDX CHIRPS v2 dekadal indicators,https://data.humdata.org/dataset/ken-rainfall-subnational
Bomet,KE036,-0.716095,35.238459,1987,31842.262938,114631.987750,3.599995,Annual,0,18.000000,951.578955,842.724213,12.917007,52.865497,28.032050,0.530252,16.000000,9.000000,0.000000,0.000000,60.000000,HarvestStat Africa v1.2,https://raw.githubusercontent.com/HarvestStat/HarvestStat-Africa/main/public/hvstat_africa_data_v1.2.csv,WFP HDX CHIRPS v2 dekadal indicators,https://data.humdata.org/dataset/ken-rainfall-subnational
Bungoma,KE039,0.785694,34.718757,1987,83570.000000,188030.000000,2.249970,Annual,0,18.000000,842.610004,854.742337,-1.419414,46.811667,31.230295,0.667148,15.000000,7.000000,3.000000,2.000000,60.000000,HarvestStat Africa v1.2,https://raw.githubusercontent.com/HarvestStat/HarvestStat-Africa/main/public/hvstat_africa_data_v1.2.csv,WFP HDX CHIRPS v2 dekadal indicators,https://data.humdata.org/dataset/ken-rainfall-subnational
Busia,KE040,0.375707,34.265111,1987,24900.000000,26890.000000,1.079920,Annual,0,18.000000,862.673078,900.425645,-4.192747,47.926282,27.884699,0.581825,15.000000,7.000000,1.000000,1.000000,60.000000,HarvestStat Africa v1.2,https://raw.githubusercontent.com/HarvestStat/HarvestStat-Africa/main/public/hvstat_africa_data_v1.2.csv,WFP HDX CHIRPS v2 dekadal indicators,https://data.humdata.org/dataset/ken-rainfall-subnational
Elgeyo-Marakwet,KE028,0.745102,35.560856,1987,21200.000000,57240.000000,2.700000,Annual,0,18.000000,675.797977,657.566659,2.772543,37.544332,31.115022,0.828754,11.000000,6.000000,3.000000,2.000000,60.000000,HarvestStat Africa v1.2,https://raw.githubusercontent.com/HarvestStat/HarvestStat-Africa/main/public/hvstat_africa_data_v1.2.csv,WFP HDX CHIRPS v2 dekadal indicators,https://data.humdata.org/dataset/ken-rainfall-subnational
Embu,KE014,-0.532830,37.664629,1987,46300.000000,62505.000000,1.350000,Annual,0,18.000000,485.109896,525.286081,-7.648439,26.950550,35.469904,1.316111,7.000000,4.000000,9.000000,6.000000,91.000000,HarvestStat Africa v1.2,https://raw.githubusercontent.com/HarvestStat/HarvestStat-Africa/main/public/hvstat_africa_data_v1.2.csv,WFP HDX CHIRPS v2 dekadal indicators,https://data.humdata.org/dataset/ken-rainfall-subnational
Garissa,KE007,-0.520490,40.355590,1987,300.000000,240.054005,0.800180,Annual,0,18.000000,249.475598,240.279175,3.827391,13.859755,15.309119,1.104574,5.000000,1.000000,12.000000,9.000000,91.000000,HarvestStat Africa v1.2,https://raw.githubusercontent.com/HarvestStat/HarvestStat-Africa/main/public/hvstat_africa_data_v1.2.csv,WFP HDX CHIRPS v2 dekadal indicators,https://data.humdata.org/dataset/ken-rainfall-subnational
Isiolo,KE011,1.006385,38.747651,1987,313.000000,613.000000,1.958466,Annual,0,18.000000,126.898795,173.962088,-27.053764,7.049933,10.009995,1.419871,1.000000,0.000000,14.000000,7.000000,91.000000,HarvestStat Africa v1.2,https://raw.githubusercontent.com/HarvestStat/HarvestStat-Africa/main/public/hvstat_africa_data_v1.2.csv,WFP HDX CHIRPS v2 dekadal indicators,https://data.humdata.org/dataset/ken-rainfall-subnational
Kajiado,KE034,-2.112369,36.777606,1987,4134.000000,7441.000000,1.799952,Annual,0,18.000000,403.071625,373.466385,7.927150,22.392868,22.546346,1.006854,7.000000,1.000000,7.000000,2.000000,60.000000,HarvestStat Africa v1.2,https://raw.githubusercontent.com/HarvestStat/HarvestStat-Africa/main/public/hvstat_africa_data_v1.2.csv,WFP HDX CHIRPS v2 dekadal indicators,https://data.humdata.org/dataset/ken-rainfall-subnational
Kakamega,KE037,0.497190,34.800929,1987,104123.553822,178051.277036,1.710000,Annual,0,18.000000,940.747371,951.356143,-1.115121,52.263743,32.605202,0.623859,15.000000,8.000000,3.000000,2.000000,60.000000,HarvestStat Africa v1.2,https://raw.githubusercontent.com/HarvestStat/HarvestStat-Africa/main/public/hvstat_africa_data_v1.2.csv,WFP HDX CHIRPS v2 dekadal indicators,https://data.humdata.org/dataset/ken-rainfall-subnational
Kericho,KE035,-0.316683,35.225997,1987,48351.737062,174066.012250,3.599995,Annual,0,18.000000,855.955234,795.027352,7.663621,47.553069,28.232268,0.593700,14.000000,8.000000,2.000000,1.000000,60.000000,HarvestStat Africa v1.2,https://raw.githubusercontent.com/HarvestStat/HarvestStat-Africa/main/public/hvstat_africa_data_v1.2.csv,WFP HDX CHIRPS v2 dekadal indicators,https://data.humdata.org/dataset/ken-rainfall-subnational
Kiambu,KE022,-1.034385,36.843216,1987,15709.000000,26705.000000,1.699981,Annual,0,18.000000,595.619048,695.396027,-14.348224,33.089947,30.638818,0.925925,9.000000,5.000000,7.000000,3.000000,91.000000,HarvestStat Africa v1.2,https://raw.githubusercontent.com/HarvestStat/HarvestStat-Africa/main/public/hvstat_africa_data_v1.2.csv,WFP HDX CHIRPS v2 dekadal indicators,https://data.humdata.org/dataset/ken-rainfall-subnational
Kilifi,KE003,-3.152441,39.672708,1987,44722.000000,26820.000000,0.599705,Annual,0,18.000000,496.544551,488.607513,1.624420,27.585808,37.557116,1.361465,7.000000,3.000000,9.000000,9.000000,91.000000,HarvestStat Africa v1.2,https://raw.githubusercontent.com/HarvestStat/HarvestStat-Africa/main/public/hvstat_africa_data_v1.2.csv,WFP HDX CHIRPS v2 dekadal indicators,https://data.humdata.org/dataset/ken-rainfall-subnational
Kirinyaga,KE020,-0.467350,37.301902,1987,31284.000000,56310.000000,1.799962,Annual,0,18.000000,558.583330,646.759723,-13.633563,31.032407,32.438903,1.045323,7.000000,5.000000,8.000000,6.000000,91.000000,HarvestStat Africa v1.2,https://raw.githubusercontent.com/HarvestStat/HarvestStat-Africa/main/public/hvstat_africa_data_v1.2.csv,WFP HDX CHIRPS v2 dekadal indicators,https://data.humdata.org/dataset/ken-rainfall-subnational
Kisii,KE045,-0.736677,34.753510,1987,35403.582529,124266.850765,3.510008,Annual,0,18.000000,948.000002,925.845013,2.392948,52.666667,26.451094,0.502236,15.000000,10.000000,0.000000,0.000000,60.000000,HarvestStat Africa v1.2,https://raw.githubusercontent.com/HarvestStat/HarvestStat-Africa/main/public/hvstat_africa_data_v1.2.csv,WFP HDX CHIRPS v2 dekadal indicators,https://data.humdata.org/dataset/ken-rainfall-subnational
Kisumu,KE042,-0.194380,34.777329,1987,15901.000000,31484.000000,1.980001,Annual,0,18.000000,825.217395,816.425122,1.076923,45.845411,22.858668,0.498603,14.000000,8.000000,0.000000,0.000000,60.000000,HarvestStat Africa v1.2,https://raw.githubusercontent.com/HarvestStat/HarvestStat-Africa/main/public/hvstat_africa_data_v1.2.csv,WFP HDX CHIRPS v2 dekadal indicators,https://data.humdata.org/dataset/ken-rainfall-subnational
Kitui,KE015,-1.560490,38.371810,1987,110949.000000,55958.000000,0.504358,Annual,0,18.000000,237.738216,272.434005,-12.735484,13.207679,20.571585,1.557547,4.000000,1.000000,12.000000,6.000000,91.000000,HarvestStat Africa v1.2,https://raw.githubusercontent.com/HarvestStat/HarvestStat-Africa/main/public/hvstat_africa_data_v1.2.csv,WFP HDX CHIRPS v2 dekadal indicators,https://data.humdata.org/dataset/ken-rainfall-subnational
Kwale,KE002,-4.120591,39.066136,1987,14639.000000,16077.317732,1.098252,Annual,0,18.000000,458.550193,541.885007,-15.378690,25.475011,36.013563,1.413682,7.000000,2.000000,7.000000,5.000000,91.000000,HarvestStat Africa v1.2,https://raw.githubusercontent.com/HarvestStat/HarvestStat-Africa/main/public/hvstat_africa_data_v1.2.csv,WFP HDX CHIRPS v2 dekadal indicators,https://data.humdata.org/dataset/ken-rainfall-subnational
Laikipia,KE031,0.289134,36.825248,1987,16574.000000,37291.500000,2.250000,Annual,0,18.000000,338.857618,361.774838,-6.334664,18.825423,15.859953,0.842475,7.000000,1.000000,8.000000,7.000000,91.000000,HarvestStat Africa v1.2,https://raw.githubusercontent.com/HarvestStat/HarvestStat-Africa/main/public/hvstat_africa_data_v1.2.csv,WFP HDX CHIRPS v2 dekadal indicators,https://data.humdata.org/dataset/ken-rainfall-subnational
Lamu,KE005,-2.063679,40.545830,1987,3000.000000,3400.000000,1.133333,Annual,0,18.000000,866.108392,534.602138,62.009900,48.117133,82.956483,1.724053,8.000000,6.000000,9.000000,9.000000,101.000000,HarvestStat Africa v1.2,https://raw.githubusercontent.com/HarvestStat/HarvestStat-Africa/main/public/hvstat_africa_data_v1.2.csv,WFP HDX CHIRPS v2 dekadal indicators,https://data.humdata.org/dataset/ken-rainfall-subnational
Machakos,KE016,-1.276237,37.394595,1987,81193.762397,151246.985302,1.862791,Annual,0,18.000000,372.098517,412.340392,-9.759382,20.672140,26.230888,1.268900,7.000000,2.000000,9.000000,5.000000,91.000000,HarvestStat Africa v1.2,https://raw.githubusercontent.com/HarvestStat/HarvestStat-Africa/main/public/hvstat_africa_data_v1.2.csv,WFP HDX CHIRPS v2 dekadal indicators,https://data.humdata.org/dataset/ken-rainfall-subnational
Makueni,KE017,-2.253637,37.876663,1987,90806.237603,169153.014698,1.862791,Annual,1,18.000000,293.817121,334.183265,-12.079044,16.323173,19.531988,1.196580,5.000000,1.000000,10.000000,5.000000,91.000000,HarvestStat Africa v1.2,https://raw.githubusercontent.com/HarvestStat/HarvestStat-Africa/main/public/hvstat_africa_data_v1.2.csv,WFP HDX CHIRPS v2 dekadal indicators,https://data.humdata.org/dataset/ken-rainfall-subnational
Mandera,KE009,3.230964,40.711346,1987,1874.000000,431.000000,0.229989,Annual,0,18.000000,240.744653,189.924349,26.758183,13.374703,22.069349,1.650081,4.000000,2.000000,11.000000,7.000000,91.000000,HarvestStat Africa v1.2,https://raw.githubusercontent.com/HarvestStat/HarvestStat-Africa/main/public/hvstat_africa_data_v1.2.csv,WFP HDX CHIRPS v2 dekadal indicators,https://data.humdata.org/dataset/ken-rainfall-subnational
Marsabit,KE010,2.860480,37.714884,1987,6880.000000,7800.000000,1.133721,Annual,0,18.000000,210.826390,184.486778,14.277236,11.712577,14.411071,1.230393,3.000000,1.000000,10.000000,5.000000,91.000000,HarvestStat Africa v1.2,https://raw.githubusercontent.com/HarvestStat/HarvestStat-Africa/main/public/hvstat_africa_data_v1.2.csv,WFP HDX CHIRPS v2 dekadal indicators,https://data.humdata.org/dataset/ken-rainfall-subnational
Meru,KE012,0.229055,37.776111,1987,40558.322958,129542.446961,3.193979,Annual,0,18.000000,363.603524,524.441410,-30.668418,20.200196,20.795944,1.029492,8.000000,1.000000,9.000000,6.000000,91.000000,HarvestStat Africa v1.2,https://raw.githubusercontent.com/HarvestStat/HarvestStat-Africa/main/public/hvstat_africa_data_v1.2.csv,WFP HDX CHIRPS v2 dekadal indicators,https://data.humdata.org/dataset/ken-rainfall-subnational
Mombasa,KE001,-3.990448,39.701130,1987,670.000000,489.000000,0.729851,Annual,0,18.000000,715.200000,734.479994,-2.624986,39.733333,64.530096,1.624080,8.000000,4.000000,8.000000,6.000000,91.000000,HarvestStat Africa v1.2,https://raw.githubusercontent.com/HarvestStat/HarvestStat-Africa/main/public/hvstat_africa_data_v1.2.csv,WFP HDX CHIRPS v2 dekadal indicators,https://data.humdata.org/dataset/ken-rainfall-subnational
Murang'a,KE021,-0.828519,37.004173,1987,46300.000000,70783.000000,1.528790,Annual,0,18.000000,575.630251,695.837541,-17.275195,31.979458,34.146847,1.067774,9.000000,4.000000,8.000000,6.000000,91.000000,HarvestStat Africa v1.2,https://raw.githubusercontent.com/HarvestStat/HarvestStat-Africa/main/public/hvstat_africa_data_v1.2.csv,WFP HDX CHIRPS v2 dekadal indicators,https://data.humdata.org/dataset/ken-rainfall-subnational
Nairobi,KE047,-1.300489,36.827926,1987,2369.500000,3198.825000,1.350000,Annual,0,18.000000,441.884612,505.110248,-12.517195,24.549145,25.734103,1.048269,8.000000,4.000000,9.000000,6.000000,91.000000,HarvestStat Africa v1.2,https://raw.githubusercontent.com/HarvestStat/HarvestStat-Africa/main/public/hvstat_africa_data_v1.2.csv,WFP HDX CHIRPS v2 dekadal indicators,https://data.humdata.org/dataset/ken-rainfall-subnational
Nakuru,KE032,-0.458448,36.100384,1987,66618.000000,179868.600000,2.700000,Annual,0,18.000000,491.462184,535.090196,-8.153394,27.303455,21.286473,0.779626,9.000000,3.000000,3.000000,1.000000,91.000000,HarvestStat Africa v1.2,https://raw.githubusercontent.com/HarvestStat/HarvestStat-Africa/main/public/hvstat_africa_data_v1.2.csv,WFP HDX CHIRPS v2 dekadal indicators,https://data.humdata.org/dataset/ken-rainfall-subnational
Nandi,KE029,0.227352,35.123876,1987,62635.000000,197300.250000,3.150000,Annual,0,18.000000,782.461536,819.099630,-4.472972,43.470085,26.918391,0.619239,14.000000,7.000000,2.000000,1.000000,60.000000,HarvestStat Africa v1.2,https://raw.githubusercontent.com/HarvestStat/HarvestStat-Africa/main/public/hvstat_africa_data_v1.2.csv,WFP HDX CHIRPS v2 dekadal indicators,https://data.humdata.org/dataset/ken-rainfall-subnational
Narok,KE033,-1.279878,35.476358,1987,35500.000000,95850.000000,2.700000,Annual,0,18.000000,603.581470,591.197598,2.094710,33.532304,17.863632,0.532729,14.000000,3.000000,0.000000,0.000000,60.000000,HarvestStat Africa v1.2,https://raw.githubusercontent.com/HarvestStat/HarvestStat-Africa/main/public/hvstat_africa_data_v1.2.csv,WFP HDX CHIRPS v2 dekadal indicators,https://data.humdata.org/dataset/ken-rainfall-subnational
Nyamira,KE046,-0.649378,34.933398,1987,18454.417471,64775.149235,3.510008,Annual,0,18.000000,980.206902,912.716100,7.394501,54.455939,26.844482,0.492958,15.000000,10.000000,0.000000,0.000000,60.000000,HarvestStat Africa v1.2,https://raw.githubusercontent.com/HarvestStat/HarvestStat-Africa/main/public/hvstat_africa_data_v1.2.csv,WFP HDX CHIRPS v2 dekadal indicators,https://data.humdata.org/dataset/ken-rainfall-subnational
Nyandarua,KE018,-0.389093,36.497431,1987,18640.000000,65240.000000,3.500000,Annual,0,18.000000,557.064822,598.538580,-6.929170,30.948046,26.799605,0.865955,10.000000,3.000000,5.000000,2.000000,91.000000,HarvestStat Africa v1.2,https://raw.githubusercontent.com/HarvestStat/HarvestStat-Africa/main/public/hvstat_africa_data_v1.2.csv,WFP HDX CHIRPS v2 dekadal indicators,https://data.humdata.org/dataset/ken-rainfall-subnational
Nyeri,KE019,-0.314375,36.930473,1987,21483.000000,34655.000000,1.613136,Annual,0,18.000000,543.481807,644.133946,-15.625964,30.193434,25.099992,0.831306,9.000000,4.000000,7.000000,4.000000,91.000000,HarvestStat Africa v1.2,https://raw.githubusercontent.com/HarvestStat/HarvestStat-Africa/main/public/hvstat_africa_data_v1.2.csv,WFP HDX CHIRPS v2 dekadal indicators,https://data.humdata.org/dataset/ken-rainfall-subnational
Samburu,KE025,1.541373,36.941540,1987,1200.000000,3240.000000,2.700000,Annual,0,18.000000,271.922621,270.988171,0.344830,15.106812,16.724869,1.107108,4.000000,1.000000,10.000000,6.000000,91.000000,HarvestStat Africa v1.2,https://raw.githubusercontent.com/HarvestStat/HarvestStat-Africa/main/public/hvstat_africa_data_v1.2.csv,WFP HDX CHIRPS v2 dekadal indicators,https://data.humdata.org/dataset/ken-rainfall-subnational
Siaya,KE041,-0.057674,34.199887,1987,49079.000000,66257.000000,1.350007,Annual,0,18.000000,796.550001,811.195420,-1.805412,44.252778,25.215718,0.569811,14.000000,7.000000,1.000000,1.000000,60.000000,HarvestStat Africa v1.2,https://raw.githubusercontent.com/HarvestStat/HarvestStat-Africa/main/public/hvstat_africa_data_v1.2.csv,WFP HDX CHIRPS v2 dekadal indicators,https://data.humdata.org/dataset/ken-rainfall-subnational
Taita Taveta,KE006,-3.405203,38.371760,1987,6089.000000,10046.000000,1.649860,Annual,0,18.000000,286.939391,310.607723,-7.620007,15.941077,19.771040,1.240257,4.000000,1.000000,9.000000,5.000000,91.000000,HarvestStat Africa v1.2,https://raw.githubusercontent.com/HarvestStat/HarvestStat-Africa/main/public/hvstat_africa_data_v1.2.csv,WFP HDX CHIRPS v2 dekadal indicators,https://data.humdata.org/dataset/ken-rainfall-subnational
Tana River,KE004,-1.534918,39.550288,1987,929.000000,1036.093609,1.115278,Annual,0,18.000000,204.516601,192.080568,6.474384,11.362033,12.594817,1.108500,4.000000,0.000000,13.000000,9.000000,91.000000,HarvestStat Africa v1.2,https://raw.githubusercontent.com/HarvestStat/HarvestStat-Africa/main/public/hvstat_africa_data_v1.2.csv,WFP HDX CHIRPS v2 dekadal indicators,https://data.humdata.org/dataset/ken-rainfall-subnational
Tharaka-Nithi,KE013,-0.191445,37.960417,1987,13256.677042,42341.553039,3.193979,Annual,1,18.000000,489.392855,547.091662,-10.546461,27.188492,37.983050,1.397027,8.000000,4.000000,9.000000,6.000000,91.000000,HarvestStat Africa v1.2,https://raw.githubusercontent.com/HarvestStat/HarvestStat-Africa/main/public/hvstat_africa_data_v1.2.csv,WFP HDX CHIRPS v2 dekadal indicators,https://data.humdata.org/dataset/ken-rainfall-subnational
Trans Nzoia,KE026,1.045915,34.980778,1987,68080.000000,245088.000000,3.600000,Annual,0,18.000000,604.113927,634.237966,-4.749643,33.561885,26.424392,0.787333,10.000000,5.000000,3.000000,2.000000,60.000000,HarvestStat Africa v1.2,https://raw.githubusercontent.com/HarvestStat/HarvestStat-Africa/main/public/hvstat_africa_data_v1.2.csv,WFP HDX CHIRPS v2 dekadal indicators,https://data.humdata.org/dataset/ken-rainfall-subnational
Uasin Gishu,KE027,0.478188,35.303799,1987,59830.000000,215388.000000,3.600000,Annual,0,18.000000,602.918920,606.721928,-0.626813,33.495496,25.650205,0.765781,11.000000,4.000000,3.000000,2.000000,60.000000,HarvestStat Africa v1.2,https://raw.githubusercontent.com/HarvestStat/HarvestStat-Africa/main/public/hvstat_africa_data_v1.2.csv,WFP HDX CHIRPS v2 dekadal indicators,https://data.humdata.org/dataset/ken-rainfall-subnational
Vihiga,KE038,0.084857,34.707784,1987,17876.446178,30568.722964,1.710000,Annual,0,18.000000,978.684220,1006.033351,-2.718511,54.371346,30.215170,0.555719,15.000000,9.000000,1.000000,1.000000,60.000000,HarvestStat Africa v1.2,https://raw.githubusercontent.com/HarvestStat/HarvestStat-Africa/main/public/hvstat_africa_data_v1.2.csv,WFP HDX CHIRPS v2 dekadal indicators,https://data.humdata.org/dataset/ken-rainfall-subnational
Wajir,KE008,1.939715,40.024507,1987,806.000000,227.182718,0.281864,Annual,0,18.000000,186.827477,193.539230,-3.467903,10.379304,14.097137,1.358197,4.000000,0.000000,13.000000,7.000000,91.000000,HarvestStat Africa v1.2,https://raw.githubusercontent.com/HarvestStat/HarvestStat-Africa/main/public/hvstat_africa_data_v1.2.csv,WFP HDX CHIRPS v2 dekadal indicators,https://data.humdata.org/dataset/ken-rainfall-subnational
West Pokot,KE024,1.893374,35.212768,1987,21160.000000,72367.000000,3.419991,Annual,0,18.000000,474.037415,443.095810,6.983051,26.335412,26.051062,0.989203,9.000000,3.000000,8.000000,5.000000,121.000000,HarvestStat Africa v1.2,https://raw.githubusercontent.com/HarvestStat/HarvestStat-Africa/main/public/hvstat_africa_data_v1.2.csv,WFP HDX CHIRPS v2 dekadal indicators,https://data.humdata.org/dataset/ken-rainfall-subnational
Baringo,KE030,0.726352,36.018591,1988,17000.000000,44049.600000,2.591153,Annual,0,18.000000,489.811967,465.744538,5.167517,27.211776,25.260299,0.928286,10.000000,2.000000,5.000000,4.000000,81.000000,HarvestStat Africa v1.2,https://raw.githubusercontent.com/HarvestStat/HarvestStat-Africa/main/public/hvstat_africa_data_v1.2.csv,WFP HDX CHIRPS v2 dekadal indicators,https://data.humdata.org/dataset/ken-rainfall-subnational
Bungoma,KE039,0.785694,34.718757,1988,72210.000000,162470.000000,2.249965,Annual,0,18.000000,814.900001,854.742337,-4.661327,45.272222,35.543285,0.785101,12.000000,4.000000,0.000000,0.000000,61.000000,HarvestStat Africa v1.2,https://raw.githubusercontent.com/HarvestStat/HarvestStat-Africa/main/public/hvstat_africa_data_v1.2.csv,WFP HDX CHIRPS v2 dekadal indicators,https://data.humdata.org/dataset/ken-rainfall-subnational
Busia,KE040,0.375707,34.265111,1988,27300.000000,29485.000000,1.080037,Annual,0,18.000000,1034.480769,900.425645,14.887973,57.471154,34.915114,0.607524,16.000000,9.000000,0.000000,0.000000,61.000000,HarvestStat Africa v1.2,https://raw.githubusercontent.com/HarvestStat/HarvestStat-Africa/main/public/hvstat_africa_data_v1.2.csv,WFP HDX CHIRPS v2 dekadal indicators,https://data.humdata.org/dataset/ken-rainfall-subnational
Elgeyo-Marakwet,KE028,0.745102,35.560856,1988,26700.000000,84105.000000,3.150000,Annual,0,18.000000,620.101017,657.566659,-5.697619,34.450057,30.958231,0.898641,11.000000,4.000000,4.000000,3.000000,81.000000,HarvestStat Africa v1.2,https://raw.githubusercontent.com/HarvestStat/HarvestStat-Africa/main/public/hvstat_africa_data_v1.2.csv,WFP HDX CHIRPS v2 dekadal indicators,https://data.humdata.org/dataset/ken-rainfall-subnational
Embu,KE014,-0.532830,37.664629,1988,50600.000000,75400.000000,1.490119,Annual,0,18.000000,731.472525,525.286081,39.252219,40.637362,53.465945,1.315684,8.000000,4.000000,8.000000,5.000000,71.000000,HarvestStat Africa v1.2,https://raw.githubusercontent.com/HarvestStat/HarvestStat-Africa/main/public/hvstat_africa_data_v1.2.csv,WFP HDX CHIRPS v2 dekadal indicators,https://data.humdata.org/dataset/ken-rainfall-subnational
Garissa,KE007,-0.520490,40.355590,1988,65.000000,45.004500,0.692377,Annual,0,18.000000,274.261855,240.279175,14.142999,15.236770,15.979328,1.048735,4.000000,1.000000,9.000000,8.000000,81.000000,HarvestStat Africa v1.2,https://raw.githubusercontent.com/HarvestStat/HarvestStat-Africa/main/public/hvstat_africa_data_v1.2.csv,WFP HDX CHIRPS v2 dekadal indicators,https://data.humdata.org/dataset/ken-rainfall-subnational
Isiolo,KE011,1.006385,38.747651,1988,650.000000,780.000000,1.200000,Annual,0,18.000000,229.004822,173.962088,31.640650,12.722490,21.160833,1.663262,4.000000,2.000000,13.000000,7.000000,81.000000,HarvestStat Africa v1.2,https://raw.githubusercontent.com/HarvestStat/HarvestStat-Africa/main/public/hvstat_africa_data_v1.2.csv,WFP HDX CHIRPS v2 dekadal indicators,https://data.humdata.org/dataset/ken-rainfall-subnational
Kajiado,KE034,-2.112369,36.777606,1988,28960.000000,63857.000000,2.205007,Annual,0,18.000000,429.553364,373.466385,15.017946,23.864076,26.024795,1.090543,6.000000,3.000000,9.000000,5.000000,71.000000,HarvestStat Africa v1.2,https://raw.githubusercontent.com/HarvestStat/HarvestStat-Africa/main/public/hvstat_africa_data_v1.2.csv,WFP HDX CHIRPS v2 dekadal indicators,https://data.humdata.org/dataset/ken-rainfall-subnational
Kakamega,KE037,0.497190,34.800929,1988,134800.000000,310040.000000,2.300000,Annual,0,18.000000,964.915798,951.356143,1.425297,53.606433,37.810014,0.705326,15.000000,6.000000,0.000000,0.000000,61.000000,HarvestStat Africa v1.2,https://raw.githubusercontent.com/HarvestStat/HarvestStat-Africa/main/public/hvstat_africa_data_v1.2.csv,WFP HDX CHIRPS v2 dekadal indicators,https://data.humdata.org/dataset/ken-rainfall-subnational
Kericho,KE035,-0.316683,35.225997,1988,85434.000000,307562.000000,3.599995,Annual,0,18.000000,888.119403,795.027352,11.709289,49.339967,34.614899,0.701559,15.000000,6.000000,1.000000,1.000000,61.000000,HarvestStat Africa v1.2,https://raw.githubusercontent.com/HarvestStat/HarvestStat-Africa/main/public/hvstat_africa_data_v1.2.csv,WFP HDX CHIRPS v2 dekadal indicators,https://data.humdata.org/dataset/ken-rainfall-subnational
Kiambu,KE022,-1.034385,36.843216,1988,25702.000000,29784.000000,1.158820,Annual,0,18.000000,786.928585,695.396027,13.162652,43.718255,40.076082,0.916690,12.000000,4.000000,2.000000,2.000000,71.000000,HarvestStat Africa v1.2,https://raw.githubusercontent.com/HarvestStat/HarvestStat-Africa/main/public/hvstat_africa_data_v1.2.csv,WFP HDX CHIRPS v2 dekadal indicators,https://data.humdata.org/dataset/ken-rainfall-subnational
Kilifi,KE003,-3.152441,39.672708,1988,38400.000000,57600.000000,1.500000,Annual,0,18.000000,522.443070,488.607513,6.924895,29.024615,23.216222,0.799880,12.000000,3.000000,6.000000,6.000000,71.000000,HarvestStat Africa v1.2,https://raw.githubusercontent.com/HarvestStat/HarvestStat-Africa/main/public/hvstat_africa_data_v1.2.csv,WFP HDX CHIRPS v2 dekadal indicators,https://data.humdata.org/dataset/ken-rainfall-subnational
Kirinyaga,KE020,-0.467350,37.301902,1988,29820.000000,45624.000000,1.529980,Annual,0,18.000000,887.479173,646.759723,37.219301,49.304399,62.021220,1.257925,10.000000,5.000000,6.000000,5.000000,71.000000,HarvestStat Africa v1.2,https://raw.githubusercontent.com/HarvestStat/HarvestStat-Africa/main/public/hvstat_africa_data_v1.2.csv,WFP HDX CHIRPS v2 dekadal indicators,https://data.humdata.org/dataset/ken-rainfall-subnational
Kisumu,KE042,-0.194380,34.777329,1988,15901.000000,31484.000000,1.980001,Annual,0,18.000000,868.202894,816.425122,6.342011,48.233494,34.029332,0.705512,15.000000,7.000000,1.000000,1.000000,61.000000,HarvestStat Africa v1.2,https://raw.githubusercontent.com/HarvestStat/HarvestStat-Africa/main/public/hvstat_africa_data_v1.2.csv,WFP HDX CHIRPS v2 dekadal indicators,https://data.humdata.org/dataset/ken-rainfall-subnational
Kitui,KE015,-1.560490,38.371810,1988,126465.000000,70507.000000,0.557522,Annual,0,18.000000,341.320964,272.434005,25.285742,18.962276,26.024719,1.372447,5.000000,2.000000,11.000000,6.000000,71.000000,HarvestStat Africa v1.2,https://raw.githubusercontent.com/HarvestStat/HarvestStat-Africa/main/public/hvstat_africa_data_v1.2.csv,WFP HDX CHIRPS v2 dekadal indicators,https://data.humdata.org/dataset/ken-rainfall-subnational
Kwale,KE002,-4.120591,39.066136,1988,28240.000000,45184.000000,1.600000,Annual,0,18.000000,536.985134,541.885007,-0.904227,29.832507,24.602425,0.824685,11.000000,3.000000,5.000000,5.000000,71.000000,HarvestStat Africa v1.2,https://raw.githubusercontent.com/HarvestStat/HarvestStat-Africa/main/public/hvstat_africa_data_v1.2.csv,WFP HDX CHIRPS v2 dekadal indicators,https://data.humdata.org/dataset/ken-rainfall-subnational
Laikipia,KE031,0.289134,36.825248,1988,18000.000000,32400.000000,1.800000,Annual,0,18.000000,416.629140,361.774838,15.162553,23.146063,22.210055,0.959561,7.000000,3.000000,6.000000,6.000000,81.000000,HarvestStat Africa v1.2,https://raw.githubusercontent.com/HarvestStat/HarvestStat-Africa/main/public/hvstat_africa_data_v1.2.csv,WFP HDX CHIRPS v2 dekadal indicators,https://data.humdata.org/dataset/ken-rainfall-subnational
Lamu,KE005,-2.063679,40.545830,1988,1641.000000,1712.000000,1.043266,Annual,0,18.000000,701.832525,534.602138,31.281279,38.990696,34.636666,0.888332,10.000000,7.000000,6.000000,6.000000,81.000000,HarvestStat Africa v1.2,https://raw.githubusercontent.com/HarvestStat/HarvestStat-Africa/main/public/hvstat_africa_data_v1.2.csv,WFP HDX CHIRPS v2 dekadal indicators,https://data.humdata.org/dataset/ken-rainfall-subnational
Machakos,KE016,-1.276237,37.394595,1988,172000.000000,226563.000000,1.317227,Annual,0,18.000000,503.886702,412.340392,22.201635,27.993706,32.000424,1.143129,6.000000,4.000000,7.000000,4.000000,71.000000,HarvestStat Africa v1.2,https://raw.githubusercontent.com/HarvestStat/HarvestStat-Africa/main/public/hvstat_africa_data_v1.2.csv,WFP HDX CHIRPS v2 dekadal indicators,https://data.humdata.org/dataset/ken-rainfall-subnational
Mandera,KE009,3.230964,40.711346,1988,1874.000000,393.000000,0.209712,Annual,0,18.000000,223.184089,189.924349,17.512099,12.399116,22.538119,1.817720,3.000000,2.000000,14.000000,8.000000,92.000000,HarvestStat Africa v1.2,https://raw.githubusercontent.com/HarvestStat/HarvestStat-Africa/main/public/hvstat_africa_data_v1.2.csv,WFP HDX CHIRPS v2 dekadal indicators,https://data.humdata.org/dataset/ken-rainfall-subnational
Marsabit,KE010,2.860480,37.714884,1988,8400.000000,7236.000000,0.861429,Annual,0,18.000000,270.048174,184.486778,46.378064,15.002676,26.608912,1.773611,4.000000,2.000000,14.000000,8.000000,92.000000,HarvestStat Africa v1.2,https://raw.githubusercontent.com/HarvestStat/HarvestStat-Africa/main/public/hvstat_africa_data_v1.2.csv,WFP HDX CHIRPS v2 dekadal indicators,https://data.humdata.org/dataset/ken-rainfall-subnational
Meru,KE012,0.229055,37.776111,1988,53585.000000,96435.000000,1.799664,Annual,0,18.000000,602.220258,524.441410,14.830798,33.456681,46.208633,1.381148,8.000000,4.000000,8.000000,5.000000,71.000000,HarvestStat Africa v1.2,https://raw.githubusercontent.com/HarvestStat/HarvestStat-Africa/main/public/hvstat_africa_data_v1.2.csv,WFP HDX CHIRPS v2 dekadal indicators,https://data.humdata.org/dataset/ken-rainfall-subnational
Mombasa,KE001,-3.990448,39.701130,1988,661.000000,841.000000,1.272315,Annual,0,18.000000,749.000000,734.479994,1.976910,41.611111,41.572105,0.999063,11.000000,6.000000,5.000000,5.000000,81.000000,HarvestStat Africa v1.2,https://raw.githubusercontent.com/HarvestStat/HarvestStat-Africa/main/public/hvstat_africa_data_v1.2.csv,WFP HDX CHIRPS v2 dekadal indicators,https://data.humdata.org/dataset/ken-rainfall-subnational
Murang'a,KE021,-0.828519,37.004173,1988,46400.000000,78880.000000,1.700000,Annual,0,18.000000,806.092439,695.837541,15.844919,44.782913,46.258029,1.032939,9.000000,5.000000,4.000000,4.000000,71.000000,HarvestStat Africa v1.2,https://raw.githubusercontent.com/HarvestStat/HarvestStat-Africa/main/public/hvstat_africa_data_v1.2.csv,WFP HDX CHIRPS v2 dekadal indicators,https://data.humdata.org/dataset/ken-rainfall-subnational
Nairobi,KE047,-1.300489,36.827926,1988,1050.000000,1510.000000,1.438095,Annual,0,18.000000,680.346152,505.110248,34.692605,37.797008,38.874858,1.028517,9.000000,4.000000,4.000000,3.000000,71.000000,HarvestStat Africa v1.2,https://raw.githubusercontent.com/HarvestStat/HarvestStat-Africa/main/public/hvstat_africa_data_v1.2.csv,WFP HDX CHIRPS v2 dekadal indicators,https://data.humdata.org/dataset/ken-rainfall-subnational
Nakuru,KE032,-0.458448,36.100384,1988,61244.000000,154395.360000,2.520988,Annual,0,18.000000,640.491602,535.090196,19.697877,35.582867,27.752358,0.779936,11.000000,3.000000,3.000000,3.000000,81.000000,HarvestStat Africa v1.2,https://raw.githubusercontent.com/HarvestStat/HarvestStat-Africa/main/public/hvstat_africa_data_v1.2.csv,WFP HDX CHIRPS v2 dekadal indicators,https://data.humdata.org/dataset/ken-rainfall-subnational
Nandi,KE029,0.227352,35.123876,1988,70828.000000,286893.900000,4.050572,Annual,0,18.000000,756.450553,819.099630,-7.648530,42.025031,31.557555,0.750923,14.000000,4.000000,1.000000,1.000000,61.000000,HarvestStat Africa v1.2,https://raw.githubusercontent.com/HarvestStat/HarvestStat-Africa/main/public/hvstat_africa_data_v1.2.csv,WFP HDX CHIRPS v2 dekadal indicators,https://data.humdata.org/dataset/ken-rainfall-subnational
Narok,KE033,-1.279878,35.476358,1988,32300.000000,116280.000000,3.600000,Annual,0,18.000000,654.353344,591.197598,10.682680,36.352964,31.010717,0.853045,9.000000,4.000000,2.000000,2.000000,71.000000,HarvestStat Africa v1.2,https://raw.githubusercontent.com/HarvestStat/HarvestStat-Africa/main/public/hvstat_africa_data_v1.2.csv,WFP HDX CHIRPS v2 dekadal indicators,https://data.humdata.org/dataset/ken-rainfall-subnational
Nyandarua,KE018,-0.389093,36.497431,1988,19520.000000,52704.000000,2.700000,Annual,0,18.000000,668.203710,598.538580,11.639205,37.122428,30.675725,0.826339,12.000000,5.000000,3.000000,3.000000,81.000000,HarvestStat Africa v1.2,https://raw.githubusercontent.com/HarvestStat/HarvestStat-Africa/main/public/hvstat_africa_data_v1.2.csv,WFP HDX CHIRPS v2 dekadal indicators,https://data.humdata.org/dataset/ken-rainfall-subnational
Nyeri,KE019,-0.314375,36.930473,1988,19565.000000,27397.000000,1.400307,Annual,0,18.000000,800.109083,644.133946,24.214705,44.450505,48.467714,1.090375,11.000000,4.000000,3.000000,3.000000,71.000000,HarvestStat Africa v1.2,https://raw.githubusercontent.com/HarvestStat/HarvestStat-Africa/main/public/hvstat_africa_data_v1.2.csv,WFP HDX CHIRPS v2 dekadal indicators,https://data.humdata.org/dataset/ken-rainfall-subnational
Samburu,KE025,1.541373,36.941540,1988,1300.000000,2808.000000,2.160000,Annual,0,18.000000,327.527006,270.988171,20.863949,18.195945,24.669004,1.355742,4.000000,3.000000,11.000000,7.000000,81.000000,HarvestStat Africa v1.2,https://raw.githubusercontent.com/HarvestStat/HarvestStat-Africa/main/public/hvstat_africa_data_v1.2.csv,WFP HDX CHIRPS v2 dekadal indicators,https://data.humdata.org/dataset/ken-rainfall-subnational
Taita Taveta,KE006,-3.405203,38.371760,1988,3840.000000,5856.000000,1.525000,Annual,0,18.000000,359.659536,310.607723,15.792207,19.981085,20.909220,1.046451,7.000000,2.000000,11.000000,6.000000,71.000000,HarvestStat Africa v1.2,https://raw.githubusercontent.com/HarvestStat/HarvestStat-Africa/main/public/hvstat_africa_data_v1.2.csv,WFP HDX CHIRPS v2 dekadal indicators,https://data.humdata.org/dataset/ken-rainfall-subnational
Tana River,KE004,-1.534918,39.550288,1988,4072.000000,4261.000000,1.046415,Annual,0,18.000000,256.647771,192.080568,33.614646,14.258209,17.015624,1.193391,3.000000,1.000000,12.000000,6.000000,81.000000,HarvestStat Africa v1.2,https://raw.githubusercontent.com/HarvestStat/HarvestStat-Africa/main/public/hvstat_africa_data_v1.2.csv,WFP HDX CHIRPS v2 dekadal indicators,https://data.humdata.org/dataset/ken-rainfall-subnational
Trans Nzoia,KE026,1.045915,34.980778,1988,68350.000000,276818.000000,4.050007,Annual,0,18.000000,615.075951,634.237966,-3.021266,34.170886,29.395987,0.860264,12.000000,4.000000,5.000000,4.000000,81.000000,HarvestStat Africa v1.2,https://raw.githubusercontent.com/HarvestStat/HarvestStat-Africa/main/public/hvstat_africa_data_v1.2.csv,WFP HDX CHIRPS v2 dekadal indicators,https://data.humdata.org/dataset/ken-rainfall-subnational
Uasin Gishu,KE027,0.478188,35.303799,1988,61238.000000,248014.000000,4.050002,Annual,0,18.000000,547.450453,606.721928,-9.769134,30.413914,27.344497,0.899079,11.000000,3.000000,2.000000,1.000000,81.000000,HarvestStat Africa v1.2,https://raw.githubusercontent.com/HarvestStat/HarvestStat-Africa/main/public/hvstat_africa_data_v1.2.csv,WFP HDX CHIRPS v2 dekadal indicators,https://data.humdata.org/dataset/ken-rainfall-subnational
Wajir,KE008,1.939715,40.024507,1988,1238.000000,108.010801,0.087246,Annual,0,18.000000,263.745813,193.539230,36.275117,14.652545,24.829197,1.694531,4.000000,3.000000,14.000000,8.000000,81.000000,HarvestStat Africa v1.2,https://raw.githubusercontent.com/HarvestStat/HarvestStat-Africa/main/public/hvstat_africa_data_v1.2.csv,WFP HDX CHIRPS v2 dekadal indicators,https://data.humdata.org/dataset/ken-rainfall-subnational
West Pokot,KE024,1.893374,35.212768,1988,18695.000000,67302.000000,3.600000,Annual,0,18.000000,479.207485,443.095810,8.149857,26.622638,25.589569,0.961196,8.000000,2.000000,5.000000,4.000000,81.000000,HarvestStat Africa v1.2,https://raw.githubusercontent.com/HarvestStat/HarvestStat-Africa/main/public/hvstat_africa_data_v1.2.csv,WFP HDX CHIRPS v2 dekadal indicators,https://data.humdata.org/dataset/ken-rainfall-subnational
Baringo,KE030,0.726352,36.018591,1989,13443.000000,24197.000000,1.799970,Annual,0,18.000000,435.065528,465.744538,-6.587090,24.170307,20.264953,0.838423,7.000000,3.000000,5.000000,3.000000,70.000000,HarvestStat Africa v1.2,https://raw.githubusercontent.com/HarvestStat/HarvestStat-Africa/main/public/hvstat_africa_data_v1.2.csv,WFP HDX CHIRPS v2 dekadal indicators,https://data.humdata.org/dataset/ken-rainfall-subnational
Bungoma,KE039,0.785694,34.718757,1989,135000.000000,310500.000000,2.300000,Annual,0,18.000000,737.109992,854.742337,-13.762316,40.950555,30.975787,0.756419,12.000000,8.000000,6.000000,3.000000,60.000000,HarvestStat Africa v1.2,https://raw.githubusercontent.com/HarvestStat/HarvestStat-Africa/main/public/hvstat_africa_data_v1.2.csv,WFP HDX CHIRPS v2 dekadal indicators,https://data.humdata.org/dataset/ken-rainfall-subnational
Busia,KE040,0.375707,34.265111,1989,25630.000000,29475.000000,1.150020,Annual,0,18.000000,780.807700,900.425645,-13.284600,43.378206,33.723345,0.777426,12.000000,6.000000,5.000000,2.000000,70.000000,HarvestStat Africa v1.2,https://raw.githubusercontent.com/HarvestStat/HarvestStat-Africa/main/public/hvstat_africa_data_v1.2.csv,WFP HDX CHIRPS v2 dekadal indicators,https://data.humdata.org/dataset/ken-rainfall-subnational
Elgeyo-Marakwet,KE028,0.745102,35.560856,1989,20700.000000,37260.000000,1.800000,Annual,0,18.000000,656.848483,657.566659,-0.109217,36.491582,30.829252,0.844832,11.000000,6.000000,5.000000,2.000000,70.000000,HarvestStat Africa v1.2,https://raw.githubusercontent.com/HarvestStat/HarvestStat-Africa/main/public/hvstat_africa_data_v1.2.csv,WFP HDX CHIRPS v2 dekadal indicators,https://data.humdata.org/dataset/ken-rainfall-subnational
Embu,KE014,-0.532830,37.664629,1989,46507.000000,74713.000000,1.606489,Annual,0,18.000000,570.230773,525.286081,8.556231,31.679487,38.664225,1.220481,9.000000,4.000000,8.000000,5.000000,70.000000,HarvestStat Africa v1.2,https://raw.githubusercontent.com/HarvestStat/HarvestStat-Africa/main/public/hvstat_africa_data_v1.2.csv,WFP HDX CHIRPS v2 dekadal indicators,https://data.humdata.org/dataset/ken-rainfall-subnational
Garissa,KE007,-0.520490,40.355590,1989,210.000000,224.820000,1.070571,Annual,0,18.000000,219.982818,240.279175,-8.446990,12.221268,13.436330,1.099422,3.000000,1.000000,11.000000,7.000000,91.000000,HarvestStat Africa v1.2,https://raw.githubusercontent.com/HarvestStat/HarvestStat-Africa/main/public/hvstat_africa_data_v1.2.csv,WFP HDX CHIRPS v2 dekadal indicators,https://data.humdata.org/dataset/ken-rainfall-subnational
Isiolo,KE011,1.006385,38.747651,1989,431.000000,572.000000,1.327146,Annual,0,18.000000,199.249398,173.962088,14.536104,11.069411,17.247003,1.558078,2.000000,2.000000,14.000000,8.000000,91.000000,HarvestStat Africa v1.2,https://raw.githubusercontent.com/HarvestStat/HarvestStat-Africa/main/public/hvstat_africa_data_v1.2.csv,WFP HDX CHIRPS v2 dekadal indicators,https://data.humdata.org/dataset/ken-rainfall-subnational
Kakamega,KE037,0.497190,34.800929,1989,135000.000000,310500.000000,2.300000,Annual,0,18.000000,821.547363,951.356143,-13.644604,45.641520,33.684746,0.738029,12.000000,10.000000,5.000000,2.000000,60.000000,HarvestStat Africa v1.2,https://raw.githubusercontent.com/HarvestStat/HarvestStat-Africa/main/public/hvstat_africa_data_v1.2.csv,WFP HDX CHIRPS v2 dekadal indicators,https://data.humdata.org/dataset/ken-rainfall-subnational
Kericho,KE035,-0.316683,35.225997,1989,76558.000000,206707.000000,2.700005,Annual,0,18.000000,741.358222,795.027352,-6.750602,41.186568,29.372830,0.713165,12.000000,6.000000,3.000000,2.000000,60.000000,HarvestStat Africa v1.2,https://raw.githubusercontent.com/HarvestStat/HarvestStat-Africa/main/public/hvstat_africa_data_v1.2.csv,WFP HDX CHIRPS v2 dekadal indicators,https://data.humdata.org/dataset/ken-rainfall-subnational
Kiambu,KE022,-1.034385,36.843216,1989,21997.027300,26853.874201,1.220796,Annual,0,18.000000,831.809517,695.396027,19.616662,46.211640,41.345899,0.894707,12.000000,6.000000,5.000000,3.000000,70.000000,HarvestStat Africa v1.2,https://raw.githubusercontent.com/HarvestStat/HarvestStat-Africa/main/public/hvstat_africa_data_v1.2.csv,WFP HDX CHIRPS v2 dekadal indicators,https://data.humdata.org/dataset/ken-rainfall-subnational
Kilifi,KE003,-3.152441,39.672708,1989,45800.000000,62411.000000,1.362686,Annual,0,18.000000,469.103965,488.607513,-3.991659,26.061331,20.800119,0.798122,10.000000,2.000000,6.000000,5.000000,70.000000,HarvestStat Africa v1.2,https://raw.githubusercontent.com/HarvestStat/HarvestStat-Africa/main/public/hvstat_africa_data_v1.2.csv,WFP HDX CHIRPS v2 dekadal indicators,https://data.humdata.org/dataset/ken-rainfall-subnational
Kirinyaga,KE020,-0.467350,37.301902,1989,25521.412890,41135.547829,1.611805,Annual,0,18.000000,655.874998,646.759723,1.409376,36.437500,39.022388,1.070940,10.000000,4.000000,6.000000,3.000000,70.000000,HarvestStat Africa v1.2,https://raw.githubusercontent.com/HarvestStat/HarvestStat-Africa/main/public/hvstat_africa_data_v1.2.csv,WFP HDX CHIRPS v2 dekadal indicators,https://data.humdata.org/dataset/ken-rainfall-subnational
Kisii,KE045,-0.736677,34.753510,1989,34359.000000,138362.000000,4.026951,Annual,0,18.000000,865.374995,925.845013,-6.531333,48.076389,30.605587,0.636603,14.000000,7.000000,3.000000,2.000000,60.000000,HarvestStat Africa v1.2,https://raw.githubusercontent.com/HarvestStat/HarvestStat-Africa/main/public/hvstat_africa_data_v1.2.csv,WFP HDX CHIRPS v2 dekadal indicators,https://data.humdata.org/dataset/ken-rainfall-subnational
Kisumu,KE042,-0.194380,34.777329,1989,15901.000000,31484.000000,1.980001,Annual,0,18.000000,770.362323,816.425122,-5.642011,42.797907,29.419060,0.687395,13.000000,7.000000,2.000000,1.000000,60.000000,HarvestStat Africa v1.2,https://raw.githubusercontent.com/HarvestStat/HarvestStat-Africa/main/public/hvstat_africa_data_v1.2.csv,WFP HDX CHIRPS v2 dekadal indicators,https://data.humdata.org/dataset/ken-rainfall-subnational
Kitui,KE015,-1.560490,38.371810,1989,149978.000000,98827.000000,0.658943,Annual,0,18.000000,338.635907,272.434005,24.300161,18.813106,28.121806,1.494799,6.000000,1.000000,9.000000,5.000000,70.000000,HarvestStat Africa v1.2,https://raw.githubusercontent.com/HarvestStat/HarvestStat-Africa/main/public/hvstat_africa_data_v1.2.csv,WFP HDX CHIRPS v2 dekadal indicators,https://data.humdata.org/dataset/ken-rainfall-subnational
Laikipia,KE031,0.289134,36.825248,1989,18106.000000,30958.082332,1.709824,Annual,0,18.000000,373.056290,361.774838,3.118363,20.725349,17.735043,0.855717,7.000000,2.000000,5.000000,3.000000,70.000000,HarvestStat Africa v1.2,https://raw.githubusercontent.com/HarvestStat/HarvestStat-Africa/main/public/hvstat_africa_data_v1.2.csv,WFP HDX CHIRPS v2 dekadal indicators,https://data.humdata.org/dataset/ken-rainfall-subnational
Lamu,KE005,-2.063679,40.545830,1989,1547.000000,1598.600000,1.033355,Annual,0,18.000000,376.389164,534.602138,-29.594527,20.910509,20.970881,1.002887,8.000000,1.000000,8.000000,7.000000,91.000000,HarvestStat Africa v1.2,https://raw.githubusercontent.com/HarvestStat/HarvestStat-Africa/main/public/hvstat_africa_data_v1.2.csv,WFP HDX CHIRPS v2 dekadal indicators,https://data.humdata.org/dataset/ken-rainfall-subnational
Machakos,KE016,-1.276237,37.394595,1989,256962.000000,254034.300000,0.988606,Annual,0,18.000000,528.177328,412.340392,28.092551,29.343185,31.951755,1.088899,9.000000,3.000000,6.000000,3.000000,70.000000,HarvestStat Africa v1.2,https://raw.githubusercontent.com/HarvestStat/HarvestStat-Africa/main/public/hvstat_africa_data_v1.2.csv,WFP HDX CHIRPS v2 dekadal indicators,https://data.humdata.org/dataset/ken-rainfall-subnational
Marsabit,KE010,2.860480,37.714884,1989,11733.000000,14084.000000,1.200375,Annual,0,18.000000,223.289063,184.486778,21.032556,12.404948,13.089077,1.055150,3.000000,0.000000,11.000000,4.000000,80.000000,HarvestStat Africa v1.2,https://raw.githubusercontent.com/HarvestStat/HarvestStat-Africa/main/public/hvstat_africa_data_v1.2.csv,WFP HDX CHIRPS v2 dekadal indicators,https://data.humdata.org/dataset/ken-rainfall-subnational
Meru,KE012,0.229055,37.776111,1989,68705.000000,108914.000000,1.585241,Annual,0,18.000000,453.475775,524.441410,-13.531661,25.193099,27.574637,1.094531,8.000000,1.000000,5.000000,3.000000,70.000000,HarvestStat Africa v1.2,https://raw.githubusercontent.com/HarvestStat/HarvestStat-Africa/main/public/hvstat_africa_data_v1.2.csv,WFP HDX CHIRPS v2 dekadal indicators,https://data.humdata.org/dataset/ken-rainfall-subnational
Mombasa,KE001,-3.990448,39.701130,1989,700.000000,749.000000,1.070000,Annual,0,18.000000,650.900000,734.479994,-11.379479,36.161111,33.489802,0.926128,11.000000,6.000000,6.000000,5.000000,80.000000,HarvestStat Africa v1.2,https://raw.githubusercontent.com/HarvestStat/HarvestStat-Africa/main/public/hvstat_africa_data_v1.2.csv,WFP HDX CHIRPS v2 dekadal indicators,https://data.humdata.org/dataset/ken-rainfall-subnational
Murang'a,KE021,-0.828519,37.004173,1989,39711.386924,71119.849481,1.790918,Annual,0,18.000000,803.210082,695.837541,15.430691,44.622782,41.776507,0.936215,12.000000,7.000000,5.000000,3.000000,70.000000,HarvestStat Africa v1.2,https://raw.githubusercontent.com/HarvestStat/HarvestStat-Africa/main/public/hvstat_africa_data_v1.2.csv,WFP HDX CHIRPS v2 dekadal indicators,https://data.humdata.org/dataset/ken-rainfall-subnational
Nairobi,KE047,-1.300489,36.827926,1989,1600.000000,2176.000000,1.360000,Annual,0,18.000000,675.653844,505.110248,33.763638,37.536325,33.798304,0.900416,12.000000,6.000000,6.000000,3.000000,70.000000,HarvestStat Africa v1.2,https://raw.githubusercontent.com/HarvestStat/HarvestStat-Africa/main/public/hvstat_africa_data_v1.2.csv,WFP HDX CHIRPS v2 dekadal indicators,https://data.humdata.org/dataset/ken-rainfall-subnational
Nakuru,KE032,-0.458448,36.100384,1989,60475.000000,136068.000000,2.249988,Annual,0,18.000000,526.470581,535.090196,-1.610871,29.248366,20.029437,0.684805,11.000000,4.000000,4.000000,3.000000,70.000000,HarvestStat Africa v1.2,https://raw.githubusercontent.com/HarvestStat/HarvestStat-Africa/main/public/hvstat_africa_data_v1.2.csv,WFP HDX CHIRPS v2 dekadal indicators,https://data.humdata.org/dataset/ken-rainfall-subnational
Nandi,KE029,0.227352,35.123876,1989,68073.000000,183662.000000,2.698015,Annual,0,18.000000,736.945054,819.099630,-10.029864,40.941392,29.033264,0.709142,11.000000,9.000000,4.000000,2.000000,60.000000,HarvestStat Africa v1.2,https://raw.githubusercontent.com/HarvestStat/HarvestStat-Africa/main/public/hvstat_africa_data_v1.2.csv,WFP HDX CHIRPS v2 dekadal indicators,https://data.humdata.org/dataset/ken-rainfall-subnational
Narok,KE033,-1.279878,35.476358,1989,36330.000000,81742.000000,2.249986,Annual,0,18.000000,665.145796,591.197598,12.508204,36.952544,26.675443,0.721884,13.000000,5.000000,3.000000,2.000000,70.000000,HarvestStat Africa v1.2,https://raw.githubusercontent.com/HarvestStat/HarvestStat-Africa/main/public/hvstat_africa_data_v1.2.csv,WFP HDX CHIRPS v2 dekadal indicators,https://data.humdata.org/dataset/ken-rainfall-subnational
Nyandarua,KE018,-0.389093,36.497431,1989,16706.169672,47519.023162,2.844400,Annual,0,18.000000,582.259257,598.538580,-2.719845,32.347737,24.185052,0.747658,12.000000,3.000000,4.000000,3.000000,70.000000,HarvestStat Africa v1.2,https://raw.githubusercontent.com/HarvestStat/HarvestStat-Africa/main/public/hvstat_africa_data_v1.2.csv,WFP HDX CHIRPS v2 dekadal indicators,https://data.humdata.org/dataset/ken-rainfall-subnational
Nyeri,KE019,-0.314375,36.930473,1989,16744.682870,24701.705327,1.475197,Annual,0,18.000000,651.390909,644.133946,1.126623,36.188384,31.660883,0.874891,12.000000,5.000000,5.000000,3.000000,70.000000,HarvestStat Africa v1.2,https://raw.githubusercontent.com/HarvestStat/HarvestStat-Africa/main/public/hvstat_africa_data_v1.2.csv,WFP HDX CHIRPS v2 dekadal indicators,https://data.humdata.org/dataset/ken-rainfall-subnational
Samburu,KE025,1.541373,36.941540,1989,1060.000000,1590.000000,1.500000,Annual,0,18.000000,295.976648,270.988171,9.221243,16.443147,21.064269,1.281036,5.000000,2.000000,12.000000,4.000000,80.000000,HarvestStat Africa v1.2,https://raw.githubusercontent.com/HarvestStat/HarvestStat-Africa/main/public/hvstat_africa_data_v1.2.csv,WFP HDX CHIRPS v2 dekadal indicators,https://data.humdata.org/dataset/ken-rainfall-subnational
Siaya,KE041,-0.057674,34.199887,1989,35000.000000,54057.000000,1.544486,Annual,0,18.000000,733.650000,811.195420,-9.559401,40.758333,32.343585,0.793545,12.000000,6.000000,4.000000,2.000000,70.000000,HarvestStat Africa v1.2,https://raw.githubusercontent.com/HarvestStat/HarvestStat-Africa/main/public/hvstat_africa_data_v1.2.csv,WFP HDX CHIRPS v2 dekadal indicators,https://data.humdata.org/dataset/ken-rainfall-subnational
Taita Taveta,KE006,-3.405203,38.371760,1989,4580.100000,4992.100000,1.089954,Annual,0,18.000000,360.764704,310.607723,16.148015,20.042484,25.450460,1.269826,6.000000,1.000000,9.000000,5.000000,70.000000,HarvestStat Africa v1.2,https://raw.githubusercontent.com/HarvestStat/HarvestStat-Africa/main/public/hvstat_africa_data_v1.2.csv,WFP HDX CHIRPS v2 dekadal indicators,https://data.humdata.org/dataset/ken-rainfall-subnational
Tana River,KE004,-1.534918,39.550288,1989,2620.200000,1925.200000,0.734753,Annual,0,18.000000,207.149794,192.080568,7.845263,11.508322,13.125446,1.140518,2.000000,1.000000,12.000000,7.000000,91.000000,HarvestStat Africa v1.2,https://raw.githubusercontent.com/HarvestStat/HarvestStat-Africa/main/public/hvstat_africa_data_v1.2.csv,WFP HDX CHIRPS v2 dekadal indicators,https://data.humdata.org/dataset/ken-rainfall-subnational
Trans Nzoia,KE026,1.045915,34.980778,1989,59741.000000,177431.000000,2.970004,Annual,0,18.000000,598.569618,634.237966,-5.623812,33.253868,27.260460,0.819768,12.000000,3.000000,6.000000,3.000000,70.000000,HarvestStat Africa v1.2,https://raw.githubusercontent.com/HarvestStat/HarvestStat-Africa/main/public/hvstat_africa_data_v1.2.csv,WFP HDX CHIRPS v2 dekadal indicators,https://data.humdata.org/dataset/ken-rainfall-subnational
Uasin Gishu,KE027,0.478188,35.303799,1989,61238.000000,236976.380732,3.869760,Annual,0,18.000000,567.342345,606.721928,-6.490549,31.519019,24.238844,0.769023,12.000000,4.000000,5.000000,2.000000,70.000000,HarvestStat Africa v1.2,https://raw.githubusercontent.com/HarvestStat/HarvestStat-Africa/main/public/hvstat_africa_data_v1.2.csv,WFP HDX CHIRPS v2 dekadal indicators,https://data.humdata.org/dataset/ken-rainfall-subnational
West Pokot,KE024,1.893374,35.212768,1989,13788.000000,31712.000000,2.299971,Annual,0,18.000000,459.591843,443.095810,3.722904,25.532880,25.691148,1.006199,9.000000,3.000000,7.000000,3.000000,70.000000,HarvestStat Africa v1.2,https://raw.githubusercontent.com/HarvestStat/HarvestStat-Africa/main/public/hvstat_africa_data_v1.2.csv,WFP HDX CHIRPS v2 dekadal indicators,https://data.humdata.org/dataset/ken-rainfall-subnational
Baringo,KE030,0.726352,36.018591,1990,13060.176985,28867.381629,2.210336,Annual,0,18.000000,538.880349,465.744538,15.702988,29.937797,23.946057,0.799860,10.000000,4.000000,4.000000,3.000000,60.000000,HarvestStat Africa v1.2,https://raw.githubusercontent.com/HarvestStat/HarvestStat-Africa/main/public/hvstat_africa_data_v1.2.csv,WFP HDX CHIRPS v2 dekadal indicators,https://data.humdata.org/dataset/ken-rainfall-subnational
Bungoma,KE039,0.785694,34.718757,1990,77835.000000,201595.000000,2.590030,Annual,0,18.000000,962.689988,854.742337,12.629262,53.482777,30.234578,0.565314,15.000000,10.000000,2.000000,2.000000,60.000000,HarvestStat Africa v1.2,https://raw.githubusercontent.com/HarvestStat/HarvestStat-Africa/main/public/hvstat_africa_data_v1.2.csv,WFP HDX CHIRPS v2 dekadal indicators,https://data.humdata.org/dataset/ken-rainfall-subnational
Busia,KE040,0.375707,34.265111,1990,16525.000000,26770.000000,1.619970,Annual,0,18.000000,968.115381,900.425645,7.517526,53.784188,31.082019,0.577903,14.000000,11.000000,2.000000,2.000000,60.000000,HarvestStat Africa v1.2,https://raw.githubusercontent.com/HarvestStat/HarvestStat-Africa/main/public/hvstat_africa_data_v1.2.csv,WFP HDX CHIRPS v2 dekadal indicators,https://data.humdata.org/dataset/ken-rainfall-subnational
Elgeyo-Marakwet,KE028,0.745102,35.560856,1990,19121.602887,35601.794682,1.861862,Annual,0,18.000000,650.707073,657.566659,-1.043177,36.150393,27.015780,0.747316,12.000000,6.000000,2.000000,2.000000,60.000000,HarvestStat Africa v1.2,https://raw.githubusercontent.com/HarvestStat/HarvestStat-Africa/main/public/hvstat_africa_data_v1.2.csv,WFP HDX CHIRPS v2 dekadal indicators,https://data.humdata.org/dataset/ken-rainfall-subnational
Embu,KE014,-0.532830,37.664629,1990,48297.000000,68570.000000,1.419757,Annual,0,18.000000,761.461543,525.286081,44.961302,42.303419,42.959448,1.015508,10.000000,5.000000,5.000000,3.000000,60.000000,HarvestStat Africa v1.2,https://raw.githubusercontent.com/HarvestStat/HarvestStat-Africa/main/public/hvstat_africa_data_v1.2.csv,WFP HDX CHIRPS v2 dekadal indicators,https://data.humdata.org/dataset/ken-rainfall-subnational
Homa Bay,KE043,-0.562403,34.314532,1990,25426.000000,45766.000000,1.799969,Annual,0,18.000000,761.018350,734.102143,3.666548,42.278797,28.609815,0.676694,14.000000,6.000000,4.000000,2.000000,60.000000,HarvestStat Africa v1.2,https://raw.githubusercontent.com/HarvestStat/HarvestStat-Africa/main/public/hvstat_africa_data_v1.2.csv,WFP HDX CHIRPS v2 dekadal indicators,https://data.humdata.org/dataset/ken-rainfall-subnational
Isiolo,KE011,1.006385,38.747651,1990,202.000000,385.000000,1.905941,Annual,0,18.000000,313.640959,173.962088,80.292708,17.424498,23.073984,1.324227,5.000000,1.000000,11.000000,6.000000,60.000000,HarvestStat Africa v1.2,https://raw.githubusercontent.com/HarvestStat/HarvestStat-Africa/main/public/hvstat_africa_data_v1.2.csv,WFP HDX CHIRPS v2 dekadal indicators,https://data.humdata.org/dataset/ken-rainfall-subnational
Kajiado,KE034,-2.112369,36.777606,1990,27088.013674,50433.964807,1.861855,Annual,0,18.000000,538.720498,373.466385,44.248725,29.928917,32.750412,1.094273,8.000000,4.000000,6.000000,3.000000,60.000000,HarvestStat Africa v1.2,https://raw.githubusercontent.com/HarvestStat/HarvestStat-Africa/main/public/hvstat_africa_data_v1.2.csv,WFP HDX CHIRPS v2 dekadal indicators,https://data.humdata.org/dataset/ken-rainfall-subnational
Kakamega,KE037,0.497190,34.800929,1990,73655.000000,187845.000000,2.550336,Annual,0,18.000000,1013.610528,951.356143,6.543752,56.311696,32.192019,0.571676,15.000000,11.000000,2.000000,2.000000,60.000000,HarvestStat Africa v1.2,https://raw.githubusercontent.com/HarvestStat/HarvestStat-Africa/main/public/hvstat_africa_data_v1.2.csv,WFP HDX CHIRPS v2 dekadal indicators,https://data.humdata.org/dataset/ken-rainfall-subnational
Kericho,KE035,-0.316683,35.225997,1990,70720.370715,197507.787797,2.792799,Annual,0,18.000000,885.298501,795.027352,11.354471,49.183250,33.563546,0.682418,14.000000,8.000000,3.000000,2.000000,60.000000,HarvestStat Africa v1.2,https://raw.githubusercontent.com/HarvestStat/HarvestStat-Africa/main/public/hvstat_africa_data_v1.2.csv,WFP HDX CHIRPS v2 dekadal indicators,https://data.humdata.org/dataset/ken-rainfall-subnational
Kiambu,KE022,-1.034385,36.843216,1990,34869.000000,41832.000000,1.199690,Annual,0,18.000000,871.547613,695.396027,25.331118,48.419312,39.967066,0.825436,11.000000,9.000000,6.000000,3.000000,60.000000,HarvestStat Africa v1.2,https://raw.githubusercontent.com/HarvestStat/HarvestStat-Africa/main/public/hvstat_africa_data_v1.2.csv,WFP HDX CHIRPS v2 dekadal indicators,https://data.humdata.org/dataset/ken-rainfall-subnational
Kilifi,KE003,-3.152441,39.672708,1990,46640.000000,37312.000000,0.800000,Annual,0,18.000000,526.408419,488.607513,7.736456,29.244912,24.033827,0.821812,10.000000,3.000000,2.000000,1.000000,60.000000,HarvestStat Africa v1.2,https://raw.githubusercontent.com/HarvestStat/HarvestStat-Africa/main/public/hvstat_africa_data_v1.2.csv,WFP HDX CHIRPS v2 dekadal indicators,https://data.humdata.org/dataset/ken-rainfall-subnational
Kirinyaga,KE020,-0.467350,37.301902,1990,29000.000000,34800.000000,1.200000,Annual,0,18.000000,873.479169,646.759723,35.054664,48.526620,41.489405,0.854982,10.000000,7.000000,4.000000,2.000000,60.000000,HarvestStat Africa v1.2,https://raw.githubusercontent.com/HarvestStat/HarvestStat-Africa/main/public/hvstat_africa_data_v1.2.csv,WFP HDX CHIRPS v2 dekadal indicators,https://data.humdata.org/dataset/ken-rainfall-subnational
Kisii,KE045,-0.736677,34.753510,1990,35150.000000,126540.000000,3.600000,Annual,0,18.000000,959.200006,925.845013,3.602654,53.288889,31.433010,0.589860,15.000000,10.000000,3.000000,2.000000,60.000000,HarvestStat Africa v1.2,https://raw.githubusercontent.com/HarvestStat/HarvestStat-Africa/main/public/hvstat_africa_data_v1.2.csv,WFP HDX CHIRPS v2 dekadal indicators,https://data.humdata.org/dataset/ken-rainfall-subnational
Kisumu,KE042,-0.194380,34.777329,1990,12069.000000,17001.000000,1.408650,Annual,0,18.000000,874.376813,816.425122,7.098225,48.576490,31.661504,0.651787,14.000000,7.000000,3.000000,2.000000,60.000000,HarvestStat Africa v1.2,https://raw.githubusercontent.com/HarvestStat/HarvestStat-Africa/main/public/hvstat_africa_data_v1.2.csv,WFP HDX CHIRPS v2 dekadal indicators,https://data.humdata.org/dataset/ken-rainfall-subnational
Kitui,KE015,-1.560490,38.371810,1990,53822.000000,2832.000000,0.052618,Annual,0,18.000000,469.083245,272.434005,72.182340,26.060180,28.343543,1.087619,8.000000,3.000000,8.000000,5.000000,60.000000,HarvestStat Africa v1.2,https://raw.githubusercontent.com/HarvestStat/HarvestStat-Africa/main/public/hvstat_africa_data_v1.2.csv,WFP HDX CHIRPS v2 dekadal indicators,https://data.humdata.org/dataset/ken-rainfall-subnational
Kwale,KE002,-4.120591,39.066136,1990,11943.000000,15739.000000,1.317843,Annual,0,18.000000,606.665441,541.885007,11.954646,33.703636,24.174868,0.717278,12.000000,4.000000,2.000000,1.000000,60.000000,HarvestStat Africa v1.2,https://raw.githubusercontent.com/HarvestStat/HarvestStat-Africa/main/public/hvstat_africa_data_v1.2.csv,WFP HDX CHIRPS v2 dekadal indicators,https://data.humdata.org/dataset/ken-rainfall-subnational
Laikipia,KE031,0.289134,36.825248,1990,16725.398158,29580.335237,1.768588,Annual,0,18.000000,472.701981,361.774838,30.661929,26.261221,22.039985,0.839260,9.000000,2.000000,4.000000,2.000000,60.000000,HarvestStat Africa v1.2,https://raw.githubusercontent.com/HarvestStat/HarvestStat-Africa/main/public/hvstat_africa_data_v1.2.csv,WFP HDX CHIRPS v2 dekadal indicators,https://data.humdata.org/dataset/ken-rainfall-subnational
Lamu,KE005,-2.063679,40.545830,1990,1800.000000,1578.000000,0.876667,Annual,0,18.000000,441.034476,534.602138,-17.502299,24.501915,26.518547,1.082305,6.000000,3.000000,6.000000,6.000000,91.000000,HarvestStat Africa v1.2,https://raw.githubusercontent.com/HarvestStat/HarvestStat-Africa/main/public/hvstat_africa_data_v1.2.csv,WFP HDX CHIRPS v2 dekadal indicators,https://data.humdata.org/dataset/ken-rainfall-subnational
Machakos,KE016,-1.276237,37.394595,1990,200545.000000,270735.000000,1.349996,Annual,0,18.000000,662.399004,412.340392,60.643734,36.799945,39.997696,1.086896,9.000000,4.000000,6.000000,3.000000,60.000000,HarvestStat Africa v1.2,https://raw.githubusercontent.com/HarvestStat/HarvestStat-Africa/main/public/hvstat_africa_data_v1.2.csv,WFP HDX CHIRPS v2 dekadal indicators,https://data.humdata.org/dataset/ken-rainfall-subnational
Makueni,KE017,-2.253637,37.876663,1990,89446.000000,59990.040000,0.670684,Annual,0,18.000000,564.673160,334.183265,68.971106,31.370731,35.351195,1.126885,9.000000,4.000000,6.000000,3.000000,60.000000,HarvestStat Africa v1.2,https://raw.githubusercontent.com/HarvestStat/HarvestStat-Africa/main/public/hvstat_africa_data_v1.2.csv,WFP HDX CHIRPS v2 dekadal indicators,https://data.humdata.org/dataset/ken-rainfall-subnational
Marsabit,KE010,2.860480,37.714884,1990,4450.000000,1200.000000,0.269663,Annual,0,18.000000,272.989147,184.486778,47.972202,15.166064,17.701098,1.167152,5.000000,1.000000,11.000000,6.000000,60.000000,HarvestStat Africa v1.2,https://raw.githubusercontent.com/HarvestStat/HarvestStat-Africa/main/public/hvstat_africa_data_v1.2.csv,WFP HDX CHIRPS v2 dekadal indicators,https://data.humdata.org/dataset/ken-rainfall-subnational
Meru,KE012,0.229055,37.776111,1990,65500.000000,83864.000000,1.280366,Annual,0,18.000000,727.502203,524.441410,38.719443,40.416789,37.359984,0.924368,12.000000,5.000000,4.000000,3.000000,60.000000,HarvestStat Africa v1.2,https://raw.githubusercontent.com/HarvestStat/HarvestStat-Africa/main/public/hvstat_africa_data_v1.2.csv,WFP HDX CHIRPS v2 dekadal indicators,https://data.humdata.org/dataset/ken-rainfall-subnational
Migori,KE044,-1.018704,34.309173,1990,31765.000000,95198.000000,2.996946,Annual,0,18.000000,815.839078,753.103059,8.330337,45.324393,31.570054,0.696536,13.000000,7.000000,3.000000,2.000000,60.000000,HarvestStat Africa v1.2,https://raw.githubusercontent.com/HarvestStat/HarvestStat-Africa/main/public/hvstat_africa_data_v1.2.csv,WFP HDX CHIRPS v2 dekadal indicators,https://data.humdata.org/dataset/ken-rainfall-subnational
Mombasa,KE001,-3.990448,39.701130,1990,759.000000,953.000000,1.255599,Annual,0,18.000000,739.600000,734.479994,0.697093,41.088889,33.863597,0.824155,12.000000,4.000000,3.000000,2.000000,60.000000,HarvestStat Africa v1.2,https://raw.githubusercontent.com/HarvestStat/HarvestStat-Africa/main/public/hvstat_africa_data_v1.2.csv,WFP HDX CHIRPS v2 dekadal indicators,https://data.humdata.org/dataset/ken-rainfall-subnational
Murang'a,KE021,-0.828519,37.004173,1990,45696.000000,77683.000000,1.699996,Annual,0,18.000000,928.277304,695.837541,33.404315,51.570961,43.599112,0.845420,12.000000,9.000000,6.000000,3.000000,60.000000,HarvestStat Africa v1.2,https://raw.githubusercontent.com/HarvestStat/HarvestStat-Africa/main/public/hvstat_africa_data_v1.2.csv,WFP HDX CHIRPS v2 dekadal indicators,https://data.humdata.org/dataset/ken-rainfall-subnational
Nairobi,KE047,-1.300489,36.827926,1990,1560.000000,1872.000000,1.200000,Annual,0,18.000000,648.538468,505.110248,28.395429,36.029915,34.702402,0.963155,10.000000,4.000000,6.000000,3.000000,60.000000,HarvestStat Africa v1.2,https://raw.githubusercontent.com/HarvestStat/HarvestStat-Africa/main/public/hvstat_africa_data_v1.2.csv,WFP HDX CHIRPS v2 dekadal indicators,https://data.humdata.org/dataset/ken-rainfall-subnational
Nakuru,KE032,-0.458448,36.100384,1990,55863.716646,130012.479838,2.327315,Annual,0,18.000000,673.327732,535.090196,25.834436,37.407096,28.992486,0.775053,12.000000,5.000000,3.000000,2.000000,60.000000,HarvestStat Africa v1.2,https://raw.githubusercontent.com/HarvestStat/HarvestStat-Africa/main/public/hvstat_africa_data_v1.2.csv,WFP HDX CHIRPS v2 dekadal indicators,https://data.humdata.org/dataset/ken-rainfall-subnational
Nandi,KE029,0.227352,35.123876,1990,62882.361029,175488.373990,2.790741,Annual,0,18.000000,844.120869,819.099630,3.054725,46.895604,31.334755,0.668181,14.000000,6.000000,2.000000,2.000000,60.000000,HarvestStat Africa v1.2,https://raw.githubusercontent.com/HarvestStat/HarvestStat-Africa/main/public/hvstat_africa_data_v1.2.csv,WFP HDX CHIRPS v2 dekadal indicators,https://data.humdata.org/dataset/ken-rainfall-subnational
Narok,KE033,-1.279878,35.476358,1990,33559.798690,78104.184136,2.327314,Annual,0,18.000000,631.586623,591.197598,6.831730,35.088146,26.272309,0.748752,11.000000,5.000000,3.000000,2.000000,60.000000,HarvestStat Africa v1.2,https://raw.githubusercontent.com/HarvestStat/HarvestStat-Africa/main/public/hvstat_africa_data_v1.2.csv,WFP HDX CHIRPS v2 dekadal indicators,https://data.humdata.org/dataset/ken-rainfall-subnational
Nyamira,KE046,-0.649378,34.933398,1990,29740.000000,80314.000000,2.700538,Annual,0,18.000000,1006.206896,912.716100,10.243141,55.900383,34.244533,0.612599,14.000000,9.000000,3.000000,2.000000,60.000000,HarvestStat Africa v1.2,https://raw.githubusercontent.com/HarvestStat/HarvestStat-Africa/main/public/hvstat_africa_data_v1.2.csv,WFP HDX CHIRPS v2 dekadal indicators,https://data.humdata.org/dataset/ken-rainfall-subnational
Nyandarua,KE018,-0.389093,36.497431,1990,18573.000000,33531.000000,1.805363,Annual,0,18.000000,757.907407,598.538580,26.626325,42.105967,34.187931,0.811950,12.000000,5.000000,2.000000,2.000000,60.000000,HarvestStat Africa v1.2,https://raw.githubusercontent.com/HarvestStat/HarvestStat-Africa/main/public/hvstat_africa_data_v1.2.csv,WFP HDX CHIRPS v2 dekadal indicators,https://data.humdata.org/dataset/ken-rainfall-subnational
Nyeri,KE019,-0.314375,36.930473,1990,21123.000000,33796.000000,1.599962,Annual,0,18.000000,800.100000,644.133946,24.213295,44.450000,33.082034,0.744253,12.000000,5.000000,3.000000,2.000000,60.000000,HarvestStat Africa v1.2,https://raw.githubusercontent.com/HarvestStat/HarvestStat-Africa/main/public/hvstat_africa_data_v1.2.csv,WFP HDX CHIRPS v2 dekadal indicators,https://data.humdata.org/dataset/ken-rainfall-subnational
Samburu,KE025,1.541373,36.941540,1990,979.173868,1519.239226,1.551552,Annual,0,18.000000,524.754756,270.988171,93.644893,29.153042,32.826183,1.125995,7.000000,5.000000,8.000000,4.000000,60.000000,HarvestStat Africa v1.2,https://raw.githubusercontent.com/HarvestStat/HarvestStat-Africa/main/public/hvstat_africa_data_v1.2.csv,WFP HDX CHIRPS v2 dekadal indicators,https://data.humdata.org/dataset/ken-rainfall-subnational
Siaya,KE041,-0.057674,34.199887,1990,37920.000000,59672.000000,1.573629,Annual,0,18.000000,785.812498,811.195420,-3.129076,43.656250,25.537528,0.584968,13.000000,7.000000,3.000000,2.000000,60.000000,HarvestStat Africa v1.2,https://raw.githubusercontent.com/HarvestStat/HarvestStat-Africa/main/public/hvstat_africa_data_v1.2.csv,WFP HDX CHIRPS v2 dekadal indicators,https://data.humdata.org/dataset/ken-rainfall-subnational
Taita Taveta,KE006,-3.405203,38.371760,1990,4007.000000,8146.000000,2.032942,Annual,0,18.000000,559.356508,310.607723,80.084546,31.075362,36.887053,1.187019,7.000000,4.000000,8.000000,5.000000,60.000000,HarvestStat Africa v1.2,https://raw.githubusercontent.com/HarvestStat/HarvestStat-Africa/main/public/hvstat_africa_data_v1.2.csv,WFP HDX CHIRPS v2 dekadal indicators,https://data.humdata.org/dataset/ken-rainfall-subnational
Tana River,KE004,-1.534918,39.550288,1990,1503.000000,2366.000000,1.574185,Annual,0,18.000000,311.686635,192.080568,62.268697,17.315924,20.747594,1.198180,4.000000,2.000000,10.000000,5.000000,60.000000,HarvestStat Africa v1.2,https://raw.githubusercontent.com/HarvestStat/HarvestStat-Africa/main/public/hvstat_africa_data_v1.2.csv,WFP HDX CHIRPS v2 dekadal indicators,https://data.humdata.org/dataset/ken-rainfall-subnational
Tharaka-Nithi,KE013,-0.191445,37.960417,1990,2050.000000,1479.200000,0.721561,Annual,0,18.000000,758.928567,547.091662,38.720551,42.162698,44.936508,1.065788,11.000000,5.000000,5.000000,3.000000,60.000000,HarvestStat Africa v1.2,https://raw.githubusercontent.com/HarvestStat/HarvestStat-Africa/main/public/hvstat_africa_data_v1.2.csv,WFP HDX CHIRPS v2 dekadal indicators,https://data.humdata.org/dataset/ken-rainfall-subnational
Trans Nzoia,KE026,1.045915,34.980778,1990,55185.684930,169534.676119,3.072077,Annual,0,18.000000,663.025309,634.237966,4.538887,36.834739,23.402873,0.635348,14.000000,5.000000,2.000000,2.000000,60.000000,HarvestStat Africa v1.2,https://raw.githubusercontent.com/HarvestStat/HarvestStat-Africa/main/public/hvstat_africa_data_v1.2.csv,WFP HDX CHIRPS v2 dekadal indicators,https://data.humdata.org/dataset/ken-rainfall-subnational
Uasin Gishu,KE027,0.478188,35.303799,1990,59886.000000,177861.000000,2.969993,Annual,0,18.000000,618.441436,606.721928,1.931611,34.357858,26.747072,0.778485,11.000000,5.000000,3.000000,2.000000,60.000000,HarvestStat Africa v1.2,https://raw.githubusercontent.com/HarvestStat/HarvestStat-Africa/main/public/hvstat_africa_data_v1.2.csv,WFP HDX CHIRPS v2 dekadal indicators,https://data.humdata.org/dataset/ken-rainfall-subnational
Vihiga,KE038,0.084857,34.707784,1990,24350.000000,34370.000000,1.411499,Annual,0,18.000000,1052.578954,1006.033351,4.626646,58.476609,35.441838,0.606086,14.000000,12.000000,3.000000,2.000000,60.000000,HarvestStat Africa v1.2,https://raw.githubusercontent.com/HarvestStat/HarvestStat-Africa/main/public/hvstat_africa_data_v1.2.csv,WFP HDX CHIRPS v2 dekadal indicators,https://data.humdata.org/dataset/ken-rainfall-subnational
West Pokot,KE024,1.893374,35.212768,1990,12736.650271,30300.700831,2.379016,Annual,0,18.000000,439.163272,443.095810,-0.887514,24.397960,17.220369,0.705812,8.000000,1.000000,3.000000,3.000000,60.000000,HarvestStat Africa v1.2,https://raw.githubusercontent.com/HarvestStat/HarvestStat-Africa/main/public/hvstat_africa_data_v1.2.csv,WFP HDX CHIRPS v2 dekadal indicators,https://data.humdata.org/dataset/ken-rainfall-subnational
Baringo,KE030,0.726352,36.018591,1991,15024.000000,29747.000000,1.979965,Annual,0,18.000000,377.170939,465.744538,-19.017636,20.953941,18.196036,0.868383,8.000000,2.000000,6.000000,4.000000,80.000000,HarvestStat Africa v1.2,https://raw.githubusercontent.com/HarvestStat/HarvestStat-Africa/main/public/hvstat_africa_data_v1.2.csv,WFP HDX CHIRPS v2 dekadal indicators,https://data.humdata.org/dataset/ken-rainfall-subnational
Bomet,KE036,-0.716095,35.238459,1991,30000.000000,81000.000000,2.700000,Annual,0,18.000000,812.484208,842.724213,-3.588363,45.138012,27.550461,0.610361,13.000000,5.000000,1.000000,1.000000,70.000000,HarvestStat Africa v1.2,https://raw.githubusercontent.com/HarvestStat/HarvestStat-Africa/main/public/hvstat_africa_data_v1.2.csv,WFP HDX CHIRPS v2 dekadal indicators,https://data.humdata.org/dataset/ken-rainfall-subnational
Bungoma,KE039,0.785694,34.718757,1991,71500.000000,168750.000000,2.360140,Annual,0,18.000000,945.520003,854.742337,10.620471,52.528889,34.079621,0.648779,14.000000,8.000000,0.000000,0.000000,70.000000,HarvestStat Africa v1.2,https://raw.githubusercontent.com/HarvestStat/HarvestStat-Africa/main/public/hvstat_africa_data_v1.2.csv,WFP HDX CHIRPS v2 dekadal indicators,https://data.humdata.org/dataset/ken-rainfall-subnational
Busia,KE040,0.375707,34.265111,1991,17910.000000,30447.000000,1.700000,Annual,0,18.000000,1010.173080,900.425645,12.188395,56.120727,36.068180,0.642689,16.000000,6.000000,0.000000,0.000000,60.000000,HarvestStat Africa v1.2,https://raw.githubusercontent.com/HarvestStat/HarvestStat-Africa/main/public/hvstat_africa_data_v1.2.csv,WFP HDX CHIRPS v2 dekadal indicators,https://data.humdata.org/dataset/ken-rainfall-subnational
Elgeyo-Marakwet,KE028,0.745102,35.560856,1991,42704.000000,115192.400000,2.697462,Annual,0,18.000000,576.171715,657.566659,-12.378204,32.009540,26.368222,0.823761,12.000000,3.000000,4.000000,3.000000,70.000000,HarvestStat Africa v1.2,https://raw.githubusercontent.com/HarvestStat/HarvestStat-Africa/main/public/hvstat_africa_data_v1.2.csv,WFP HDX CHIRPS v2 dekadal indicators,https://data.humdata.org/dataset/ken-rainfall-subnational
Embu,KE014,-0.532830,37.664629,1991,51435.000000,47007.000000,0.913911,Annual,0,18.000000,484.098900,525.286081,-7.840905,26.894383,29.271850,1.088400,8.000000,5.000000,9.000000,6.000000,80.000000,HarvestStat Africa v1.2,https://raw.githubusercontent.com/HarvestStat/HarvestStat-Africa/main/public/hvstat_africa_data_v1.2.csv,WFP HDX CHIRPS v2 dekadal indicators,https://data.humdata.org/dataset/ken-rainfall-subnational
Garissa,KE007,-0.520490,40.355590,1991,130.000000,175.000000,1.346154,Annual,0,18.000000,271.489344,240.279175,12.989128,15.082741,21.962517,1.456136,5.000000,1.000000,12.000000,9.000000,91.000000,HarvestStat Africa v1.2,https://raw.githubusercontent.com/HarvestStat/HarvestStat-Africa/main/public/hvstat_africa_data_v1.2.csv,WFP HDX CHIRPS v2 dekadal indicators,https://data.humdata.org/dataset/ken-rainfall-subnational
Homa Bay,KE043,-0.562403,34.314532,1991,25426.000000,45766.000000,1.799969,Annual,0,18.000000,765.311926,734.102143,4.251422,42.517329,26.367717,0.620164,14.000000,6.000000,0.000000,0.000000,70.000000,HarvestStat Africa v1.2,https://raw.githubusercontent.com/HarvestStat/HarvestStat-Africa/main/public/hvstat_africa_data_v1.2.csv,WFP HDX CHIRPS v2 dekadal indicators,https://data.humdata.org/dataset/ken-rainfall-subnational
Isiolo,KE011,1.006385,38.747651,1991,570.000000,579.000000,1.015789,Annual,0,18.000000,148.030120,173.962088,-14.906678,8.223896,9.820891,1.194190,3.000000,0.000000,13.000000,7.000000,70.000000,HarvestStat Africa v1.2,https://raw.githubusercontent.com/HarvestStat/HarvestStat-Africa/main/public/hvstat_africa_data_v1.2.csv,WFP HDX CHIRPS v2 dekadal indicators,https://data.humdata.org/dataset/ken-rainfall-subnational
Kajiado,KE034,-2.112369,36.777606,1991,28955.000000,52119.000000,1.800000,Annual,0,18.000000,301.417134,373.466385,-19.292031,16.745396,20.983242,1.253075,6.000000,1.000000,10.000000,5.000000,80.000000,HarvestStat Africa v1.2,https://raw.githubusercontent.com/HarvestStat/HarvestStat-Africa/main/public/hvstat_africa_data_v1.2.csv,WFP HDX CHIRPS v2 dekadal indicators,https://data.humdata.org/dataset/ken-rainfall-subnational
Kakamega,KE037,0.497190,34.800929,1991,74754.000000,194360.000000,2.599995,Annual,0,18.000000,994.526319,951.356143,4.537751,55.251462,35.044801,0.634278,15.000000,9.000000,0.000000,0.000000,70.000000,HarvestStat Africa v1.2,https://raw.githubusercontent.com/HarvestStat/HarvestStat-Africa/main/public/hvstat_africa_data_v1.2.csv,WFP HDX CHIRPS v2 dekadal indicators,https://data.humdata.org/dataset/ken-rainfall-subnational
Kericho,KE035,-0.316683,35.225997,1991,43095.000000,155142.000000,3.600000,Annual,0,18.000000,773.611929,795.027352,-2.693671,42.978441,25.507897,0.593504,13.000000,8.000000,3.000000,1.000000,70.000000,HarvestStat Africa v1.2,https://raw.githubusercontent.com/HarvestStat/HarvestStat-Africa/main/public/hvstat_africa_data_v1.2.csv,WFP HDX CHIRPS v2 dekadal indicators,https://data.humdata.org/dataset/ken-rainfall-subnational
Kiambu,KE022,-1.034385,36.843216,1991,27005.000000,76286.000000,2.824884,Annual,0,18.000000,581.095233,695.396027,-16.436791,32.283068,37.430851,1.159458,7.000000,5.000000,8.000000,5.000000,80.000000,HarvestStat Africa v1.2,https://raw.githubusercontent.com/HarvestStat/HarvestStat-Africa/main/public/hvstat_africa_data_v1.2.csv,WFP HDX CHIRPS v2 dekadal indicators,https://data.humdata.org/dataset/ken-rainfall-subnational
Kilifi,KE003,-3.152441,39.672708,1991,32478.000000,33355.000000,1.027003,Annual,0,18.000000,577.178219,488.607513,18.127168,32.065457,42.175820,1.315304,7.000000,4.000000,8.000000,7.000000,80.000000,HarvestStat Africa v1.2,https://raw.githubusercontent.com/HarvestStat/HarvestStat-Africa/main/public/hvstat_africa_data_v1.2.csv,WFP HDX CHIRPS v2 dekadal indicators,https://data.humdata.org/dataset/ken-rainfall-subnational
Kirinyaga,KE020,-0.467350,37.301902,1991,21651.000000,38972.000000,1.800009,Annual,0,18.000000,597.583342,646.759723,-7.603501,33.199075,35.558008,1.071054,7.000000,6.000000,8.000000,5.000000,80.000000,HarvestStat Africa v1.2,https://raw.githubusercontent.com/HarvestStat/HarvestStat-Africa/main/public/hvstat_africa_data_v1.2.csv,WFP HDX CHIRPS v2 dekadal indicators,https://data.humdata.org/dataset/ken-rainfall-subnational
Kisii,KE045,-0.736677,34.753510,1991,35150.000000,126540.000000,3.600000,Annual,0,18.000000,886.249995,925.845013,-4.276636,49.236111,27.975153,0.568184,14.000000,8.000000,0.000000,0.000000,70.000000,HarvestStat Africa v1.2,https://raw.githubusercontent.com/HarvestStat/HarvestStat-Africa/main/public/hvstat_africa_data_v1.2.csv,WFP HDX CHIRPS v2 dekadal indicators,https://data.humdata.org/dataset/ken-rainfall-subnational
Kisumu,KE042,-0.194380,34.777329,1991,12069.000000,17001.000000,1.408650,Annual,0,18.000000,854.695639,816.425122,4.687572,47.483091,27.413520,0.577332,14.000000,7.000000,0.000000,0.000000,60.000000,HarvestStat Africa v1.2,https://raw.githubusercontent.com/HarvestStat/HarvestStat-Africa/main/public/hvstat_africa_data_v1.2.csv,WFP HDX CHIRPS v2 dekadal indicators,https://data.humdata.org/dataset/ken-rainfall-subnational
Kitui,KE015,-1.560490,38.371810,1991,70130.000000,27105.000000,0.386497,Annual,0,18.000000,273.160479,272.434005,0.266661,15.175582,17.782567,1.171788,4.000000,1.000000,11.000000,7.000000,80.000000,HarvestStat Africa v1.2,https://raw.githubusercontent.com/HarvestStat/HarvestStat-Africa/main/public/hvstat_africa_data_v1.2.csv,WFP HDX CHIRPS v2 dekadal indicators,https://data.humdata.org/dataset/ken-rainfall-subnational
Kwale,KE002,-4.120591,39.066136,1991,12848.000000,23827.000000,1.854530,Annual,0,18.000000,547.795542,541.885007,1.090736,30.433086,36.525455,1.200189,7.000000,3.000000,6.000000,4.000000,80.000000,HarvestStat Africa v1.2,https://raw.githubusercontent.com/HarvestStat/HarvestStat-Africa/main/public/hvstat_africa_data_v1.2.csv,WFP HDX CHIRPS v2 dekadal indicators,https://data.humdata.org/dataset/ken-rainfall-subnational
Laikipia,KE031,0.289134,36.825248,1991,20855.000000,46923.000000,2.249964,Annual,0,18.000000,315.341061,361.774838,-12.834994,17.518948,13.288774,0.758537,8.000000,0.000000,7.000000,7.000000,80.000000,HarvestStat Africa v1.2,https://raw.githubusercontent.com/HarvestStat/HarvestStat-Africa/main/public/hvstat_africa_data_v1.2.csv,WFP HDX CHIRPS v2 dekadal indicators,https://data.humdata.org/dataset/ken-rainfall-subnational
Lamu,KE005,-2.063679,40.545830,1991,3174.000000,2583.000000,0.813800,Annual,0,18.000000,699.339905,534.602138,30.815022,38.852217,60.258027,1.550955,6.000000,4.000000,9.000000,9.000000,101.000000,HarvestStat Africa v1.2,https://raw.githubusercontent.com/HarvestStat/HarvestStat-Africa/main/public/hvstat_africa_data_v1.2.csv,WFP HDX CHIRPS v2 dekadal indicators,https://data.humdata.org/dataset/ken-rainfall-subnational
Machakos,KE016,-1.276237,37.394595,1991,126625.000000,104820.000000,0.827799,Annual,0,18.000000,354.413788,412.340392,-14.048249,19.689655,23.480854,1.192548,5.000000,2.000000,9.000000,6.000000,80.000000,HarvestStat Africa v1.2,https://raw.githubusercontent.com/HarvestStat/HarvestStat-Africa/main/public/hvstat_africa_data_v1.2.csv,WFP HDX CHIRPS v2 dekadal indicators,https://data.humdata.org/dataset/ken-rainfall-subnational
Makueni,KE017,-2.253637,37.876663,1991,89446.000000,64401.000000,0.719999,Annual,0,18.000000,278.408557,334.183265,-16.689857,15.467142,19.949388,1.289791,4.000000,1.000000,10.000000,5.000000,80.000000,HarvestStat Africa v1.2,https://raw.githubusercontent.com/HarvestStat/HarvestStat-Africa/main/public/hvstat_africa_data_v1.2.csv,WFP HDX CHIRPS v2 dekadal indicators,https://data.humdata.org/dataset/ken-rainfall-subnational
Mandera,KE009,3.230964,40.711346,1991,340.000000,357.000000,1.050000,Annual,0,18.000000,189.580763,189.924349,-0.180907,10.532265,11.860076,1.126071,4.000000,0.000000,10.000000,7.000000,91.000000,HarvestStat Africa v1.2,https://raw.githubusercontent.com/HarvestStat/HarvestStat-Africa/main/public/hvstat_africa_data_v1.2.csv,WFP HDX CHIRPS v2 dekadal indicators,https://data.humdata.org/dataset/ken-rainfall-subnational
Marsabit,KE010,2.860480,37.714884,1991,7450.000000,4700.000000,0.630872,Annual,0,18.000000,149.967448,184.486778,-18.711005,8.331525,7.646781,0.917813,2.000000,0.000000,13.000000,7.000000,80.000000,HarvestStat Africa v1.2,https://raw.githubusercontent.com/HarvestStat/HarvestStat-Africa/main/public/hvstat_africa_data_v1.2.csv,WFP HDX CHIRPS v2 dekadal indicators,https://data.humdata.org/dataset/ken-rainfall-subnational
Meru,KE012,0.229055,37.776111,1991,43245.000000,85455.000000,1.976067,Annual,0,18.000000,465.682820,524.441410,-11.204033,25.871268,24.205157,0.935600,8.000000,5.000000,7.000000,3.000000,70.000000,HarvestStat Africa v1.2,https://raw.githubusercontent.com/HarvestStat/HarvestStat-Africa/main/public/hvstat_africa_data_v1.2.csv,WFP HDX CHIRPS v2 dekadal indicators,https://data.humdata.org/dataset/ken-rainfall-subnational
Migori,KE044,-1.018704,34.309173,1991,31765.000000,95198.000000,2.996946,Annual,0,18.000000,759.333329,753.103059,0.827280,42.185185,24.534946,0.581601,13.000000,7.000000,1.000000,1.000000,70.000000,HarvestStat Africa v1.2,https://raw.githubusercontent.com/HarvestStat/HarvestStat-Africa/main/public/hvstat_africa_data_v1.2.csv,WFP HDX CHIRPS v2 dekadal indicators,https://data.humdata.org/dataset/ken-rainfall-subnational
Mombasa,KE001,-3.990448,39.701130,1991,443.000000,421.000000,0.950339,Annual,0,18.000000,695.800000,734.479994,-5.266310,38.655556,56.561316,1.463213,8.000000,5.000000,10.000000,8.000000,121.000000,HarvestStat Africa v1.2,https://raw.githubusercontent.com/HarvestStat/HarvestStat-Africa/main/public/hvstat_africa_data_v1.2.csv,WFP HDX CHIRPS v2 dekadal indicators,https://data.humdata.org/dataset/ken-rainfall-subnational
Murang'a,KE021,-0.828519,37.004173,1991,43290.000000,77922.000000,1.800000,Annual,0,18.000000,582.789921,695.837541,-16.246266,32.377218,35.615306,1.100011,7.000000,5.000000,8.000000,5.000000,80.000000,HarvestStat Africa v1.2,https://raw.githubusercontent.com/HarvestStat/HarvestStat-Africa/main/public/hvstat_africa_data_v1.2.csv,WFP HDX CHIRPS v2 dekadal indicators,https://data.humdata.org/dataset/ken-rainfall-subnational
Nairobi,KE047,-1.300489,36.827926,1991,2860.000000,4290.000000,1.500000,Annual,0,18.000000,399.307694,505.110248,-20.946428,22.183761,25.090420,1.131026,6.000000,3.000000,11.000000,8.000000,80.000000,HarvestStat Africa v1.2,https://raw.githubusercontent.com/HarvestStat/HarvestStat-Africa/main/public/hvstat_africa_data_v1.2.csv,WFP HDX CHIRPS v2 dekadal indicators,https://data.humdata.org/dataset/ken-rainfall-subnational
Nakuru,KE032,-0.458448,36.100384,1991,49862.000000,116677.000000,2.339998,Annual,0,18.000000,462.731087,535.090196,-13.522787,25.707283,19.411915,0.755113,10.000000,2.000000,4.000000,3.000000,80.000000,HarvestStat Africa v1.2,https://raw.githubusercontent.com/HarvestStat/HarvestStat-Africa/main/public/hvstat_africa_data_v1.2.csv,WFP HDX CHIRPS v2 dekadal indicators,https://data.humdata.org/dataset/ken-rainfall-subnational
Nandi,KE029,0.227352,35.123876,1991,60953.000000,192002.000000,3.150001,Annual,0,18.000000,759.736267,819.099630,-7.247392,42.207570,25.444018,0.602831,14.000000,8.000000,3.000000,2.000000,70.000000,HarvestStat Africa v1.2,https://raw.githubusercontent.com/HarvestStat/HarvestStat-Africa/main/public/hvstat_africa_data_v1.2.csv,WFP HDX CHIRPS v2 dekadal indicators,https://data.humdata.org/dataset/ken-rainfall-subnational
Narok,KE033,-1.279878,35.476358,1991,26500.000000,90063.000000,3.398604,Annual,0,18.000000,498.850768,591.197598,-15.620298,27.713932,19.021388,0.686347,9.000000,3.000000,3.000000,2.000000,80.000000,HarvestStat Africa v1.2,https://raw.githubusercontent.com/HarvestStat/HarvestStat-Africa/main/public/hvstat_africa_data_v1.2.csv,WFP HDX CHIRPS v2 dekadal indicators,https://data.humdata.org/dataset/ken-rainfall-subnational
Nyamira,KE046,-0.649378,34.933398,1991,24820.000000,78198.000000,3.150604,Annual,0,18.000000,885.310338,912.716100,-3.002660,49.183908,26.619498,0.541224,15.000000,8.000000,0.000000,0.000000,70.000000,HarvestStat Africa v1.2,https://raw.githubusercontent.com/HarvestStat/HarvestStat-Africa/main/public/hvstat_africa_data_v1.2.csv,WFP HDX CHIRPS v2 dekadal indicators,https://data.humdata.org/dataset/ken-rainfall-subnational
Nyandarua,KE018,-0.389093,36.497431,1991,21620.000000,34592.000000,1.600000,Annual,0,18.000000,523.537045,598.538580,-12.530777,29.085391,23.088170,0.793806,10.000000,4.000000,4.000000,3.000000,70.000000,HarvestStat Africa v1.2,https://raw.githubusercontent.com/HarvestStat/HarvestStat-Africa/main/public/hvstat_africa_data_v1.2.csv,WFP HDX CHIRPS v2 dekadal indicators,https://data.humdata.org/dataset/ken-rainfall-subnational
Nyeri,KE019,-0.314375,36.930473,1991,21200.000000,29680.000000,1.400000,Annual,0,18.000000,636.490910,644.133946,-1.186560,35.360606,34.924720,0.987673,9.000000,5.000000,5.000000,3.000000,70.000000,HarvestStat Africa v1.2,https://raw.githubusercontent.com/HarvestStat/HarvestStat-Africa/main/public/hvstat_africa_data_v1.2.csv,WFP HDX CHIRPS v2 dekadal indicators,https://data.humdata.org/dataset/ken-rainfall-subnational
Samburu,KE025,1.541373,36.941540,1991,1800.000000,3240.000000,1.800000,Annual,0,18.000000,208.991243,270.988171,-22.878094,11.610625,10.195411,0.878111,3.000000,0.000000,10.000000,6.000000,80.000000,HarvestStat Africa v1.2,https://raw.githubusercontent.com/HarvestStat/HarvestStat-Africa/main/public/hvstat_africa_data_v1.2.csv,WFP HDX CHIRPS v2 dekadal indicators,https://data.humdata.org/dataset/ken-rainfall-subnational
Siaya,KE041,-0.057674,34.199887,1991,37920.000000,59672.000000,1.573629,Annual,0,18.000000,924.525002,811.195420,13.970688,51.362500,34.778646,0.677121,15.000000,6.000000,1.000000,1.000000,70.000000,HarvestStat Africa v1.2,https://raw.githubusercontent.com/HarvestStat/HarvestStat-Africa/main/public/hvstat_africa_data_v1.2.csv,WFP HDX CHIRPS v2 dekadal indicators,https://data.humdata.org/dataset/ken-rainfall-subnational
Taita Taveta,KE006,-3.405203,38.371760,1991,8146.000000,3784.000000,0.464522,Annual,0,18.000000,285.459895,310.607723,-8.096330,15.858883,19.161330,1.208240,3.000000,2.000000,9.000000,4.000000,80.000000,HarvestStat Africa v1.2,https://raw.githubusercontent.com/HarvestStat/HarvestStat-Africa/main/public/hvstat_africa_data_v1.2.csv,WFP HDX CHIRPS v2 dekadal indicators,https://data.humdata.org/dataset/ken-rainfall-subnational
Tana River,KE004,-1.534918,39.550288,1991,1352.000000,1216.000000,0.899408,Annual,0,18.000000,223.805671,192.080568,16.516561,12.433648,17.523323,1.409347,3.000000,1.000000,10.000000,7.000000,101.000000,HarvestStat Africa v1.2,https://raw.githubusercontent.com/HarvestStat/HarvestStat-Africa/main/public/hvstat_africa_data_v1.2.csv,WFP HDX CHIRPS v2 dekadal indicators,https://data.humdata.org/dataset/ken-rainfall-subnational
Tharaka-Nithi,KE013,-0.191445,37.960417,1991,1255.500000,1479.000000,1.178017,Annual,0,18.000000,557.571427,547.091662,1.915541,30.976190,37.502011,1.210672,8.000000,4.000000,9.000000,6.000000,70.000000,HarvestStat Africa v1.2,https://raw.githubusercontent.com/HarvestStat/HarvestStat-Africa/main/public/hvstat_africa_data_v1.2.csv,WFP HDX CHIRPS v2 dekadal indicators,https://data.humdata.org/dataset/ken-rainfall-subnational
Trans Nzoia,KE026,1.045915,34.980778,1991,58190.000000,225195.000000,3.869995,Annual,0,18.000000,657.481023,634.237966,3.664722,36.526724,28.011640,0.766881,10.000000,7.000000,5.000000,4.000000,70.000000,HarvestStat Africa v1.2,https://raw.githubusercontent.com/HarvestStat/HarvestStat-Africa/main/public/hvstat_africa_data_v1.2.csv,WFP HDX CHIRPS v2 dekadal indicators,https://data.humdata.org/dataset/ken-rainfall-subnational
Turkana,KE023,3.162488,35.313492,1991,317.000000,313.000000,0.987382,Annual,0,18.000000,164.930541,172.177661,-4.209095,9.162808,8.987159,0.980830,2.000000,0.000000,13.000000,7.000000,80.000000,HarvestStat Africa v1.2,https://raw.githubusercontent.com/HarvestStat/HarvestStat-Africa/main/public/hvstat_africa_data_v1.2.csv,WFP HDX CHIRPS v2 dekadal indicators,https://data.humdata.org/dataset/ken-rainfall-subnational
Uasin Gishu,KE027,0.478188,35.303799,1991,45000.000000,141750.000000,3.150000,Annual,0,18.000000,510.702710,606.721928,-15.825902,28.372373,21.628254,0.762300,12.000000,2.000000,5.000000,4.000000,70.000000,HarvestStat Africa v1.2,https://raw.githubusercontent.com/HarvestStat/HarvestStat-Africa/main/public/hvstat_africa_data_v1.2.csv,WFP HDX CHIRPS v2 dekadal indicators,https://data.humdata.org/dataset/ken-rainfall-subnational
Vihiga,KE038,0.084857,34.707784,1991,22859.000000,32290.000000,1.412573,Annual,0,18.000000,1091.157896,1006.033351,8.461404,60.619883,38.995179,0.643274,15.000000,10.000000,0.000000,0.000000,60.000000,HarvestStat Africa v1.2,https://raw.githubusercontent.com/HarvestStat/HarvestStat-Africa/main/public/hvstat_africa_data_v1.2.csv,WFP HDX CHIRPS v2 dekadal indicators,https://data.humdata.org/dataset/ken-rainfall-subnational
Wajir,KE008,1.939715,40.024507,1991,208.000000,159.000000,0.764423,Annual,0,18.000000,152.381829,193.539230,-21.265664,8.465657,11.141873,1.316126,1.000000,0.000000,11.000000,8.000000,101.000000,HarvestStat Africa v1.2,https://raw.githubusercontent.com/HarvestStat/HarvestStat-Africa/main/public/hvstat_africa_data_v1.2.csv,WFP HDX CHIRPS v2 dekadal indicators,https://data.humdata.org/dataset/ken-rainfall-subnational
West Pokot,KE024,1.893374,35.212768,1991,17491.000000,55096.000000,3.149963,Annual,0,18.000000,438.040823,443.095810,-1.140834,24.335601,21.207961,0.871479,8.000000,2.000000,5.000000,4.000000,80.000000,HarvestStat Africa v1.2,https://raw.githubusercontent.com/HarvestStat/HarvestStat-Africa/main/public/hvstat_africa_data_v1.2.csv,WFP HDX CHIRPS v2 dekadal indicators,https://data.humdata.org/dataset/ken-rainfall-subnational
Baringo,KE030,0.726352,36.018591,1992,36719.000000,30793.000000,0.838612,Annual,0,18.000000,323.441597,465.744538,-30.553861,17.968978,16.445885,0.915238,6.000000,2.000000,8.000000,8.000000,92.000000,HarvestStat Africa v1.2,https://raw.githubusercontent.com/HarvestStat/HarvestStat-Africa/main/public/hvstat_africa_data_v1.2.csv,WFP HDX CHIRPS v2 dekadal indicators,https://data.humdata.org/dataset/ken-rainfall-subnational
Bomet,KE036,-0.716095,35.238459,1992,38945.000000,70101.000000,1.800000,Annual,0,18.000000,708.210524,842.724213,-15.961769,39.345029,23.698373,0.602322,14.000000,5.000000,1.000000,1.000000,61.000000,HarvestStat Africa v1.2,https://raw.githubusercontent.com/HarvestStat/HarvestStat-Africa/main/public/hvstat_africa_data_v1.2.csv,WFP HDX CHIRPS v2 dekadal indicators,https://data.humdata.org/dataset/ken-rainfall-subnational
Bungoma,KE039,0.785694,34.718757,1992,70025.000000,175062.000000,2.499993,Annual,0,18.000000,804.700007,854.742337,-5.854669,44.705556,35.567012,0.795584,11.000000,8.000000,2.000000,2.000000,92.000000,HarvestStat Africa v1.2,https://raw.githubusercontent.com/HarvestStat/HarvestStat-Africa/main/public/hvstat_africa_data_v1.2.csv,WFP HDX CHIRPS v2 dekadal indicators,https://data.humdata.org/dataset/ken-rainfall-subnational
Busia,KE040,0.375707,34.265111,1992,15230.000000,21322.000000,1.400000,Annual,0,18.000000,845.211541,900.425645,-6.132000,46.956197,34.195456,0.728242,14.000000,7.000000,2.000000,2.000000,71.000000,HarvestStat Africa v1.2,https://raw.githubusercontent.com/HarvestStat/HarvestStat-Africa/main/public/hvstat_africa_data_v1.2.csv,WFP HDX CHIRPS v2 dekadal indicators,https://data.humdata.org/dataset/ken-rainfall-subnational
Elgeyo-Marakwet,KE028,0.745102,35.560856,1992,49000.000000,74970.000000,1.530000,Annual,0,18.000000,519.818178,657.566659,-20.948215,28.878788,29.709287,1.028758,8.000000,2.000000,5.000000,3.000000,92.000000,HarvestStat Africa v1.2,https://raw.githubusercontent.com/HarvestStat/HarvestStat-Africa/main/public/hvstat_africa_data_v1.2.csv,WFP HDX CHIRPS v2 dekadal indicators,https://data.humdata.org/dataset/ken-rainfall-subnational
Embu,KE014,-0.532830,37.664629,1992,53200.000000,33624.000000,0.632030,Annual,0,18.000000,479.582415,525.286081,-8.700719,26.643467,37.468115,1.406278,6.000000,4.000000,11.000000,8.000000,92.000000,HarvestStat Africa v1.2,https://raw.githubusercontent.com/HarvestStat/HarvestStat-Africa/main/public/hvstat_africa_data_v1.2.csv,WFP HDX CHIRPS v2 dekadal indicators,https://data.humdata.org/dataset/ken-rainfall-subnational
Garissa,KE007,-0.520490,40.355590,1992,120.000000,195.000000,1.625000,Annual,0,18.000000,192.872168,240.279175,-19.729969,10.715120,12.640354,1.179675,3.000000,0.000000,12.000000,9.000000,92.000000,HarvestStat Africa v1.2,https://raw.githubusercontent.com/HarvestStat/HarvestStat-Africa/main/public/hvstat_africa_data_v1.2.csv,WFP HDX CHIRPS v2 dekadal indicators,https://data.humdata.org/dataset/ken-rainfall-subnational
Homa Bay,KE043,-0.562403,34.314532,1992,24500.000000,16245.000000,0.663061,Annual,0,18.000000,560.192656,734.102143,-23.690094,31.121814,20.040165,0.643927,12.000000,2.000000,4.000000,3.000000,81.000000,HarvestStat Africa v1.2,https://raw.githubusercontent.com/HarvestStat/HarvestStat-Africa/main/public/hvstat_africa_data_v1.2.csv,WFP HDX CHIRPS v2 dekadal indicators,https://data.humdata.org/dataset/ken-rainfall-subnational
Isiolo,KE011,1.006385,38.747651,1992,485.000000,347.000000,0.715464,Annual,0,18.000000,174.975904,173.962088,0.582780,9.720884,18.420805,1.894972,3.000000,1.000000,15.000000,9.000000,92.000000,HarvestStat Africa v1.2,https://raw.githubusercontent.com/HarvestStat/HarvestStat-Africa/main/public/hvstat_africa_data_v1.2.csv,WFP HDX CHIRPS v2 dekadal indicators,https://data.humdata.org/dataset/ken-rainfall-subnational
Kajiado,KE034,-2.112369,36.777606,1992,29785.000000,40209.750000,1.350000,Annual,0,18.000000,346.516863,373.466385,-7.216050,19.250937,29.756208,1.545702,4.000000,2.000000,12.000000,5.000000,92.000000,HarvestStat Africa v1.2,https://raw.githubusercontent.com/HarvestStat/HarvestStat-Africa/main/public/hvstat_africa_data_v1.2.csv,WFP HDX CHIRPS v2 dekadal indicators,https://data.humdata.org/dataset/ken-rainfall-subnational
Kakamega,KE037,0.497190,34.800929,1992,66514.000000,146330.000000,2.199988,Annual,0,18.000000,944.642110,951.356143,-0.705733,52.480117,41.901071,0.798418,12.000000,8.000000,3.000000,2.000000,92.000000,HarvestStat Africa v1.2,https://raw.githubusercontent.com/HarvestStat/HarvestStat-Africa/main/public/hvstat_africa_data_v1.2.csv,WFP HDX CHIRPS v2 dekadal indicators,https://data.humdata.org/dataset/ken-rainfall-subnational
Kericho,KE035,-0.316683,35.225997,1992,40550.000000,80289.000000,1.980000,Annual,0,18.000000,647.611934,795.027352,-18.542182,35.978441,24.852405,0.690758,13.000000,3.000000,3.000000,2.000000,71.000000,HarvestStat Africa v1.2,https://raw.githubusercontent.com/HarvestStat/HarvestStat-Africa/main/public/hvstat_africa_data_v1.2.csv,WFP HDX CHIRPS v2 dekadal indicators,https://data.humdata.org/dataset/ken-rainfall-subnational
Kiambu,KE022,-1.034385,36.843216,1992,26270.000000,18386.000000,0.699886,Annual,0,18.000000,595.595228,695.396027,-14.351649,33.088624,48.655879,1.470472,5.000000,3.000000,5.000000,3.000000,92.000000,HarvestStat Africa v1.2,https://raw.githubusercontent.com/HarvestStat/HarvestStat-Africa/main/public/hvstat_africa_data_v1.2.csv,WFP HDX CHIRPS v2 dekadal indicators,https://data.humdata.org/dataset/ken-rainfall-subnational
Kilifi,KE003,-3.152441,39.672708,1992,49887.000000,49887.000000,1.000000,Annual,0,18.000000,398.589110,488.607513,-18.423459,22.143839,23.569673,1.064390,7.000000,3.000000,9.000000,9.000000,92.000000,HarvestStat Africa v1.2,https://raw.githubusercontent.com/HarvestStat/HarvestStat-Africa/main/public/hvstat_africa_data_v1.2.csv,WFP HDX CHIRPS v2 dekadal indicators,https://data.humdata.org/dataset/ken-rainfall-subnational
Kirinyaga,KE020,-0.467350,37.301902,1992,25300.000000,15180.000000,0.600000,Annual,0,18.000000,596.958342,646.759723,-7.700136,33.164352,41.486227,1.250928,6.000000,6.000000,11.000000,8.000000,92.000000,HarvestStat Africa v1.2,https://raw.githubusercontent.com/HarvestStat/HarvestStat-Africa/main/public/hvstat_africa_data_v1.2.csv,WFP HDX CHIRPS v2 dekadal indicators,https://data.humdata.org/dataset/ken-rainfall-subnational
Kisii,KE045,-0.736677,34.753510,1992,37650.000000,101520.000000,2.696414,Annual,0,18.000000,745.349999,925.845013,-19.495165,41.408333,25.725786,0.621271,14.000000,5.000000,1.000000,1.000000,71.000000,HarvestStat Africa v1.2,https://raw.githubusercontent.com/HarvestStat/HarvestStat-Africa/main/public/hvstat_africa_data_v1.2.csv,WFP HDX CHIRPS v2 dekadal indicators,https://data.humdata.org/dataset/ken-rainfall-subnational
Kisumu,KE042,-0.194380,34.777329,1992,13605.000000,18366.000000,1.349945,Annual,0,18.000000,697.565221,816.425122,-14.558580,38.753623,26.534028,0.684685,14.000000,5.000000,2.000000,1.000000,61.000000,HarvestStat Africa v1.2,https://raw.githubusercontent.com/HarvestStat/HarvestStat-Africa/main/public/hvstat_africa_data_v1.2.csv,WFP HDX CHIRPS v2 dekadal indicators,https://data.humdata.org/dataset/ken-rainfall-subnational
Kitui,KE015,-1.560490,38.371810,1992,110882.000000,60415.000000,0.544858,Annual,0,18.000000,259.284856,272.434005,-4.826544,14.404714,23.042882,1.599676,3.000000,2.000000,13.000000,9.000000,92.000000,HarvestStat Africa v1.2,https://raw.githubusercontent.com/HarvestStat/HarvestStat-Africa/main/public/hvstat_africa_data_v1.2.csv,WFP HDX CHIRPS v2 dekadal indicators,https://data.humdata.org/dataset/ken-rainfall-subnational
Kwale,KE002,-4.120591,39.066136,1992,8505.000000,5361.000000,0.630335,Annual,0,18.000000,450.650563,541.885007,-16.836495,25.036142,26.965202,1.077051,7.000000,3.000000,10.000000,9.000000,92.000000,HarvestStat Africa v1.2,https://raw.githubusercontent.com/HarvestStat/HarvestStat-Africa/main/public/hvstat_africa_data_v1.2.csv,WFP HDX CHIRPS v2 dekadal indicators,https://data.humdata.org/dataset/ken-rainfall-subnational
Laikipia,KE031,0.289134,36.825248,1992,19819.000000,23188.230000,1.170000,Annual,0,18.000000,253.625828,361.774838,-29.894011,14.090324,13.701443,0.972401,5.000000,1.000000,11.000000,9.000000,92.000000,HarvestStat Africa v1.2,https://raw.githubusercontent.com/HarvestStat/HarvestStat-Africa/main/public/hvstat_africa_data_v1.2.csv,WFP HDX CHIRPS v2 dekadal indicators,https://data.humdata.org/dataset/ken-rainfall-subnational
Lamu,KE005,-2.063679,40.545830,1992,2253.000000,2916.000000,1.294274,Annual,0,18.000000,395.438424,534.602138,-26.031268,21.968801,23.842969,1.085310,7.000000,2.000000,9.000000,9.000000,92.000000,HarvestStat Africa v1.2,https://raw.githubusercontent.com/HarvestStat/HarvestStat-Africa/main/public/hvstat_africa_data_v1.2.csv,WFP HDX CHIRPS v2 dekadal indicators,https://data.humdata.org/dataset/ken-rainfall-subnational
Machakos,KE016,-1.276237,37.394595,1992,123000.000000,110700.000000,0.900000,Annual,0,18.000000,392.896554,412.340392,-4.715482,21.827586,37.023749,1.696191,4.000000,2.000000,11.000000,8.000000,92.000000,HarvestStat Africa v1.2,https://raw.githubusercontent.com/HarvestStat/HarvestStat-Africa/main/public/hvstat_africa_data_v1.2.csv,WFP HDX CHIRPS v2 dekadal indicators,https://data.humdata.org/dataset/ken-rainfall-subnational
Makueni,KE017,-2.253637,37.876663,1992,72905.000000,80196.000000,1.100007,Annual,0,18.000000,338.326854,334.183265,1.239915,18.795936,30.167875,1.605021,3.000000,2.000000,12.000000,8.000000,92.000000,HarvestStat Africa v1.2,https://raw.githubusercontent.com/HarvestStat/HarvestStat-Africa/main/public/hvstat_africa_data_v1.2.csv,WFP HDX CHIRPS v2 dekadal indicators,https://data.humdata.org/dataset/ken-rainfall-subnational
Mandera,KE009,3.230964,40.711346,1992,320.000000,107.000000,0.334375,Annual,0,18.000000,127.707839,189.924349,-32.758575,7.094880,11.434753,1.611691,2.000000,0.000000,15.000000,9.000000,92.000000,HarvestStat Africa v1.2,https://raw.githubusercontent.com/HarvestStat/HarvestStat-Africa/main/public/hvstat_africa_data_v1.2.csv,WFP HDX CHIRPS v2 dekadal indicators,https://data.humdata.org/dataset/ken-rainfall-subnational
Marsabit,KE010,2.860480,37.714884,1992,8884.000000,900.000000,0.101306,Annual,0,18.000000,139.948787,184.486778,-24.141563,7.774933,10.695403,1.375627,2.000000,0.000000,15.000000,8.000000,182.000000,HarvestStat Africa v1.2,https://raw.githubusercontent.com/HarvestStat/HarvestStat-Africa/main/public/hvstat_africa_data_v1.2.csv,WFP HDX CHIRPS v2 dekadal indicators,https://data.humdata.org/dataset/ken-rainfall-subnational
Meru,KE012,0.229055,37.776111,1992,45350.000000,63768.000000,1.406130,Annual,0,18.000000,420.898677,524.441410,-19.743432,23.383260,29.639336,1.267545,6.000000,2.000000,12.000000,9.000000,92.000000,HarvestStat Africa v1.2,https://raw.githubusercontent.com/HarvestStat/HarvestStat-Africa/main/public/hvstat_africa_data_v1.2.csv,WFP HDX CHIRPS v2 dekadal indicators,https://data.humdata.org/dataset/ken-rainfall-subnational
Migori,KE044,-1.018704,34.309173,1992,28739.000000,54369.000000,1.891819,Annual,0,18.000000,557.931036,753.103059,-25.915712,30.996169,19.005929,0.613170,12.000000,2.000000,2.000000,1.000000,81.000000,HarvestStat Africa v1.2,https://raw.githubusercontent.com/HarvestStat/HarvestStat-Africa/main/public/hvstat_africa_data_v1.2.csv,WFP HDX CHIRPS v2 dekadal indicators,https://data.humdata.org/dataset/ken-rainfall-subnational
Mombasa,KE001,-3.990448,39.701130,1992,400.000000,639.000000,1.597500,Annual,0,18.000000,672.700000,734.479994,-8.411392,37.372222,42.184249,1.128759,8.000000,6.000000,8.000000,7.000000,92.000000,HarvestStat Africa v1.2,https://raw.githubusercontent.com/HarvestStat/HarvestStat-Africa/main/public/hvstat_africa_data_v1.2.csv,WFP HDX CHIRPS v2 dekadal indicators,https://data.humdata.org/dataset/ken-rainfall-subnational
Murang'a,KE021,-0.828519,37.004173,1992,41901.000000,33940.000000,0.810005,Annual,0,18.000000,595.647057,695.837541,-14.398545,33.091503,46.728905,1.412112,6.000000,4.000000,8.000000,8.000000,92.000000,HarvestStat Africa v1.2,https://raw.githubusercontent.com/HarvestStat/HarvestStat-Africa/main/public/hvstat_africa_data_v1.2.csv,WFP HDX CHIRPS v2 dekadal indicators,https://data.humdata.org/dataset/ken-rainfall-subnational
Nakuru,KE032,-0.458448,36.100384,1992,59560.000000,37522.800000,0.630000,Annual,0,18.000000,415.516806,535.090196,-22.346399,23.084267,17.750696,0.768952,9.000000,3.000000,6.000000,4.000000,92.000000,HarvestStat Africa v1.2,https://raw.githubusercontent.com/HarvestStat/HarvestStat-Africa/main/public/hvstat_africa_data_v1.2.csv,WFP HDX CHIRPS v2 dekadal indicators,https://data.humdata.org/dataset/ken-rainfall-subnational
Nandi,KE029,0.227352,35.123876,1992,67630.000000,121734.000000,1.800000,Annual,0,18.000000,687.703296,819.099630,-16.041557,38.205739,34.106917,0.892717,10.000000,5.000000,3.000000,2.000000,92.000000,HarvestStat Africa v1.2,https://raw.githubusercontent.com/HarvestStat/HarvestStat-Africa/main/public/hvstat_africa_data_v1.2.csv,WFP HDX CHIRPS v2 dekadal indicators,https://data.humdata.org/dataset/ken-rainfall-subnational
Narok,KE033,-1.279878,35.476358,1992,34000.000000,55080.000000,1.620000,Annual,0,18.000000,463.950257,591.197598,-21.523657,25.775014,18.399555,0.713852,10.000000,1.000000,3.000000,1.000000,71.000000,HarvestStat Africa v1.2,https://raw.githubusercontent.com/HarvestStat/HarvestStat-Africa/main/public/hvstat_africa_data_v1.2.csv,WFP HDX CHIRPS v2 dekadal indicators,https://data.humdata.org/dataset/ken-rainfall-subnational
Nyamira,KE046,-0.649378,34.933398,1992,24001.000000,64806.000000,2.700137,Annual,0,18.000000,774.275867,912.716100,-15.167940,43.015326,27.902844,0.648672,14.000000,5.000000,0.000000,0.000000,61.000000,HarvestStat Africa v1.2,https://raw.githubusercontent.com/HarvestStat/HarvestStat-Africa/main/public/hvstat_africa_data_v1.2.csv,WFP HDX CHIRPS v2 dekadal indicators,https://data.humdata.org/dataset/ken-rainfall-subnational
Nyandarua,KE018,-0.389093,36.497431,1992,16257.000000,18006.000000,1.107584,Annual,0,18.000000,432.046296,598.538580,-27.816467,24.002572,19.434646,0.809690,9.000000,3.000000,7.000000,4.000000,92.000000,HarvestStat Africa v1.2,https://raw.githubusercontent.com/HarvestStat/HarvestStat-Africa/main/public/hvstat_africa_data_v1.2.csv,WFP HDX CHIRPS v2 dekadal indicators,https://data.humdata.org/dataset/ken-rainfall-subnational
Nyeri,KE019,-0.314375,36.930473,1992,22186.000000,13973.000000,0.629812,Annual,0,18.000000,518.581816,644.133946,-19.491618,28.810101,26.902544,0.933789,7.000000,4.000000,7.000000,4.000000,92.000000,HarvestStat Africa v1.2,https://raw.githubusercontent.com/HarvestStat/HarvestStat-Africa/main/public/hvstat_africa_data_v1.2.csv,WFP HDX CHIRPS v2 dekadal indicators,https://data.humdata.org/dataset/ken-rainfall-subnational
Samburu,KE025,1.541373,36.941540,1992,1810.000000,1629.000000,0.900000,Annual,0,18.000000,174.509488,270.988171,-35.602544,9.694972,11.641443,1.200771,2.000000,0.000000,14.000000,8.000000,92.000000,HarvestStat Africa v1.2,https://raw.githubusercontent.com/HarvestStat/HarvestStat-Africa/main/public/hvstat_africa_data_v1.2.csv,WFP HDX CHIRPS v2 dekadal indicators,https://data.humdata.org/dataset/ken-rainfall-subnational
Siaya,KE041,-0.057674,34.199887,1992,27611.000000,23949.000000,0.867372,Annual,0,18.000000,760.237501,811.195420,-6.281830,42.235417,31.069470,0.735626,12.000000,7.000000,4.000000,3.000000,81.000000,HarvestStat Africa v1.2,https://raw.githubusercontent.com/HarvestStat/HarvestStat-Africa/main/public/hvstat_africa_data_v1.2.csv,WFP HDX CHIRPS v2 dekadal indicators,https://data.humdata.org/dataset/ken-rainfall-subnational
Taita Taveta,KE006,-3.405203,38.371760,1992,3920.000000,5155.000000,1.315051,Annual,0,18.000000,286.270935,310.607723,-7.835217,15.903941,21.328850,1.341105,4.000000,2.000000,12.000000,7.000000,92.000000,HarvestStat Africa v1.2,https://raw.githubusercontent.com/HarvestStat/HarvestStat-Africa/main/public/hvstat_africa_data_v1.2.csv,WFP HDX CHIRPS v2 dekadal indicators,https://data.humdata.org/dataset/ken-rainfall-subnational
Tana River,KE004,-1.534918,39.550288,1992,1172.000000,1171.000000,0.999147,Annual,0,18.000000,158.590280,192.080568,-17.435542,8.810571,9.344319,1.060580,3.000000,0.000000,13.000000,9.000000,92.000000,HarvestStat Africa v1.2,https://raw.githubusercontent.com/HarvestStat/HarvestStat-Africa/main/public/hvstat_africa_data_v1.2.csv,WFP HDX CHIRPS v2 dekadal indicators,https://data.humdata.org/dataset/ken-rainfall-subnational
Tharaka-Nithi,KE013,-0.191445,37.960417,1992,2050.000000,922.500000,0.450000,Annual,0,18.000000,467.869049,547.091662,-14.480684,25.992725,35.664501,1.372095,6.000000,5.000000,12.000000,9.000000,92.000000,HarvestStat Africa v1.2,https://raw.githubusercontent.com/HarvestStat/HarvestStat-Africa/main/public/hvstat_africa_data_v1.2.csv,WFP HDX CHIRPS v2 dekadal indicators,https://data.humdata.org/dataset/ken-rainfall-subnational
Trans Nzoia,KE026,1.045915,34.980778,1992,65676.000000,165503.520000,2.520000,Annual,0,18.000000,519.316460,634.237966,-18.119619,28.850914,25.571251,0.886324,8.000000,4.000000,5.000000,3.000000,92.000000,HarvestStat Africa v1.2,https://raw.githubusercontent.com/HarvestStat/HarvestStat-Africa/main/public/hvstat_africa_data_v1.2.csv,WFP HDX CHIRPS v2 dekadal indicators,https://data.humdata.org/dataset/ken-rainfall-subnational
Turkana,KE023,3.162488,35.313492,1992,450.000000,243.000000,0.540000,Annual,0,18.000000,103.883880,172.177661,-39.664716,5.771327,5.320570,0.921897,1.000000,0.000000,14.000000,8.000000,182.000000,HarvestStat Africa v1.2,https://raw.githubusercontent.com/HarvestStat/HarvestStat-Africa/main/public/hvstat_africa_data_v1.2.csv,WFP HDX CHIRPS v2 dekadal indicators,https://data.humdata.org/dataset/ken-rainfall-subnational
Uasin Gishu,KE027,0.478188,35.303799,1992,55640.000000,149850.000000,2.693206,Annual,0,18.000000,454.666670,606.721928,-25.061771,25.259259,24.888189,0.985310,8.000000,2.000000,5.000000,4.000000,92.000000,HarvestStat Africa v1.2,https://raw.githubusercontent.com/HarvestStat/HarvestStat-Africa/main/public/hvstat_africa_data_v1.2.csv,WFP HDX CHIRPS v2 dekadal indicators,https://data.humdata.org/dataset/ken-rainfall-subnational
Vihiga,KE038,0.084857,34.707784,1992,22154.000000,31015.000000,1.399973,Annual,0,18.000000,980.684199,1006.033351,-2.519713,54.482456,42.427945,0.778745,13.000000,8.000000,3.000000,2.000000,71.000000,HarvestStat Africa v1.2,https://raw.githubusercontent.com/HarvestStat/HarvestStat-Africa/main/public/hvstat_africa_data_v1.2.csv,WFP HDX CHIRPS v2 dekadal indicators,https://data.humdata.org/dataset/ken-rainfall-subnational
Wajir,KE008,1.939715,40.024507,1992,363.000000,200.000000,0.550964,Annual,0,18.000000,205.405622,193.539230,6.131259,11.411423,21.908203,1.919848,3.000000,2.000000,15.000000,9.000000,92.000000,HarvestStat Africa v1.2,https://raw.githubusercontent.com/HarvestStat/HarvestStat-Africa/main/public/hvstat_africa_data_v1.2.csv,WFP HDX CHIRPS v2 dekadal indicators,https://data.humdata.org/dataset/ken-rainfall-subnational
West Pokot,KE024,1.893374,35.212768,1992,19480.000000,26298.000000,1.350000,Annual,0,18.000000,355.554417,443.095810,-19.756764,19.753023,19.134357,0.968680,8.000000,2.000000,7.000000,6.000000,112.000000,HarvestStat Africa v1.2,https://raw.githubusercontent.com/HarvestStat/HarvestStat-Africa/main/public/hvstat_africa_data_v1.2.csv,WFP HDX CHIRPS v2 dekadal indicators,https://data.humdata.org/dataset/ken-rainfall-subnational
Baringo,KE030,0.726352,36.018591,1993,38649.000000,62166.100000,1.608479,Annual,0,18.000000,449.113962,465.744538,-3.570751,24.950776,17.336891,0.694844,10.000000,2.000000,4.000000,4.000000,111.000000,HarvestStat Africa v1.2,https://raw.githubusercontent.com/HarvestStat/HarvestStat-Africa/main/public/hvstat_africa_data_v1.2.csv,WFP HDX CHIRPS v2 dekadal indicators,https://data.humdata.org/dataset/ken-rainfall-subnational
Bomet,KE036,-0.716095,35.238459,1993,40125.000000,126677.250000,3.157065,Annual,0,18.000000,877.347366,842.724213,4.108480,48.741520,28.858397,0.592070,15.000000,7.000000,0.000000,0.000000,80.000000,HarvestStat Africa v1.2,https://raw.githubusercontent.com/HarvestStat/HarvestStat-Africa/main/public/hvstat_africa_data_v1.2.csv,WFP HDX CHIRPS v2 dekadal indicators,https://data.humdata.org/dataset/ken-rainfall-subnational
Bungoma,KE039,0.785694,34.718757,1993,70977.000000,192523.000000,2.712470,Annual,0,18.000000,806.960000,854.742337,-5.590262,44.831111,31.997389,0.713732,14.000000,6.000000,3.000000,2.000000,80.000000,HarvestStat Africa v1.2,https://raw.githubusercontent.com/HarvestStat/HarvestStat-Africa/main/public/hvstat_africa_data_v1.2.csv,WFP HDX CHIRPS v2 dekadal indicators,https://data.humdata.org/dataset/ken-rainfall-subnational
Busia,KE040,0.375707,34.265111,1993,15520.000000,2500.000000,0.161082,Annual,0,18.000000,886.769221,900.425645,-1.516663,49.264957,30.495401,0.619008,15.000000,7.000000,0.000000,0.000000,80.000000,HarvestStat Africa v1.2,https://raw.githubusercontent.com/HarvestStat/HarvestStat-Africa/main/public/hvstat_africa_data_v1.2.csv,WFP HDX CHIRPS v2 dekadal indicators,https://data.humdata.org/dataset/ken-rainfall-subnational
Elgeyo-Marakwet,KE028,0.745102,35.560856,1993,27948.000000,66044.000000,2.363103,Annual,0,18.000000,641.666663,657.566659,-2.418005,35.648148,25.022337,0.701925,13.000000,5.000000,2.000000,2.000000,111.000000,HarvestStat Africa v1.2,https://raw.githubusercontent.com/HarvestStat/HarvestStat-Africa/main/public/hvstat_africa_data_v1.2.csv,WFP HDX CHIRPS v2 dekadal indicators,https://data.humdata.org/dataset/ken-rainfall-subnational
Embu,KE014,-0.532830,37.664629,1993,55900.000000,60000.000000,1.073345,Annual,0,18.000000,468.384619,525.286081,-10.832471,26.021368,21.439186,0.823907,9.000000,3.000000,4.000000,3.000000,91.000000,HarvestStat Africa v1.2,https://raw.githubusercontent.com/HarvestStat/HarvestStat-Africa/main/public/hvstat_africa_data_v1.2.csv,WFP HDX CHIRPS v2 dekadal indicators,https://data.humdata.org/dataset/ken-rainfall-subnational
Garissa,KE007,-0.520490,40.355590,1993,100.000000,200.000000,2.000000,Annual,0,18.000000,162.093470,240.279175,-32.539526,9.005193,6.127568,0.680448,2.000000,0.000000,11.000000,9.000000,182.000000,HarvestStat Africa v1.2,https://raw.githubusercontent.com/HarvestStat/HarvestStat-Africa/main/public/hvstat_africa_data_v1.2.csv,WFP HDX CHIRPS v2 dekadal indicators,https://data.humdata.org/dataset/ken-rainfall-subnational
Homa Bay,KE043,-0.562403,34.314532,1993,24500.000000,53622.000000,2.188653,Annual,0,18.000000,762.972477,734.102143,3.932741,42.387360,22.198353,0.523702,17.000000,6.000000,0.000000,0.000000,80.000000,HarvestStat Africa v1.2,https://raw.githubusercontent.com/HarvestStat/HarvestStat-Africa/main/public/hvstat_africa_data_v1.2.csv,WFP HDX CHIRPS v2 dekadal indicators,https://data.humdata.org/dataset/ken-rainfall-subnational
Isiolo,KE011,1.006385,38.747651,1993,730.000000,394.000000,0.539726,Annual,0,18.000000,132.467471,173.962088,-23.852678,7.359304,9.084666,1.234446,3.000000,0.000000,15.000000,9.000000,182.000000,HarvestStat Africa v1.2,https://raw.githubusercontent.com/HarvestStat/HarvestStat-Africa/main/public/hvstat_africa_data_v1.2.csv,WFP HDX CHIRPS v2 dekadal indicators,https://data.humdata.org/dataset/ken-rainfall-subnational
Kajiado,KE034,-2.112369,36.777606,1993,30465.000000,54837.000000,1.800000,Annual,0,18.000000,372.264044,373.466385,-0.321941,20.681336,18.762114,0.907200,6.000000,2.000000,8.000000,5.000000,111.000000,HarvestStat Africa v1.2,https://raw.githubusercontent.com/HarvestStat/HarvestStat-Africa/main/public/hvstat_africa_data_v1.2.csv,WFP HDX CHIRPS v2 dekadal indicators,https://data.humdata.org/dataset/ken-rainfall-subnational
Kakamega,KE037,0.497190,34.800929,1993,69343.000000,180000.000000,2.595792,Annual,0,18.000000,901.894741,951.356143,-5.199042,50.105263,33.324295,0.665086,14.000000,7.000000,1.000000,1.000000,80.000000,HarvestStat Africa v1.2,https://raw.githubusercontent.com/HarvestStat/HarvestStat-Africa/main/public/hvstat_africa_data_v1.2.csv,WFP HDX CHIRPS v2 dekadal indicators,https://data.humdata.org/dataset/ken-rainfall-subnational
Kericho,KE035,-0.316683,35.225997,1993,41800.000000,150480.000000,3.600000,Annual,0,18.000000,833.940303,795.027352,4.894542,46.330017,31.541310,0.680796,15.000000,7.000000,1.000000,1.000000,101.000000,HarvestStat Africa v1.2,https://raw.githubusercontent.com/HarvestStat/HarvestStat-Africa/main/public/hvstat_africa_data_v1.2.csv,WFP HDX CHIRPS v2 dekadal indicators,https://data.humdata.org/dataset/ken-rainfall-subnational
Kiambu,KE022,-1.034385,36.843216,1993,27404.000000,49327.000000,1.799993,Annual,0,18.000000,585.714289,695.396027,-15.772558,32.539683,24.216482,0.744214,12.000000,3.000000,2.000000,2.000000,70.000000,HarvestStat Africa v1.2,https://raw.githubusercontent.com/HarvestStat/HarvestStat-Africa/main/public/hvstat_africa_data_v1.2.csv,WFP HDX CHIRPS v2 dekadal indicators,https://data.humdata.org/dataset/ken-rainfall-subnational
Kilifi,KE003,-3.152441,39.672708,1993,48219.000000,46026.000000,0.954520,Annual,0,18.000000,406.123763,488.607513,-16.881392,22.562431,14.368825,0.636847,10.000000,0.000000,4.000000,4.000000,101.000000,HarvestStat Africa v1.2,https://raw.githubusercontent.com/HarvestStat/HarvestStat-Africa/main/public/hvstat_africa_data_v1.2.csv,WFP HDX CHIRPS v2 dekadal indicators,https://data.humdata.org/dataset/ken-rainfall-subnational
Kirinyaga,KE020,-0.467350,37.301902,1993,25112.000000,40681.000000,1.619982,Annual,0,18.000000,622.791659,646.759723,-3.705868,34.599537,27.365019,0.790907,11.000000,5.000000,2.000000,1.000000,91.000000,HarvestStat Africa v1.2,https://raw.githubusercontent.com/HarvestStat/HarvestStat-Africa/main/public/hvstat_africa_data_v1.2.csv,WFP HDX CHIRPS v2 dekadal indicators,https://data.humdata.org/dataset/ken-rainfall-subnational
Kisii,KE045,-0.736677,34.753510,1993,37650.000000,125851.000000,3.342656,Annual,0,18.000000,937.875003,925.845013,1.299352,52.104167,30.784289,0.590822,17.000000,7.000000,0.000000,0.000000,60.000000,HarvestStat Africa v1.2,https://raw.githubusercontent.com/HarvestStat/HarvestStat-Africa/main/public/hvstat_africa_data_v1.2.csv,WFP HDX CHIRPS v2 dekadal indicators,https://data.humdata.org/dataset/ken-rainfall-subnational
Kisumu,KE042,-0.194380,34.777329,1993,16957.000000,42731.000000,2.519962,Annual,0,18.000000,876.768111,816.425122,7.391123,48.709339,27.065463,0.555652,17.000000,6.000000,0.000000,0.000000,80.000000,HarvestStat Africa v1.2,https://raw.githubusercontent.com/HarvestStat/HarvestStat-Africa/main/public/hvstat_africa_data_v1.2.csv,WFP HDX CHIRPS v2 dekadal indicators,https://data.humdata.org/dataset/ken-rainfall-subnational
Kitui,KE015,-1.560490,38.371810,1993,80000.000000,33800.000000,0.422500,Annual,0,18.000000,212.642929,272.434005,-21.946994,11.813496,11.492597,0.972836,3.000000,0.000000,12.000000,6.000000,182.000000,HarvestStat Africa v1.2,https://raw.githubusercontent.com/HarvestStat/HarvestStat-Africa/main/public/hvstat_africa_data_v1.2.csv,WFP HDX CHIRPS v2 dekadal indicators,https://data.humdata.org/dataset/ken-rainfall-subnational
Kwale,KE002,-4.120591,39.066136,1993,8060.000000,12609.000000,1.564392,Annual,0,18.000000,410.821558,541.885007,-24.186580,22.823420,15.294007,0.670101,9.000000,1.000000,4.000000,4.000000,101.000000,HarvestStat Africa v1.2,https://raw.githubusercontent.com/HarvestStat/HarvestStat-Africa/main/public/hvstat_africa_data_v1.2.csv,WFP HDX CHIRPS v2 dekadal indicators,https://data.humdata.org/dataset/ken-rainfall-subnational
Laikipia,KE031,0.289134,36.825248,1993,21930.000000,39474.000000,1.800000,Annual,0,18.000000,328.056300,361.774838,-9.320310,18.225350,12.718009,0.697820,6.000000,1.000000,6.000000,5.000000,101.000000,HarvestStat Africa v1.2,https://raw.githubusercontent.com/HarvestStat/HarvestStat-Africa/main/public/hvstat_africa_data_v1.2.csv,WFP HDX CHIRPS v2 dekadal indicators,https://data.humdata.org/dataset/ken-rainfall-subnational
Lamu,KE005,-2.063679,40.545830,1993,3000.000000,3400.000000,1.133333,Annual,0,18.000000,365.423646,534.602138,-31.645682,20.301314,19.926278,0.981527,7.000000,2.000000,9.000000,9.000000,121.000000,HarvestStat Africa v1.2,https://raw.githubusercontent.com/HarvestStat/HarvestStat-Africa/main/public/hvstat_africa_data_v1.2.csv,WFP HDX CHIRPS v2 dekadal indicators,https://data.humdata.org/dataset/ken-rainfall-subnational
Machakos,KE016,-1.276237,37.394595,1993,148981.000000,37245.000000,0.249998,Annual,0,18.000000,375.817737,412.340392,-8.857404,20.878763,17.316711,0.829394,7.000000,2.000000,5.000000,3.000000,101.000000,HarvestStat Africa v1.2,https://raw.githubusercontent.com/HarvestStat/HarvestStat-Africa/main/public/hvstat_africa_data_v1.2.csv,WFP HDX CHIRPS v2 dekadal indicators,https://data.humdata.org/dataset/ken-rainfall-subnational
Makueni,KE017,-2.253637,37.876663,1993,147350.000000,81042.000000,0.549997,Annual,0,18.000000,317.579765,334.183265,-4.968382,17.643320,18.369502,1.041159,5.000000,2.000000,9.000000,5.000000,111.000000,HarvestStat Africa v1.2,https://raw.githubusercontent.com/HarvestStat/HarvestStat-Africa/main/public/hvstat_africa_data_v1.2.csv,WFP HDX CHIRPS v2 dekadal indicators,https://data.humdata.org/dataset/ken-rainfall-subnational
Mandera,KE009,3.230964,40.711346,1993,247.000000,118.000000,0.477733,Annual,0,18.000000,215.191205,189.924349,13.303642,11.955067,17.516111,1.465162,4.000000,1.000000,13.000000,9.000000,91.000000,HarvestStat Africa v1.2,https://raw.githubusercontent.com/HarvestStat/HarvestStat-Africa/main/public/hvstat_africa_data_v1.2.csv,WFP HDX CHIRPS v2 dekadal indicators,https://data.humdata.org/dataset/ken-rainfall-subnational
Marsabit,KE010,2.860480,37.714884,1993,4234.000000,850.000000,0.200756,Annual,0,18.000000,204.148872,184.486778,10.657725,11.341604,9.098888,0.802258,2.000000,0.000000,9.000000,4.000000,111.000000,HarvestStat Africa v1.2,https://raw.githubusercontent.com/HarvestStat/HarvestStat-Africa/main/public/hvstat_africa_data_v1.2.csv,WFP HDX CHIRPS v2 dekadal indicators,https://data.humdata.org/dataset/ken-rainfall-subnational
Meru,KE012,0.229055,37.776111,1993,34300.000000,62773.200000,1.830122,Annual,0,18.000000,540.528631,524.441410,3.067496,30.029368,30.217899,1.006278,8.000000,4.000000,5.000000,4.000000,101.000000,HarvestStat Africa v1.2,https://raw.githubusercontent.com/HarvestStat/HarvestStat-Africa/main/public/hvstat_africa_data_v1.2.csv,WFP HDX CHIRPS v2 dekadal indicators,https://data.humdata.org/dataset/ken-rainfall-subnational
Migori,KE044,-1.018704,34.309173,1993,35257.000000,98462.000000,2.792694,Annual,0,18.000000,775.977007,753.103059,3.037293,43.109834,25.981297,0.602677,15.000000,8.000000,0.000000,0.000000,80.000000,HarvestStat Africa v1.2,https://raw.githubusercontent.com/HarvestStat/HarvestStat-Africa/main/public/hvstat_africa_data_v1.2.csv,WFP HDX CHIRPS v2 dekadal indicators,https://data.humdata.org/dataset/ken-rainfall-subnational
Mombasa,KE001,-3.990448,39.701130,1993,670.000000,489.000000,0.729851,Annual,0,18.000000,574.200000,734.479994,-21.822241,31.900000,29.804250,0.934303,10.000000,5.000000,5.000000,5.000000,101.000000,HarvestStat Africa v1.2,https://raw.githubusercontent.com/HarvestStat/HarvestStat-Africa/main/public/hvstat_africa_data_v1.2.csv,WFP HDX CHIRPS v2 dekadal indicators,https://data.humdata.org/dataset/ken-rainfall-subnational
Murang'a,KE021,-0.828519,37.004173,1993,47890.000000,71835.000000,1.500000,Annual,0,18.000000,589.033615,695.837541,-15.348974,32.724090,22.445564,0.685903,13.000000,3.000000,3.000000,2.000000,101.000000,HarvestStat Africa v1.2,https://raw.githubusercontent.com/HarvestStat/HarvestStat-Africa/main/public/hvstat_africa_data_v1.2.csv,WFP HDX CHIRPS v2 dekadal indicators,https://data.humdata.org/dataset/ken-rainfall-subnational
Nakuru,KE032,-0.458448,36.100384,1993,63460.000000,142785.000000,2.250000,Annual,0,18.000000,532.029410,535.090196,-0.572013,29.557189,19.678907,0.665791,12.000000,3.000000,2.000000,1.000000,111.000000,HarvestStat Africa v1.2,https://raw.githubusercontent.com/HarvestStat/HarvestStat-Africa/main/public/hvstat_africa_data_v1.2.csv,WFP HDX CHIRPS v2 dekadal indicators,https://data.humdata.org/dataset/ken-rainfall-subnational
Nandi,KE029,0.227352,35.123876,1993,69200.000000,217980.000000,3.150000,Annual,0,18.000000,821.384624,819.099630,0.278964,45.632479,29.501018,0.646492,14.000000,7.000000,2.000000,1.000000,80.000000,HarvestStat Africa v1.2,https://raw.githubusercontent.com/HarvestStat/HarvestStat-Africa/main/public/hvstat_africa_data_v1.2.csv,WFP HDX CHIRPS v2 dekadal indicators,https://data.humdata.org/dataset/ken-rainfall-subnational
Narok,KE033,-1.279878,35.476358,1993,43990.000000,138568.500000,3.150000,Annual,0,18.000000,580.915955,591.197598,-1.739121,32.273109,20.126339,0.623626,12.000000,2.000000,0.000000,0.000000,70.000000,HarvestStat Africa v1.2,https://raw.githubusercontent.com/HarvestStat/HarvestStat-Africa/main/public/hvstat_africa_data_v1.2.csv,WFP HDX CHIRPS v2 dekadal indicators,https://data.humdata.org/dataset/ken-rainfall-subnational
Nyamira,KE046,-0.649378,34.933398,1993,28218.000000,86555.000000,3.067368,Annual,0,18.000000,894.275867,912.716100,-2.020369,49.681993,30.181460,0.607493,17.000000,7.000000,0.000000,0.000000,80.000000,HarvestStat Africa v1.2,https://raw.githubusercontent.com/HarvestStat/HarvestStat-Africa/main/public/hvstat_africa_data_v1.2.csv,WFP HDX CHIRPS v2 dekadal indicators,https://data.humdata.org/dataset/ken-rainfall-subnational
Nyandarua,KE018,-0.389093,36.497431,1993,17650.000000,30000.000000,1.699717,Annual,0,18.000000,522.259263,598.538580,-12.744261,29.014404,18.322402,0.631493,10.000000,3.000000,0.000000,0.000000,101.000000,HarvestStat Africa v1.2,https://raw.githubusercontent.com/HarvestStat/HarvestStat-Africa/main/public/hvstat_africa_data_v1.2.csv,WFP HDX CHIRPS v2 dekadal indicators,https://data.humdata.org/dataset/ken-rainfall-subnational
Nyeri,KE019,-0.314375,36.930473,1993,21909.000000,30672.000000,1.399973,Annual,0,18.000000,633.372731,644.133946,-1.670649,35.187374,24.150994,0.686354,12.000000,4.000000,1.000000,1.000000,101.000000,HarvestStat Africa v1.2,https://raw.githubusercontent.com/HarvestStat/HarvestStat-Africa/main/public/hvstat_africa_data_v1.2.csv,WFP HDX CHIRPS v2 dekadal indicators,https://data.humdata.org/dataset/ken-rainfall-subnational
Samburu,KE025,1.541373,36.941540,1993,1855.000000,3339.000000,1.800000,Annual,0,18.000000,190.642334,270.988171,-29.649204,10.591241,7.308028,0.690007,4.000000,0.000000,11.000000,5.000000,182.000000,HarvestStat Africa v1.2,https://raw.githubusercontent.com/HarvestStat/HarvestStat-Africa/main/public/hvstat_africa_data_v1.2.csv,WFP HDX CHIRPS v2 dekadal indicators,https://data.humdata.org/dataset/ken-rainfall-subnational
Siaya,KE041,-0.057674,34.199887,1993,38732.000000,48224.000000,1.245069,Annual,0,18.000000,809.374998,811.195420,-0.224412,44.965278,26.651444,0.592712,15.000000,6.000000,0.000000,0.000000,80.000000,HarvestStat Africa v1.2,https://raw.githubusercontent.com/HarvestStat/HarvestStat-Africa/main/public/hvstat_africa_data_v1.2.csv,WFP HDX CHIRPS v2 dekadal indicators,https://data.humdata.org/dataset/ken-rainfall-subnational
Taita Taveta,KE006,-3.405203,38.371760,1993,4060.000000,5683.000000,1.399754,Annual,0,18.000000,278.379679,310.607723,-10.375802,15.465538,12.237553,0.791279,4.000000,0.000000,9.000000,5.000000,101.000000,HarvestStat Africa v1.2,https://raw.githubusercontent.com/HarvestStat/HarvestStat-Africa/main/public/hvstat_africa_data_v1.2.csv,WFP HDX CHIRPS v2 dekadal indicators,https://data.humdata.org/dataset/ken-rainfall-subnational
Tana River,KE004,-1.534918,39.550288,1993,733.000000,306.000000,0.417462,Annual,0,18.000000,145.772471,192.080568,-24.108684,8.098471,6.388566,0.788861,1.000000,0.000000,15.000000,9.000000,182.000000,HarvestStat Africa v1.2,https://raw.githubusercontent.com/HarvestStat/HarvestStat-Africa/main/public/hvstat_africa_data_v1.2.csv,WFP HDX CHIRPS v2 dekadal indicators,https://data.humdata.org/dataset/ken-rainfall-subnational
Tharaka-Nithi,KE013,-0.191445,37.960417,1993,2400.000000,2160.000000,0.900000,Annual,0,18.000000,527.166668,547.091662,-3.641985,29.287037,28.284490,0.965768,8.000000,4.000000,5.000000,4.000000,101.000000,HarvestStat Africa v1.2,https://raw.githubusercontent.com/HarvestStat/HarvestStat-Africa/main/public/hvstat_africa_data_v1.2.csv,WFP HDX CHIRPS v2 dekadal indicators,https://data.humdata.org/dataset/ken-rainfall-subnational
Trans Nzoia,KE026,1.045915,34.980778,1993,69300.000000,268191.000000,3.870000,Annual,0,18.000000,630.822780,634.237966,-0.538471,35.045710,26.415672,0.753749,12.000000,4.000000,3.000000,2.000000,111.000000,HarvestStat Africa v1.2,https://raw.githubusercontent.com/HarvestStat/HarvestStat-Africa/main/public/hvstat_africa_data_v1.2.csv,WFP HDX CHIRPS v2 dekadal indicators,https://data.humdata.org/dataset/ken-rainfall-subnational
Turkana,KE023,3.162488,35.313492,1993,400.000000,600.000000,1.500000,Annual,0,18.000000,167.583776,172.177661,-2.668108,9.310210,9.341093,1.003317,2.000000,0.000000,15.000000,11.000000,121.000000,HarvestStat Africa v1.2,https://raw.githubusercontent.com/HarvestStat/HarvestStat-Africa/main/public/hvstat_africa_data_v1.2.csv,WFP HDX CHIRPS v2 dekadal indicators,https://data.humdata.org/dataset/ken-rainfall-subnational
Uasin Gishu,KE027,0.478188,35.303799,1993,61800.000000,166860.000000,2.700000,Annual,0,18.000000,580.369366,606.721928,-4.343433,32.242743,22.252000,0.690140,10.000000,5.000000,5.000000,4.000000,111.000000,HarvestStat Africa v1.2,https://raw.githubusercontent.com/HarvestStat/HarvestStat-Africa/main/public/hvstat_africa_data_v1.2.csv,WFP HDX CHIRPS v2 dekadal indicators,https://data.humdata.org/dataset/ken-rainfall-subnational
Vihiga,KE038,0.084857,34.707784,1993,21052.000000,30104.000000,1.429983,Annual,0,18.000000,1024.999995,1006.033351,1.885290,56.944444,32.364400,0.568350,17.000000,9.000000,0.000000,0.000000,80.000000,HarvestStat Africa v1.2,https://raw.githubusercontent.com/HarvestStat/HarvestStat-Africa/main/public/hvstat_africa_data_v1.2.csv,WFP HDX CHIRPS v2 dekadal indicators,https://data.humdata.org/dataset/ken-rainfall-subnational
Wajir,KE008,1.939715,40.024507,1993,311.000000,93.000000,0.299035,Annual,0,18.000000,202.554894,193.539230,4.658313,11.253050,14.907920,1.324789,4.000000,1.000000,13.000000,9.000000,91.000000,HarvestStat Africa v1.2,https://raw.githubusercontent.com/HarvestStat/HarvestStat-Africa/main/public/hvstat_africa_data_v1.2.csv,WFP HDX CHIRPS v2 dekadal indicators,https://data.humdata.org/dataset/ken-rainfall-subnational
West Pokot,KE024,1.893374,35.212768,1993,22800.000000,61560.000000,2.700000,Annual,0,18.000000,460.965993,443.095810,4.033029,25.609222,22.649548,0.884429,10.000000,2.000000,6.000000,4.000000,111.000000,HarvestStat Africa v1.2,https://raw.githubusercontent.com/HarvestStat/HarvestStat-Africa/main/public/hvstat_africa_data_v1.2.csv,WFP HDX CHIRPS v2 dekadal indicators,https://data.humdata.org/dataset/ken-rainfall-subnational
Baringo,KE030,0.726352,36.018591,1994,17573.000000,33447.600000,1.903352,Annual,0,18.000000,470.846161,465.744538,1.095369,26.158120,22.479280,0.859361,9.000000,2.000000,6.000000,6.000000,80.000000,HarvestStat Africa v1.2,https://raw.githubusercontent.com/HarvestStat/HarvestStat-Africa/main/public/hvstat_africa_data_v1.2.csv,WFP HDX CHIRPS v2 dekadal indicators,https://data.humdata.org/dataset/ken-rainfall-subnational
Bomet,KE036,-0.716095,35.238459,1994,34889.000000,100480.950000,2.880018,Annual,0,18.000000,841.536840,842.724213,-0.140897,46.752047,28.724333,0.614397,14.000000,7.000000,0.000000,0.000000,60.000000,HarvestStat Africa v1.2,https://raw.githubusercontent.com/HarvestStat/HarvestStat-Africa/main/public/hvstat_africa_data_v1.2.csv,WFP HDX CHIRPS v2 dekadal indicators,https://data.humdata.org/dataset/ken-rainfall-subnational
Bungoma,KE039,0.785694,34.718757,1994,70930.000000,188623.000000,2.659284,Annual,0,18.000000,824.520002,854.742337,-3.535842,45.806667,31.859619,0.695524,12.000000,8.000000,3.000000,3.000000,60.000000,HarvestStat Africa v1.2,https://raw.githubusercontent.com/HarvestStat/HarvestStat-Africa/main/public/hvstat_africa_data_v1.2.csv,WFP HDX CHIRPS v2 dekadal indicators,https://data.humdata.org/dataset/ken-rainfall-subnational
Busia,KE040,0.375707,34.265111,1994,16280.000000,24420.000000,1.500000,Annual,0,18.000000,893.846157,900.425645,-0.730709,49.658120,34.359942,0.691930,13.000000,8.000000,2.000000,2.000000,60.000000,HarvestStat Africa v1.2,https://raw.githubusercontent.com/HarvestStat/HarvestStat-Africa/main/public/hvstat_africa_data_v1.2.csv,WFP HDX CHIRPS v2 dekadal indicators,https://data.humdata.org/dataset/ken-rainfall-subnational
Elgeyo-Marakwet,KE028,0.745102,35.560856,1994,38062.000000,88240.500000,2.318336,Annual,0,18.000000,711.888880,657.566659,8.261097,39.549382,34.407256,0.869982,12.000000,6.000000,5.000000,5.000000,60.000000,HarvestStat Africa v1.2,https://raw.githubusercontent.com/HarvestStat/HarvestStat-Africa/main/public/hvstat_africa_data_v1.2.csv,WFP HDX CHIRPS v2 dekadal indicators,https://data.humdata.org/dataset/ken-rainfall-subnational
Embu,KE014,-0.532830,37.664629,1994,70750.000000,67068.000000,0.947958,Annual,0,18.000000,482.087913,525.286081,-8.223741,26.782662,34.166304,1.275687,7.000000,3.000000,9.000000,4.000000,80.000000,HarvestStat Africa v1.2,https://raw.githubusercontent.com/HarvestStat/HarvestStat-Africa/main/public/hvstat_africa_data_v1.2.csv,WFP HDX CHIRPS v2 dekadal indicators,https://data.humdata.org/dataset/ken-rainfall-subnational
Garissa,KE007,-0.520490,40.355590,1994,295.000000,354.000000,1.200000,Annual,0,18.000000,203.869413,240.279175,-15.153108,11.326079,12.004607,1.059909,4.000000,0.000000,12.000000,9.000000,91.000000,HarvestStat Africa v1.2,https://raw.githubusercontent.com/HarvestStat/HarvestStat-Africa/main/public/hvstat_africa_data_v1.2.csv,WFP HDX CHIRPS v2 dekadal indicators,https://data.humdata.org/dataset/ken-rainfall-subnational
Homa Bay,KE043,-0.562403,34.314532,1994,19130.000000,30999.000000,1.620439,Annual,0,18.000000,724.871563,734.102143,-1.257397,40.270642,31.498933,0.782181,12.000000,7.000000,4.000000,3.000000,60.000000,HarvestStat Africa v1.2,https://raw.githubusercontent.com/HarvestStat/HarvestStat-Africa/main/public/hvstat_africa_data_v1.2.csv,WFP HDX CHIRPS v2 dekadal indicators,https://data.humdata.org/dataset/ken-rainfall-subnational
Isiolo,KE011,1.006385,38.747651,1994,870.000000,313.000000,0.359770,Annual,0,18.000000,101.651808,173.962088,-41.566689,5.647323,10.361529,1.834768,1.000000,0.000000,16.000000,9.000000,182.000000,HarvestStat Africa v1.2,https://raw.githubusercontent.com/HarvestStat/HarvestStat-Africa/main/public/hvstat_africa_data_v1.2.csv,WFP HDX CHIRPS v2 dekadal indicators,https://data.humdata.org/dataset/ken-rainfall-subnational
Kajiado,KE034,-2.112369,36.777606,1994,30990.000000,61360.200000,1.980000,Annual,0,18.000000,304.044943,373.466385,-18.588404,16.891386,15.328982,0.907503,4.000000,1.000000,8.000000,3.000000,80.000000,HarvestStat Africa v1.2,https://raw.githubusercontent.com/HarvestStat/HarvestStat-Africa/main/public/hvstat_africa_data_v1.2.csv,WFP HDX CHIRPS v2 dekadal indicators,https://data.humdata.org/dataset/ken-rainfall-subnational
Kakamega,KE037,0.497190,34.800929,1994,68915.000000,179179.000000,2.600000,Annual,0,18.000000,994.168416,951.356143,4.500131,55.231579,41.495285,0.751296,13.000000,10.000000,3.000000,3.000000,60.000000,HarvestStat Africa v1.2,https://raw.githubusercontent.com/HarvestStat/HarvestStat-Africa/main/public/hvstat_africa_data_v1.2.csv,WFP HDX CHIRPS v2 dekadal indicators,https://data.humdata.org/dataset/ken-rainfall-subnational
Kericho,KE035,-0.316683,35.225997,1994,42500.000000,145350.000000,3.420000,Annual,0,18.000000,867.865674,795.027352,9.161738,48.214760,35.101889,0.728032,14.000000,7.000000,3.000000,3.000000,60.000000,HarvestStat Africa v1.2,https://raw.githubusercontent.com/HarvestStat/HarvestStat-Africa/main/public/hvstat_africa_data_v1.2.csv,WFP HDX CHIRPS v2 dekadal indicators,https://data.humdata.org/dataset/ken-rainfall-subnational
Kiambu,KE022,-1.034385,36.843216,1994,18800.000000,25380.000000,1.350000,Annual,0,18.000000,583.928567,695.396027,-16.029350,32.440476,30.605247,0.943428,9.000000,5.000000,5.000000,3.000000,80.000000,HarvestStat Africa v1.2,https://raw.githubusercontent.com/HarvestStat/HarvestStat-Africa/main/public/hvstat_africa_data_v1.2.csv,WFP HDX CHIRPS v2 dekadal indicators,https://data.humdata.org/dataset/ken-rainfall-subnational
Kilifi,KE003,-3.152441,39.672708,1994,30158.000000,20210.000000,0.670137,Annual,0,18.000000,550.470299,488.607513,12.661039,30.581683,39.687468,1.297753,6.000000,4.000000,8.000000,7.000000,101.000000,HarvestStat Africa v1.2,https://raw.githubusercontent.com/HarvestStat/HarvestStat-Africa/main/public/hvstat_africa_data_v1.2.csv,WFP HDX CHIRPS v2 dekadal indicators,https://data.humdata.org/dataset/ken-rainfall-subnational
Kirinyaga,KE020,-0.467350,37.301902,1994,25596.000000,35245.000000,1.376973,Annual,0,18.000000,691.625002,646.759723,6.936931,38.423611,46.924761,1.221248,7.000000,6.000000,6.000000,2.000000,80.000000,HarvestStat Africa v1.2,https://raw.githubusercontent.com/HarvestStat/HarvestStat-Africa/main/public/hvstat_africa_data_v1.2.csv,WFP HDX CHIRPS v2 dekadal indicators,https://data.humdata.org/dataset/ken-rainfall-subnational
Kisii,KE045,-0.736677,34.753510,1994,36200.000000,123804.000000,3.420000,Annual,0,18.000000,886.775005,925.845013,-4.219930,49.265278,35.263851,0.715795,14.000000,7.000000,2.000000,2.000000,60.000000,HarvestStat Africa v1.2,https://raw.githubusercontent.com/HarvestStat/HarvestStat-Africa/main/public/hvstat_africa_data_v1.2.csv,WFP HDX CHIRPS v2 dekadal indicators,https://data.humdata.org/dataset/ken-rainfall-subnational
Kisumu,KE042,-0.194380,34.777329,1994,15680.000000,28224.000000,1.800000,Annual,0,18.000000,829.304338,816.425122,1.577514,46.072463,35.674367,0.774310,13.000000,7.000000,2.000000,2.000000,60.000000,HarvestStat Africa v1.2,https://raw.githubusercontent.com/HarvestStat/HarvestStat-Africa/main/public/hvstat_africa_data_v1.2.csv,WFP HDX CHIRPS v2 dekadal indicators,https://data.humdata.org/dataset/ken-rainfall-subnational
Kitui,KE015,-1.560490,38.371810,1994,78780.000000,29052.000000,0.368774,Annual,0,18.000000,213.518558,272.434005,-21.625585,11.862142,14.836283,1.250725,3.000000,1.000000,13.000000,7.000000,91.000000,HarvestStat Africa v1.2,https://raw.githubusercontent.com/HarvestStat/HarvestStat-Africa/main/public/hvstat_africa_data_v1.2.csv,WFP HDX CHIRPS v2 dekadal indicators,https://data.humdata.org/dataset/ken-rainfall-subnational
Kwale,KE002,-4.120591,39.066136,1994,10135.000000,11558.000000,1.140405,Annual,0,18.000000,640.843877,541.885007,18.261969,35.602438,41.646859,1.169775,10.000000,5.000000,6.000000,6.000000,70.000000,HarvestStat Africa v1.2,https://raw.githubusercontent.com/HarvestStat/HarvestStat-Africa/main/public/hvstat_africa_data_v1.2.csv,WFP HDX CHIRPS v2 dekadal indicators,https://data.humdata.org/dataset/ken-rainfall-subnational
Laikipia,KE031,0.289134,36.825248,1994,21935.000000,39483.000000,1.800000,Annual,0,18.000000,301.556292,361.774838,-16.645311,16.753127,14.607400,0.871921,7.000000,1.000000,7.000000,4.000000,111.000000,HarvestStat Africa v1.2,https://raw.githubusercontent.com/HarvestStat/HarvestStat-Africa/main/public/hvstat_africa_data_v1.2.csv,WFP HDX CHIRPS v2 dekadal indicators,https://data.humdata.org/dataset/ken-rainfall-subnational
Lamu,KE005,-2.063679,40.545830,1994,3070.000000,3767.000000,1.227036,Annual,0,18.000000,628.950733,534.602138,17.648376,34.941707,59.906350,1.714465,8.000000,4.000000,9.000000,9.000000,111.000000,HarvestStat Africa v1.2,https://raw.githubusercontent.com/HarvestStat/HarvestStat-Africa/main/public/hvstat_africa_data_v1.2.csv,WFP HDX CHIRPS v2 dekadal indicators,https://data.humdata.org/dataset/ken-rainfall-subnational
Machakos,KE016,-1.276237,37.394595,1994,142443.000000,76919.000000,0.539998,Annual,0,18.000000,301.044335,412.340392,-26.991306,16.724685,16.315930,0.975560,6.000000,1.000000,8.000000,3.000000,80.000000,HarvestStat Africa v1.2,https://raw.githubusercontent.com/HarvestStat/HarvestStat-Africa/main/public/hvstat_africa_data_v1.2.csv,WFP HDX CHIRPS v2 dekadal indicators,https://data.humdata.org/dataset/ken-rainfall-subnational
Makueni,KE017,-2.253637,37.876663,1994,102700.000000,35181.000000,0.342561,Annual,0,18.000000,262.490269,334.183265,-21.453197,14.582793,14.742516,1.010953,5.000000,1.000000,10.000000,4.000000,80.000000,HarvestStat Africa v1.2,https://raw.githubusercontent.com/HarvestStat/HarvestStat-Africa/main/public/hvstat_africa_data_v1.2.csv,WFP HDX CHIRPS v2 dekadal indicators,https://data.humdata.org/dataset/ken-rainfall-subnational
Mandera,KE009,3.230964,40.711346,1994,1664.000000,1044.000000,0.627404,Annual,0,18.000000,145.853918,189.924349,-23.204203,8.102995,10.679394,1.317956,2.000000,0.000000,13.000000,9.000000,101.000000,HarvestStat Africa v1.2,https://raw.githubusercontent.com/HarvestStat/HarvestStat-Africa/main/public/hvstat_africa_data_v1.2.csv,WFP HDX CHIRPS v2 dekadal indicators,https://data.humdata.org/dataset/ken-rainfall-subnational
Marsabit,KE010,2.860480,37.714884,1994,5450.000000,2034.000000,0.373211,Annual,0,18.000000,131.218750,184.486778,-28.873629,7.289931,8.414143,1.154214,2.000000,0.000000,12.000000,8.000000,111.000000,HarvestStat Africa v1.2,https://raw.githubusercontent.com/HarvestStat/HarvestStat-Africa/main/public/hvstat_africa_data_v1.2.csv,WFP HDX CHIRPS v2 dekadal indicators,https://data.humdata.org/dataset/ken-rainfall-subnational
Meru,KE012,0.229055,37.776111,1994,75685.000000,103500.000000,1.367510,Annual,0,18.000000,408.268724,524.441410,-22.151700,22.681596,31.625711,1.394334,6.000000,3.000000,10.000000,4.000000,91.000000,HarvestStat Africa v1.2,https://raw.githubusercontent.com/HarvestStat/HarvestStat-Africa/main/public/hvstat_africa_data_v1.2.csv,WFP HDX CHIRPS v2 dekadal indicators,https://data.humdata.org/dataset/ken-rainfall-subnational
Migori,KE044,-1.018704,34.309173,1994,31499.000000,87881.842075,2.789988,Annual,0,18.000000,774.988507,753.103059,2.906036,43.054917,32.793719,0.761672,10.000000,6.000000,1.000000,1.000000,60.000000,HarvestStat Africa v1.2,https://raw.githubusercontent.com/HarvestStat/HarvestStat-Africa/main/public/hvstat_africa_data_v1.2.csv,WFP HDX CHIRPS v2 dekadal indicators,https://data.humdata.org/dataset/ken-rainfall-subnational
Mombasa,KE001,-3.990448,39.701130,1994,412.000000,232.000000,0.563107,Annual,0,18.000000,984.000000,734.479994,33.972335,54.666667,80.385287,1.470463,9.000000,6.000000,8.000000,7.000000,101.000000,HarvestStat Africa v1.2,https://raw.githubusercontent.com/HarvestStat/HarvestStat-Africa/main/public/hvstat_africa_data_v1.2.csv,WFP HDX CHIRPS v2 dekadal indicators,https://data.humdata.org/dataset/ken-rainfall-subnational
Murang'a,KE021,-0.828519,37.004173,1994,27505.000000,34656.000000,1.259989,Annual,0,18.000000,612.823526,695.837541,-11.930086,34.045751,34.278230,1.006828,8.000000,5.000000,6.000000,4.000000,80.000000,HarvestStat Africa v1.2,https://raw.githubusercontent.com/HarvestStat/HarvestStat-Africa/main/public/hvstat_africa_data_v1.2.csv,WFP HDX CHIRPS v2 dekadal indicators,https://data.humdata.org/dataset/ken-rainfall-subnational
Nakuru,KE032,-0.458448,36.100384,1994,62867.000000,113160.600000,1.800000,Annual,0,18.000000,495.533614,535.090196,-7.392507,27.529645,19.106787,0.694044,11.000000,1.000000,5.000000,4.000000,60.000000,HarvestStat Africa v1.2,https://raw.githubusercontent.com/HarvestStat/HarvestStat-Africa/main/public/hvstat_africa_data_v1.2.csv,WFP HDX CHIRPS v2 dekadal indicators,https://data.humdata.org/dataset/ken-rainfall-subnational
Nandi,KE029,0.227352,35.123876,1994,67677.000000,182727.900000,2.700000,Annual,0,18.000000,927.120877,819.099630,13.187803,51.506715,41.253124,0.800927,13.000000,9.000000,3.000000,3.000000,60.000000,HarvestStat Africa v1.2,https://raw.githubusercontent.com/HarvestStat/HarvestStat-Africa/main/public/hvstat_africa_data_v1.2.csv,WFP HDX CHIRPS v2 dekadal indicators,https://data.humdata.org/dataset/ken-rainfall-subnational
Narok,KE033,-1.279878,35.476358,1994,48065.000000,127728.000000,2.657401,Annual,0,18.000000,555.406519,591.197598,-6.053996,30.855918,17.121824,0.554896,11.000000,1.000000,2.000000,2.000000,60.000000,HarvestStat Africa v1.2,https://raw.githubusercontent.com/HarvestStat/HarvestStat-Africa/main/public/hvstat_africa_data_v1.2.csv,WFP HDX CHIRPS v2 dekadal indicators,https://data.humdata.org/dataset/ken-rainfall-subnational
Nyamira,KE046,-0.649378,34.933398,1994,21700.000000,85185.000000,3.925576,Annual,0,18.000000,909.965529,912.716100,-0.301361,50.553641,34.529525,0.683027,14.000000,7.000000,2.000000,2.000000,60.000000,HarvestStat Africa v1.2,https://raw.githubusercontent.com/HarvestStat/HarvestStat-Africa/main/public/hvstat_africa_data_v1.2.csv,WFP HDX CHIRPS v2 dekadal indicators,https://data.humdata.org/dataset/ken-rainfall-subnational
Nyandarua,KE018,-0.389093,36.497431,1994,18144.000000,30844.000000,1.699956,Annual,0,18.000000,535.305562,598.538580,-10.564568,29.739198,21.854038,0.734856,11.000000,2.000000,5.000000,4.000000,80.000000,HarvestStat Africa v1.2,https://raw.githubusercontent.com/HarvestStat/HarvestStat-Africa/main/public/hvstat_africa_data_v1.2.csv,WFP HDX CHIRPS v2 dekadal indicators,https://data.humdata.org/dataset/ken-rainfall-subnational
Nyeri,KE019,-0.314375,36.930473,1994,21690.000000,24596.000000,1.133979,Annual,0,18.000000,659.118183,644.133946,2.326261,36.617677,31.627671,0.863727,10.000000,5.000000,2.000000,1.000000,80.000000,HarvestStat Africa v1.2,https://raw.githubusercontent.com/HarvestStat/HarvestStat-Africa/main/public/hvstat_africa_data_v1.2.csv,WFP HDX CHIRPS v2 dekadal indicators,https://data.humdata.org/dataset/ken-rainfall-subnational
Samburu,KE025,1.541373,36.941540,1994,2010.000000,1809.000000,0.900000,Annual,0,18.000000,208.056932,270.988171,-23.222873,11.558718,13.661152,1.181892,2.000000,1.000000,11.000000,8.000000,111.000000,HarvestStat Africa v1.2,https://raw.githubusercontent.com/HarvestStat/HarvestStat-Africa/main/public/hvstat_africa_data_v1.2.csv,WFP HDX CHIRPS v2 dekadal indicators,https://data.humdata.org/dataset/ken-rainfall-subnational
Siaya,KE041,-0.057674,34.199887,1994,28844.000000,41535.000000,1.439988,Annual,0,18.000000,825.462501,811.195420,1.758772,45.859028,34.591550,0.754302,13.000000,6.000000,2.000000,2.000000,60.000000,HarvestStat Africa v1.2,https://raw.githubusercontent.com/HarvestStat/HarvestStat-Africa/main/public/hvstat_africa_data_v1.2.csv,WFP HDX CHIRPS v2 dekadal indicators,https://data.humdata.org/dataset/ken-rainfall-subnational
Taita Taveta,KE006,-3.405203,38.371760,1994,4235.000000,11188.000000,2.641795,Annual,0,18.000000,285.638144,310.607723,-8.038943,15.868786,15.588765,0.982354,5.000000,1.000000,8.000000,3.000000,70.000000,HarvestStat Africa v1.2,https://raw.githubusercontent.com/HarvestStat/HarvestStat-Africa/main/public/hvstat_africa_data_v1.2.csv,WFP HDX CHIRPS v2 dekadal indicators,https://data.humdata.org/dataset/ken-rainfall-subnational
Tana River,KE004,-1.534918,39.550288,1994,752.000000,1861.000000,2.474734,Annual,1,18.000000,158.220243,192.080568,-17.628189,8.790013,9.120392,1.037586,1.000000,0.000000,13.000000,9.000000,111.000000,HarvestStat Africa v1.2,https://raw.githubusercontent.com/HarvestStat/HarvestStat-Africa/main/public/hvstat_africa_data_v1.2.csv,WFP HDX CHIRPS v2 dekadal indicators,https://data.humdata.org/dataset/ken-rainfall-subnational
Tharaka-Nithi,KE013,-0.191445,37.960417,1994,2368.000000,2983.700000,1.260008,Annual,0,18.000000,452.773806,547.091662,-17.239864,25.154100,37.679102,1.497931,6.000000,3.000000,11.000000,8.000000,91.000000,HarvestStat Africa v1.2,https://raw.githubusercontent.com/HarvestStat/HarvestStat-Africa/main/public/hvstat_africa_data_v1.2.csv,WFP HDX CHIRPS v2 dekadal indicators,https://data.humdata.org/dataset/ken-rainfall-subnational
Trans Nzoia,KE026,1.045915,34.980778,1994,63600.000000,228960.000000,3.600000,Annual,0,18.000000,615.392410,634.237966,-2.971370,34.188467,26.190077,0.766050,12.000000,5.000000,6.000000,6.000000,60.000000,HarvestStat Africa v1.2,https://raw.githubusercontent.com/HarvestStat/HarvestStat-Africa/main/public/hvstat_africa_data_v1.2.csv,WFP HDX CHIRPS v2 dekadal indicators,https://data.humdata.org/dataset/ken-rainfall-subnational
Turkana,KE023,3.162488,35.313492,1994,327.000000,445.500000,1.362385,Annual,0,18.000000,157.604980,172.177661,-8.463747,8.755832,7.273824,0.830740,2.000000,0.000000,12.000000,8.000000,182.000000,HarvestStat Africa v1.2,https://raw.githubusercontent.com/HarvestStat/HarvestStat-Africa/main/public/hvstat_africa_data_v1.2.csv,WFP HDX CHIRPS v2 dekadal indicators,https://data.humdata.org/dataset/ken-rainfall-subnational
Uasin Gishu,KE027,0.478188,35.303799,1994,54600.000000,147420.000000,2.700000,Annual,0,18.000000,686.000008,606.721928,13.066625,38.111112,33.225930,0.871817,11.000000,6.000000,4.000000,4.000000,60.000000,HarvestStat Africa v1.2,https://raw.githubusercontent.com/HarvestStat/HarvestStat-Africa/main/public/hvstat_africa_data_v1.2.csv,WFP HDX CHIRPS v2 dekadal indicators,https://data.humdata.org/dataset/ken-rainfall-subnational
Vihiga,KE038,0.084857,34.707784,1994,20597.000000,31719.000000,1.539982,Annual,0,18.000000,1020.368451,1006.033351,1.424913,56.687136,48.017217,0.847057,13.000000,6.000000,3.000000,3.000000,60.000000,HarvestStat Africa v1.2,https://raw.githubusercontent.com/HarvestStat/HarvestStat-Africa/main/public/hvstat_africa_data_v1.2.csv,WFP HDX CHIRPS v2 dekadal indicators,https://data.humdata.org/dataset/ken-rainfall-subnational
Wajir,KE008,1.939715,40.024507,1994,500.000000,360.000000,0.720000,Annual,0,18.000000,129.594916,193.539230,-33.039459,7.199718,10.355883,1.438374,2.000000,0.000000,15.000000,9.000000,91.000000,HarvestStat Africa v1.2,https://raw.githubusercontent.com/HarvestStat/HarvestStat-Africa/main/public/hvstat_africa_data_v1.2.csv,WFP HDX CHIRPS v2 dekadal indicators,https://data.humdata.org/dataset/ken-rainfall-subnational
West Pokot,KE024,1.893374,35.212768,1994,22380.000000,50355.000000,2.250000,Annual,0,18.000000,394.210885,443.095810,-11.032586,21.900605,17.844531,0.814796,9.000000,3.000000,6.000000,6.000000,80.000000,HarvestStat Africa v1.2,https://raw.githubusercontent.com/HarvestStat/HarvestStat-Africa/main/public/hvstat_africa_data_v1.2.csv,WFP HDX CHIRPS v2 dekadal indicators,https://data.humdata.org/dataset/ken-rainfall-subnational
Baringo,KE030,0.726352,36.018591,1995,15735.000000,36492.000000,2.319161,Annual,0,18.000000,366.082621,465.744538,-21.398408,20.337923,16.363811,0.804596,6.000000,2.000000,4.000000,3.000000,60.000000,HarvestStat Africa v1.2,https://raw.githubusercontent.com/HarvestStat/HarvestStat-Africa/main/public/hvstat_africa_data_v1.2.csv,WFP HDX CHIRPS v2 dekadal indicators,https://data.humdata.org/dataset/ken-rainfall-subnational
Bomet,KE036,-0.716095,35.238459,1995,37200.000000,83700.000000,2.250000,Annual,0,18.000000,877.389472,842.724213,4.113476,48.743860,28.254594,0.579654,15.000000,10.000000,2.000000,1.000000,60.000000,HarvestStat Africa v1.2,https://raw.githubusercontent.com/HarvestStat/HarvestStat-Africa/main/public/hvstat_africa_data_v1.2.csv,WFP HDX CHIRPS v2 dekadal indicators,https://data.humdata.org/dataset/ken-rainfall-subnational
Bungoma,KE039,0.785694,34.718757,1995,68672.000000,179933.000000,2.620180,Annual,0,18.000000,860.939997,854.742337,0.725091,47.830000,35.802874,0.748544,12.000000,7.000000,2.000000,2.000000,60.000000,HarvestStat Africa v1.2,https://raw.githubusercontent.com/HarvestStat/HarvestStat-Africa/main/public/hvstat_africa_data_v1.2.csv,WFP HDX CHIRPS v2 dekadal indicators,https://data.humdata.org/dataset/ken-rainfall-subnational
Busia,KE040,0.375707,34.265111,1995,14419.000000,18329.000000,1.271170,Annual,0,18.000000,948.615378,900.425645,5.351884,52.700854,34.590365,0.656353,13.000000,10.000000,0.000000,0.000000,60.000000,HarvestStat Africa v1.2,https://raw.githubusercontent.com/HarvestStat/HarvestStat-Africa/main/public/hvstat_africa_data_v1.2.csv,WFP HDX CHIRPS v2 dekadal indicators,https://data.humdata.org/dataset/ken-rainfall-subnational
Elgeyo-Marakwet,KE028,0.745102,35.560856,1995,25300.000000,56151.000000,2.219407,Annual,0,18.000000,541.646467,657.566659,-17.628660,30.091470,24.305737,0.807728,10.000000,4.000000,4.000000,3.000000,60.000000,HarvestStat Africa v1.2,https://raw.githubusercontent.com/HarvestStat/HarvestStat-Africa/main/public/hvstat_africa_data_v1.2.csv,WFP HDX CHIRPS v2 dekadal indicators,https://data.humdata.org/dataset/ken-rainfall-subnational
Embu,KE014,-0.532830,37.664629,1995,27900.000000,23179.000000,0.830789,Annual,0,18.000000,568.395609,525.286081,8.206866,31.577534,37.073591,1.174050,10.000000,4.000000,8.000000,3.000000,91.000000,HarvestStat Africa v1.2,https://raw.githubusercontent.com/HarvestStat/HarvestStat-Africa/main/public/hvstat_africa_data_v1.2.csv,WFP HDX CHIRPS v2 dekadal indicators,https://data.humdata.org/dataset/ken-rainfall-subnational
Garissa,KE007,-0.520490,40.355590,1995,90.000000,135.000000,1.500000,Annual,0,18.000000,262.957387,240.279175,9.438276,14.608744,16.420820,1.124041,6.000000,1.000000,10.000000,6.000000,80.000000,HarvestStat Africa v1.2,https://raw.githubusercontent.com/HarvestStat/HarvestStat-Africa/main/public/hvstat_africa_data_v1.2.csv,WFP HDX CHIRPS v2 dekadal indicators,https://data.humdata.org/dataset/ken-rainfall-subnational
Homa Bay,KE043,-0.562403,34.314532,1995,17681.000000,33198.000000,1.877609,Annual,0,18.000000,700.339452,734.102143,-4.599182,38.907747,25.604254,0.658076,13.000000,4.000000,1.000000,1.000000,60.000000,HarvestStat Africa v1.2,https://raw.githubusercontent.com/HarvestStat/HarvestStat-Africa/main/public/hvstat_africa_data_v1.2.csv,WFP HDX CHIRPS v2 dekadal indicators,https://data.humdata.org/dataset/ken-rainfall-subnational
Isiolo,KE011,1.006385,38.747651,1995,1460.000000,66.000000,0.045205,Annual,0,18.000000,255.913253,173.962088,47.108635,14.217403,22.400733,1.575585,4.000000,2.000000,13.000000,6.000000,91.000000,HarvestStat Africa v1.2,https://raw.githubusercontent.com/HarvestStat/HarvestStat-Africa/main/public/hvstat_africa_data_v1.2.csv,WFP HDX CHIRPS v2 dekadal indicators,https://data.humdata.org/dataset/ken-rainfall-subnational
Kajiado,KE034,-2.112369,36.777606,1995,32100.000000,34668.000000,1.080000,Annual,0,18.000000,353.196623,373.466385,-5.427466,19.622035,21.768166,1.109374,6.000000,1.000000,6.000000,3.000000,60.000000,HarvestStat Africa v1.2,https://raw.githubusercontent.com/HarvestStat/HarvestStat-Africa/main/public/hvstat_africa_data_v1.2.csv,WFP HDX CHIRPS v2 dekadal indicators,https://data.humdata.org/dataset/ken-rainfall-subnational
Kakamega,KE037,0.497190,34.800929,1995,65986.000000,190244.000000,2.883096,Annual,0,18.000000,950.452642,951.356143,-0.094970,52.802925,36.876836,0.698386,13.000000,12.000000,2.000000,2.000000,60.000000,HarvestStat Africa v1.2,https://raw.githubusercontent.com/HarvestStat/HarvestStat-Africa/main/public/hvstat_africa_data_v1.2.csv,WFP HDX CHIRPS v2 dekadal indicators,https://data.humdata.org/dataset/ken-rainfall-subnational
Kericho,KE035,-0.316683,35.225997,1995,39500.000000,127980.000000,3.240000,Annual,0,18.000000,744.985076,795.027352,-6.294409,41.388060,27.450374,0.663244,14.000000,6.000000,2.000000,1.000000,60.000000,HarvestStat Africa v1.2,https://raw.githubusercontent.com/HarvestStat/HarvestStat-Africa/main/public/hvstat_africa_data_v1.2.csv,WFP HDX CHIRPS v2 dekadal indicators,https://data.humdata.org/dataset/ken-rainfall-subnational
Kiambu,KE022,-1.034385,36.843216,1995,14764.000000,20463.000000,1.386007,Annual,0,18.000000,781.714282,695.396027,12.412820,43.428571,37.664447,0.867273,12.000000,7.000000,3.000000,2.000000,60.000000,HarvestStat Africa v1.2,https://raw.githubusercontent.com/HarvestStat/HarvestStat-Africa/main/public/hvstat_africa_data_v1.2.csv,WFP HDX CHIRPS v2 dekadal indicators,https://data.humdata.org/dataset/ken-rainfall-subnational
Kilifi,KE003,-3.152441,39.672708,1995,44722.000000,26820.000000,0.599705,Annual,0,18.000000,449.287125,488.607513,-8.047438,24.960396,31.267590,1.252688,7.000000,3.000000,9.000000,6.000000,80.000000,HarvestStat Africa v1.2,https://raw.githubusercontent.com/HarvestStat/HarvestStat-Africa/main/public/hvstat_africa_data_v1.2.csv,WFP HDX CHIRPS v2 dekadal indicators,https://data.humdata.org/dataset/ken-rainfall-subnational
Kirinyaga,KE020,-0.467350,37.301902,1995,25690.000000,34681.500000,1.350000,Annual,0,18.000000,678.624999,646.759723,4.926911,37.701389,38.719539,1.027006,10.000000,4.000000,7.000000,3.000000,80.000000,HarvestStat Africa v1.2,https://raw.githubusercontent.com/HarvestStat/HarvestStat-Africa/main/public/hvstat_africa_data_v1.2.csv,WFP HDX CHIRPS v2 dekadal indicators,https://data.humdata.org/dataset/ken-rainfall-subnational
Kisii,KE045,-0.736677,34.753510,1995,19800.000000,75232.000000,3.799596,Annual,0,18.000000,942.449994,925.845013,1.793495,52.358333,30.060155,0.574124,16.000000,8.000000,0.000000,0.000000,60.000000,HarvestStat Africa v1.2,https://raw.githubusercontent.com/HarvestStat/HarvestStat-Africa/main/public/hvstat_africa_data_v1.2.csv,WFP HDX CHIRPS v2 dekadal indicators,https://data.humdata.org/dataset/ken-rainfall-subnational
Kisumu,KE042,-0.194380,34.777329,1995,15489.000000,34849.000000,2.249919,Annual,0,18.000000,813.420288,816.425122,-0.368048,45.190016,29.129310,0.644596,15.000000,7.000000,0.000000,0.000000,60.000000,HarvestStat Africa v1.2,https://raw.githubusercontent.com/HarvestStat/HarvestStat-Africa/main/public/hvstat_africa_data_v1.2.csv,WFP HDX CHIRPS v2 dekadal indicators,https://data.humdata.org/dataset/ken-rainfall-subnational
Kitui,KE015,-1.560490,38.371810,1995,65185.000000,18347.000000,0.281460,Annual,0,18.000000,257.688064,272.434005,-5.412665,14.316004,18.939607,1.322967,5.000000,1.000000,12.000000,6.000000,101.000000,HarvestStat Africa v1.2,https://raw.githubusercontent.com/HarvestStat/HarvestStat-Africa/main/public/hvstat_africa_data_v1.2.csv,WFP HDX CHIRPS v2 dekadal indicators,https://data.humdata.org/dataset/ken-rainfall-subnational
Kwale,KE002,-4.120591,39.066136,1995,13255.000000,7956.000000,0.600226,Annual,0,18.000000,504.245349,541.885007,-6.946060,28.013631,34.955304,1.247796,8.000000,3.000000,10.000000,6.000000,91.000000,HarvestStat Africa v1.2,https://raw.githubusercontent.com/HarvestStat/HarvestStat-Africa/main/public/hvstat_africa_data_v1.2.csv,WFP HDX CHIRPS v2 dekadal indicators,https://data.humdata.org/dataset/ken-rainfall-subnational
Laikipia,KE031,0.289134,36.825248,1995,18750.000000,33750.000000,1.800000,Annual,0,18.000000,334.804641,361.774838,-7.454968,18.600258,16.345471,0.878777,5.000000,2.000000,6.000000,3.000000,111.000000,HarvestStat Africa v1.2,https://raw.githubusercontent.com/HarvestStat/HarvestStat-Africa/main/public/hvstat_africa_data_v1.2.csv,WFP HDX CHIRPS v2 dekadal indicators,https://data.humdata.org/dataset/ken-rainfall-subnational
Lamu,KE005,-2.063679,40.545830,1995,3192.000000,1953.000000,0.611842,Annual,0,18.000000,513.054182,534.602138,-4.030653,28.503010,40.015769,1.403914,6.000000,3.000000,8.000000,8.000000,91.000000,HarvestStat Africa v1.2,https://raw.githubusercontent.com/HarvestStat/HarvestStat-Africa/main/public/hvstat_africa_data_v1.2.csv,WFP HDX CHIRPS v2 dekadal indicators,https://data.humdata.org/dataset/ken-rainfall-subnational
Machakos,KE016,-1.276237,37.394595,1995,153225.000000,32400.000000,0.211454,Annual,0,18.000000,358.798027,412.340392,-12.984991,19.933224,24.531773,1.230698,5.000000,2.000000,8.000000,3.000000,101.000000,HarvestStat Africa v1.2,https://raw.githubusercontent.com/HarvestStat/HarvestStat-Africa/main/public/hvstat_africa_data_v1.2.csv,WFP HDX CHIRPS v2 dekadal indicators,https://data.humdata.org/dataset/ken-rainfall-subnational
Makueni,KE017,-2.253637,37.876663,1995,73500.000000,13761.000000,0.187224,Annual,0,18.000000,282.256808,334.183265,-15.538318,15.680934,20.163793,1.285880,3.000000,2.000000,10.000000,4.000000,182.000000,HarvestStat Africa v1.2,https://raw.githubusercontent.com/HarvestStat/HarvestStat-Africa/main/public/hvstat_africa_data_v1.2.csv,WFP HDX CHIRPS v2 dekadal indicators,https://data.humdata.org/dataset/ken-rainfall-subnational
Mandera,KE009,3.230964,40.711346,1995,1219.000000,86.000000,0.070550,Annual,0,18.000000,205.628265,189.924349,8.268511,11.423792,16.671911,1.459402,3.000000,2.000000,12.000000,6.000000,80.000000,HarvestStat Africa v1.2,https://raw.githubusercontent.com/HarvestStat/HarvestStat-Africa/main/public/hvstat_africa_data_v1.2.csv,WFP HDX CHIRPS v2 dekadal indicators,https://data.humdata.org/dataset/ken-rainfall-subnational
Marsabit,KE010,2.860480,37.714884,1995,60.000000,28.000000,0.466667,Annual,0,18.000000,203.435763,184.486778,10.271189,11.301987,15.042462,1.330957,3.000000,1.000000,12.000000,6.000000,182.000000,HarvestStat Africa v1.2,https://raw.githubusercontent.com/HarvestStat/HarvestStat-Africa/main/public/hvstat_africa_data_v1.2.csv,WFP HDX CHIRPS v2 dekadal indicators,https://data.humdata.org/dataset/ken-rainfall-subnational
Meru,KE012,0.229055,37.776111,1995,39590.000000,33946.000000,0.857439,Annual,0,18.000000,570.215857,524.441410,8.728229,31.678659,39.072128,1.233390,8.000000,4.000000,8.000000,3.000000,80.000000,HarvestStat Africa v1.2,https://raw.githubusercontent.com/HarvestStat/HarvestStat-Africa/main/public/hvstat_africa_data_v1.2.csv,WFP HDX CHIRPS v2 dekadal indicators,https://data.humdata.org/dataset/ken-rainfall-subnational
Migori,KE044,-1.018704,34.309173,1995,31314.000000,89799.000000,2.867695,Annual,0,18.000000,838.563216,753.103059,11.347737,46.586845,28.248377,0.606360,15.000000,6.000000,0.000000,0.000000,60.000000,HarvestStat Africa v1.2,https://raw.githubusercontent.com/HarvestStat/HarvestStat-Africa/main/public/hvstat_africa_data_v1.2.csv,WFP HDX CHIRPS v2 dekadal indicators,https://data.humdata.org/dataset/ken-rainfall-subnational
Mombasa,KE001,-3.990448,39.701130,1995,731.000000,441.000000,0.603283,Annual,0,18.000000,718.200000,734.479994,-2.216533,39.900000,60.111313,1.506549,7.000000,3.000000,9.000000,6.000000,80.000000,HarvestStat Africa v1.2,https://raw.githubusercontent.com/HarvestStat/HarvestStat-Africa/main/public/hvstat_africa_data_v1.2.csv,WFP HDX CHIRPS v2 dekadal indicators,https://data.humdata.org/dataset/ken-rainfall-subnational
Murang'a,KE021,-0.828519,37.004173,1995,33000.000000,24354.000000,0.738000,Annual,0,18.000000,756.739494,695.837541,8.752323,42.041083,41.772607,0.993614,9.000000,5.000000,5.000000,2.000000,91.000000,HarvestStat Africa v1.2,https://raw.githubusercontent.com/HarvestStat/HarvestStat-Africa/main/public/hvstat_africa_data_v1.2.csv,WFP HDX CHIRPS v2 dekadal indicators,https://data.humdata.org/dataset/ken-rainfall-subnational
Nakuru,KE032,-0.458448,36.100384,1995,57340.000000,113533.000000,1.979997,Annual,0,18.000000,506.025210,535.090196,-5.431792,28.112512,19.454270,0.692015,12.000000,2.000000,4.000000,3.000000,60.000000,HarvestStat Africa v1.2,https://raw.githubusercontent.com/HarvestStat/HarvestStat-Africa/main/public/hvstat_africa_data_v1.2.csv,WFP HDX CHIRPS v2 dekadal indicators,https://data.humdata.org/dataset/ken-rainfall-subnational
Nandi,KE029,0.227352,35.123876,1995,58600.000000,158220.000000,2.700000,Annual,0,18.000000,783.395598,819.099630,-4.358936,43.521978,31.632814,0.726824,14.000000,5.000000,1.000000,1.000000,60.000000,HarvestStat Africa v1.2,https://raw.githubusercontent.com/HarvestStat/HarvestStat-Africa/main/public/hvstat_africa_data_v1.2.csv,WFP HDX CHIRPS v2 dekadal indicators,https://data.humdata.org/dataset/ken-rainfall-subnational
Narok,KE033,-1.279878,35.476358,1995,47100.000000,104301.000000,2.214459,Annual,0,18.000000,612.440821,591.197598,3.593253,34.024490,20.729069,0.609240,14.000000,4.000000,1.000000,1.000000,60.000000,HarvestStat Africa v1.2,https://raw.githubusercontent.com/HarvestStat/HarvestStat-Africa/main/public/hvstat_africa_data_v1.2.csv,WFP HDX CHIRPS v2 dekadal indicators,https://data.humdata.org/dataset/ken-rainfall-subnational
Nyamira,KE046,-0.649378,34.933398,1995,21910.000000,73629.000000,3.360520,Annual,0,18.000000,932.068959,912.716100,2.120359,51.781609,30.222544,0.583654,16.000000,9.000000,1.000000,1.000000,60.000000,HarvestStat Africa v1.2,https://raw.githubusercontent.com/HarvestStat/HarvestStat-Africa/main/public/hvstat_africa_data_v1.2.csv,WFP HDX CHIRPS v2 dekadal indicators,https://data.humdata.org/dataset/ken-rainfall-subnational
Nyandarua,KE018,-0.389093,36.497431,1995,17239.000000,24824.000000,1.439991,Annual,0,18.000000,592.138893,598.538580,-1.069219,32.896605,24.561598,0.746630,11.000000,3.000000,4.000000,3.000000,60.000000,HarvestStat Africa v1.2,https://raw.githubusercontent.com/HarvestStat/HarvestStat-Africa/main/public/hvstat_africa_data_v1.2.csv,WFP HDX CHIRPS v2 dekadal indicators,https://data.humdata.org/dataset/ken-rainfall-subnational
Nyeri,KE019,-0.314375,36.930473,1995,20721.000000,16038.000000,0.773997,Annual,0,18.000000,682.599998,644.133946,5.971747,37.922222,33.474712,0.882720,10.000000,6.000000,3.000000,2.000000,60.000000,HarvestStat Africa v1.2,https://raw.githubusercontent.com/HarvestStat/HarvestStat-Africa/main/public/hvstat_africa_data_v1.2.csv,WFP HDX CHIRPS v2 dekadal indicators,https://data.humdata.org/dataset/ken-rainfall-subnational
Samburu,KE025,1.541373,36.941540,1995,1200.000000,2160.000000,1.800000,Annual,0,18.000000,240.115324,270.988171,-11.392692,13.339740,15.271007,1.144775,2.000000,1.000000,10.000000,4.000000,182.000000,HarvestStat Africa v1.2,https://raw.githubusercontent.com/HarvestStat/HarvestStat-Africa/main/public/hvstat_africa_data_v1.2.csv,WFP HDX CHIRPS v2 dekadal indicators,https://data.humdata.org/dataset/ken-rainfall-subnational
Siaya,KE041,-0.057674,34.199887,1995,52570.000000,62138.000000,1.182005,Annual,0,18.000000,833.937502,811.195420,2.803527,46.329861,31.088903,0.671034,13.000000,8.000000,1.000000,1.000000,60.000000,HarvestStat Africa v1.2,https://raw.githubusercontent.com/HarvestStat/HarvestStat-Africa/main/public/hvstat_africa_data_v1.2.csv,WFP HDX CHIRPS v2 dekadal indicators,https://data.humdata.org/dataset/ken-rainfall-subnational
Taita Taveta,KE006,-3.405203,38.371760,1995,4230.000000,2538.000000,0.600000,Annual,0,18.000000,278.144382,310.607723,-10.451556,15.452466,17.400386,1.126059,3.000000,1.000000,9.000000,4.000000,60.000000,HarvestStat Africa v1.2,https://raw.githubusercontent.com/HarvestStat/HarvestStat-Africa/main/public/hvstat_africa_data_v1.2.csv,WFP HDX CHIRPS v2 dekadal indicators,https://data.humdata.org/dataset/ken-rainfall-subnational
Tana River,KE004,-1.534918,39.550288,1995,660.000000,396.000000,0.600000,Annual,0,18.000000,190.565993,192.080568,-0.788510,10.587000,11.371626,1.074112,3.000000,0.000000,11.000000,6.000000,80.000000,HarvestStat Africa v1.2,https://raw.githubusercontent.com/HarvestStat/HarvestStat-Africa/main/public/hvstat_africa_data_v1.2.csv,WFP HDX CHIRPS v2 dekadal indicators,https://data.humdata.org/dataset/ken-rainfall-subnational
Tharaka-Nithi,KE013,-0.191445,37.960417,1995,2430.000000,3256.100000,1.339959,Annual,0,18.000000,581.642858,547.091662,6.315431,32.313492,43.520870,1.346833,6.000000,4.000000,8.000000,3.000000,80.000000,HarvestStat Africa v1.2,https://raw.githubusercontent.com/HarvestStat/HarvestStat-Africa/main/public/hvstat_africa_data_v1.2.csv,WFP HDX CHIRPS v2 dekadal indicators,https://data.humdata.org/dataset/ken-rainfall-subnational
Trans Nzoia,KE026,1.045915,34.980778,1995,54400.000000,181152.000000,3.330000,Annual,0,18.000000,560.215198,634.237966,-11.671135,31.123067,24.002770,0.771221,11.000000,4.000000,5.000000,3.000000,60.000000,HarvestStat Africa v1.2,https://raw.githubusercontent.com/HarvestStat/HarvestStat-Africa/main/public/hvstat_africa_data_v1.2.csv,WFP HDX CHIRPS v2 dekadal indicators,https://data.humdata.org/dataset/ken-rainfall-subnational
Turkana,KE023,3.162488,35.313492,1995,250.000000,225.000000,0.900000,Annual,0,18.000000,120.041887,172.177661,-30.280220,6.668994,6.626961,0.993697,1.000000,0.000000,15.000000,6.000000,182.000000,HarvestStat Africa v1.2,https://raw.githubusercontent.com/HarvestStat/HarvestStat-Africa/main/public/hvstat_africa_data_v1.2.csv,WFP HDX CHIRPS v2 dekadal indicators,https://data.humdata.org/dataset/ken-rainfall-subnational
Uasin Gishu,KE027,0.478188,35.303799,1995,41800.000000,131670.000000,3.150000,Annual,0,18.000000,525.045040,606.721928,-13.461997,29.169169,23.770136,0.814906,12.000000,3.000000,4.000000,3.000000,60.000000,HarvestStat Africa v1.2,https://raw.githubusercontent.com/HarvestStat/HarvestStat-Africa/main/public/hvstat_africa_data_v1.2.csv,WFP HDX CHIRPS v2 dekadal indicators,https://data.humdata.org/dataset/ken-rainfall-subnational
Vihiga,KE038,0.084857,34.707784,1995,23500.000000,37600.000000,1.600000,Annual,0,18.000000,1045.789473,1006.033351,3.951770,58.099415,39.015915,0.671537,14.000000,11.000000,1.000000,1.000000,60.000000,HarvestStat Africa v1.2,https://raw.githubusercontent.com/HarvestStat/HarvestStat-Africa/main/public/hvstat_africa_data_v1.2.csv,WFP HDX CHIRPS v2 dekadal indicators,https://data.humdata.org/dataset/ken-rainfall-subnational
Wajir,KE008,1.939715,40.024507,1995,520.000000,326.000000,0.626923,Annual,0,18.000000,232.475395,193.539230,20.117970,12.915300,22.178472,1.717225,4.000000,2.000000,13.000000,6.000000,101.000000,HarvestStat Africa v1.2,https://raw.githubusercontent.com/HarvestStat/HarvestStat-Africa/main/public/hvstat_africa_data_v1.2.csv,WFP HDX CHIRPS v2 dekadal indicators,https://data.humdata.org/dataset/ken-rainfall-subnational
West Pokot,KE024,1.893374,35.212768,1995,19000.000000,47880.000000,2.520000,Annual,0,18.000000,347.870750,443.095810,-21.490851,19.326153,16.060309,0.831014,7.000000,1.000000,6.000000,4.000000,60.000000,HarvestStat Africa v1.2,https://raw.githubusercontent.com/HarvestStat/HarvestStat-Africa/main/public/hvstat_africa_data_v1.2.csv,WFP HDX CHIRPS v2 dekadal indicators,https://data.humdata.org/dataset/ken-rainfall-subnational
Baringo,KE030,0.726352,36.018591,1996,20052.000000,26408.000000,1.316976,Annual,0,18.000000,422.039881,465.744538,-9.383826,23.446660,23.505246,1.002499,5.000000,3.000000,6.000000,4.000000,81.000000,HarvestStat Africa v1.2,https://raw.githubusercontent.com/HarvestStat/HarvestStat-Africa/main/public/hvstat_africa_data_v1.2.csv,WFP HDX CHIRPS v2 dekadal indicators,https://data.humdata.org/dataset/ken-rainfall-subnational
Bomet,KE036,-0.716095,35.238459,1996,37185.000000,55783.000000,1.500148,Annual,0,18.000000,872.294733,842.724213,3.508920,48.460819,20.999214,0.433324,18.000000,6.000000,0.000000,0.000000,61.000000,HarvestStat Africa v1.2,https://raw.githubusercontent.com/HarvestStat/HarvestStat-Africa/main/public/hvstat_africa_data_v1.2.csv,WFP HDX CHIRPS v2 dekadal indicators,https://data.humdata.org/dataset/ken-rainfall-subnational
Bungoma,KE039,0.785694,34.718757,1996,71831.000000,188549.954996,2.624911,Annual,0,18.000000,951.719999,854.742337,11.345836,52.873333,28.192269,0.533204,17.000000,8.000000,0.000000,0.000000,61.000000,HarvestStat Africa v1.2,https://raw.githubusercontent.com/HarvestStat/HarvestStat-Africa/main/public/hvstat_africa_data_v1.2.csv,WFP HDX CHIRPS v2 dekadal indicators,https://data.humdata.org/dataset/ken-rainfall-subnational
Busia,KE040,0.375707,34.265111,1996,15861.000000,25396.759676,1.601208,Annual,0,18.000000,990.230780,900.425645,9.973631,55.012821,28.361472,0.515543,17.000000,7.000000,0.000000,0.000000,61.000000,HarvestStat Africa v1.2,https://raw.githubusercontent.com/HarvestStat/HarvestStat-Africa/main/public/hvstat_africa_data_v1.2.csv,WFP HDX CHIRPS v2 dekadal indicators,https://data.humdata.org/dataset/ken-rainfall-subnational
Elgeyo-Marakwet,KE028,0.745102,35.560856,1996,25510.000000,28968.000000,1.135555,Annual,0,18.000000,618.090906,657.566659,-6.003308,34.338384,23.479605,0.683771,13.000000,4.000000,3.000000,1.000000,71.000000,HarvestStat Africa v1.2,https://raw.githubusercontent.com/HarvestStat/HarvestStat-Africa/main/public/hvstat_africa_data_v1.2.csv,WFP HDX CHIRPS v2 dekadal indicators,https://data.humdata.org/dataset/ken-rainfall-subnational
Embu,KE014,-0.532830,37.664629,1996,33670.000000,29287.128713,0.869829,Annual,0,18.000000,406.417585,525.286081,-22.629287,22.578755,20.804268,0.921409,6.000000,3.000000,7.000000,3.000000,71.000000,HarvestStat Africa v1.2,https://raw.githubusercontent.com/HarvestStat/HarvestStat-Africa/main/public/hvstat_africa_data_v1.2.csv,WFP HDX CHIRPS v2 dekadal indicators,https://data.humdata.org/dataset/ken-rainfall-subnational
Garissa,KE007,-0.520490,40.355590,1996,397.000000,677.000000,1.705290,Annual,0,18.000000,203.268040,240.279175,-15.403388,11.292669,10.896349,0.964905,3.000000,0.000000,11.000000,8.000000,92.000000,HarvestStat Africa v1.2,https://raw.githubusercontent.com/HarvestStat/HarvestStat-Africa/main/public/hvstat_africa_data_v1.2.csv,WFP HDX CHIRPS v2 dekadal indicators,https://data.humdata.org/dataset/ken-rainfall-subnational
Homa Bay,KE043,-0.562403,34.314532,1996,23612.000000,31145.094509,1.319037,Annual,0,18.000000,794.559643,734.102143,8.235571,44.142202,19.355471,0.438480,18.000000,6.000000,0.000000,0.000000,61.000000,HarvestStat Africa v1.2,https://raw.githubusercontent.com/HarvestStat/HarvestStat-Africa/main/public/hvstat_africa_data_v1.2.csv,WFP HDX CHIRPS v2 dekadal indicators,https://data.humdata.org/dataset/ken-rainfall-subnational
Isiolo,KE011,1.006385,38.747651,1996,1850.000000,1255.625563,0.678717,Annual,0,18.000000,85.942168,173.962088,-50.597185,4.774565,5.585927,1.169934,1.000000,0.000000,16.000000,8.000000,182.000000,HarvestStat Africa v1.2,https://raw.githubusercontent.com/HarvestStat/HarvestStat-Africa/main/public/hvstat_africa_data_v1.2.csv,WFP HDX CHIRPS v2 dekadal indicators,https://data.humdata.org/dataset/ken-rainfall-subnational
Kajiado,KE034,-2.112369,36.777606,1996,44800.000000,1946.000000,0.043437,Annual,0,18.000000,340.935390,373.466385,-8.710555,18.940855,20.901225,1.103500,5.000000,2.000000,7.000000,3.000000,71.000000,HarvestStat Africa v1.2,https://raw.githubusercontent.com/HarvestStat/HarvestStat-Africa/main/public/hvstat_africa_data_v1.2.csv,WFP HDX CHIRPS v2 dekadal indicators,https://data.humdata.org/dataset/ken-rainfall-subnational
Kakamega,KE037,0.497190,34.800929,1996,69588.000000,207052.385239,2.975404,Annual,0,18.000000,1024.136826,951.356143,7.650204,56.896490,25.571136,0.449433,18.000000,11.000000,0.000000,0.000000,61.000000,HarvestStat Africa v1.2,https://raw.githubusercontent.com/HarvestStat/HarvestStat-Africa/main/public/hvstat_africa_data_v1.2.csv,WFP HDX CHIRPS v2 dekadal indicators,https://data.humdata.org/dataset/ken-rainfall-subnational
Kericho,KE035,-0.316683,35.225997,1996,39700.000000,103627.000000,2.610252,Annual,0,18.000000,710.373139,795.027352,-10.647962,39.465174,17.190137,0.435577,13.000000,6.000000,0.000000,0.000000,71.000000,HarvestStat Africa v1.2,https://raw.githubusercontent.com/HarvestStat/HarvestStat-Africa/main/public/hvstat_africa_data_v1.2.csv,WFP HDX CHIRPS v2 dekadal indicators,https://data.humdata.org/dataset/ken-rainfall-subnational
Kiambu,KE022,-1.034385,36.843216,1996,17213.000000,26339.000000,1.530181,Annual,0,18.000000,522.500007,695.396027,-24.862958,29.027778,24.566674,0.846316,10.000000,2.000000,4.000000,2.000000,71.000000,HarvestStat Africa v1.2,https://raw.githubusercontent.com/HarvestStat/HarvestStat-Africa/main/public/hvstat_africa_data_v1.2.csv,WFP HDX CHIRPS v2 dekadal indicators,https://data.humdata.org/dataset/ken-rainfall-subnational
Kilifi,KE003,-3.152441,39.672708,1996,35322.000000,23722.729610,0.671613,Annual,0,18.000000,500.123761,488.607513,2.356953,27.784653,30.446768,1.095812,9.000000,2.000000,7.000000,6.000000,81.000000,HarvestStat Africa v1.2,https://raw.githubusercontent.com/HarvestStat/HarvestStat-Africa/main/public/hvstat_africa_data_v1.2.csv,WFP HDX CHIRPS v2 dekadal indicators,https://data.humdata.org/dataset/ken-rainfall-subnational
Kirinyaga,KE020,-0.467350,37.301902,1996,25690.000000,34685.000000,1.350136,Annual,0,18.000000,519.750007,646.759723,-19.637852,28.875000,22.759179,0.788197,9.000000,4.000000,4.000000,1.000000,71.000000,HarvestStat Africa v1.2,https://raw.githubusercontent.com/HarvestStat/HarvestStat-Africa/main/public/hvstat_africa_data_v1.2.csv,WFP HDX CHIRPS v2 dekadal indicators,https://data.humdata.org/dataset/ken-rainfall-subnational
Kisii,KE045,-0.736677,34.753510,1996,14545.000000,45821.332133,3.150315,Annual,0,18.000000,987.825000,925.845013,6.694424,54.879167,18.997950,0.346178,18.000000,9.000000,0.000000,0.000000,61.000000,HarvestStat Africa v1.2,https://raw.githubusercontent.com/HarvestStat/HarvestStat-Africa/main/public/hvstat_africa_data_v1.2.csv,WFP HDX CHIRPS v2 dekadal indicators,https://data.humdata.org/dataset/ken-rainfall-subnational
Kisumu,KE042,-0.194380,34.777329,1996,14540.000000,24304.680468,1.671574,Annual,0,18.000000,865.579709,816.425122,6.020710,48.087762,18.327191,0.381120,18.000000,7.000000,0.000000,0.000000,61.000000,HarvestStat Africa v1.2,https://raw.githubusercontent.com/HarvestStat/HarvestStat-Africa/main/public/hvstat_africa_data_v1.2.csv,WFP HDX CHIRPS v2 dekadal indicators,https://data.humdata.org/dataset/ken-rainfall-subnational
Kitui,KE015,-1.560490,38.371810,1996,83914.221422,35850.585059,0.427229,Annual,0,18.000000,210.821467,272.434005,-22.615583,11.712304,14.115678,1.205201,3.000000,0.000000,12.000000,4.000000,71.000000,HarvestStat Africa v1.2,https://raw.githubusercontent.com/HarvestStat/HarvestStat-Africa/main/public/hvstat_africa_data_v1.2.csv,WFP HDX CHIRPS v2 dekadal indicators,https://data.humdata.org/dataset/ken-rainfall-subnational
Kwale,KE002,-4.120591,39.066136,1996,14800.000000,16581.098110,1.120344,Annual,0,18.000000,601.877324,541.885007,11.071042,33.437629,43.071170,1.288105,9.000000,3.000000,7.000000,4.000000,71.000000,HarvestStat Africa v1.2,https://raw.githubusercontent.com/HarvestStat/HarvestStat-Africa/main/public/hvstat_africa_data_v1.2.csv,WFP HDX CHIRPS v2 dekadal indicators,https://data.humdata.org/dataset/ken-rainfall-subnational
Laikipia,KE031,0.289134,36.825248,1996,20250.000000,30981.000000,1.529926,Annual,0,18.000000,330.013248,361.774838,-8.779380,18.334069,16.756906,0.913976,5.000000,2.000000,9.000000,4.000000,81.000000,HarvestStat Africa v1.2,https://raw.githubusercontent.com/HarvestStat/HarvestStat-Africa/main/public/hvstat_africa_data_v1.2.csv,WFP HDX CHIRPS v2 dekadal indicators,https://data.humdata.org/dataset/ken-rainfall-subnational
Lamu,KE005,-2.063679,40.545830,1996,3484.000000,3470.117012,0.996015,Annual,0,18.000000,543.246306,534.602138,1.616935,30.180350,39.515954,1.309327,8.000000,3.000000,8.000000,8.000000,92.000000,HarvestStat Africa v1.2,https://raw.githubusercontent.com/HarvestStat/HarvestStat-Africa/main/public/hvstat_africa_data_v1.2.csv,WFP HDX CHIRPS v2 dekadal indicators,https://data.humdata.org/dataset/ken-rainfall-subnational
Machakos,KE016,-1.276237,37.394595,1996,163746.000000,81096.669667,0.495259,Annual,0,18.000000,303.714286,412.340392,-26.343795,16.873016,17.599428,1.043052,4.000000,2.000000,8.000000,3.000000,81.000000,HarvestStat Africa v1.2,https://raw.githubusercontent.com/HarvestStat/HarvestStat-Africa/main/public/hvstat_africa_data_v1.2.csv,WFP HDX CHIRPS v2 dekadal indicators,https://data.humdata.org/dataset/ken-rainfall-subnational
Makueni,KE017,-2.253637,37.876663,1996,68100.000000,60775.200000,0.892441,Annual,0,18.000000,299.073928,334.183265,-10.506013,16.615218,18.694283,1.125130,4.000000,3.000000,10.000000,4.000000,71.000000,HarvestStat Africa v1.2,https://raw.githubusercontent.com/HarvestStat/HarvestStat-Africa/main/public/hvstat_africa_data_v1.2.csv,WFP HDX CHIRPS v2 dekadal indicators,https://data.humdata.org/dataset/ken-rainfall-subnational
Mandera,KE009,3.230964,40.711346,1996,1368.000000,1231.000000,0.899854,Annual,0,18.000000,173.584322,189.924349,-8.603440,9.643573,11.830750,1.226801,4.000000,0.000000,12.000000,6.000000,92.000000,HarvestStat Africa v1.2,https://raw.githubusercontent.com/HarvestStat/HarvestStat-Africa/main/public/hvstat_africa_data_v1.2.csv,WFP HDX CHIRPS v2 dekadal indicators,https://data.humdata.org/dataset/ken-rainfall-subnational
Marsabit,KE010,2.860480,37.714884,1996,5400.000000,2082.675068,0.385681,Annual,0,18.000000,141.389325,184.486778,-23.360727,7.854962,7.407992,0.943097,2.000000,0.000000,12.000000,6.000000,182.000000,HarvestStat Africa v1.2,https://raw.githubusercontent.com/HarvestStat/HarvestStat-Africa/main/public/hvstat_africa_data_v1.2.csv,WFP HDX CHIRPS v2 dekadal indicators,https://data.humdata.org/dataset/ken-rainfall-subnational
Meru,KE012,0.229055,37.776111,1996,120900.000000,117061.690099,0.968252,Annual,0,18.000000,368.784139,524.441410,-29.680584,20.488008,18.976671,0.926233,6.000000,1.000000,6.000000,3.000000,71.000000,HarvestStat Africa v1.2,https://raw.githubusercontent.com/HarvestStat/HarvestStat-Africa/main/public/hvstat_africa_data_v1.2.csv,WFP HDX CHIRPS v2 dekadal indicators,https://data.humdata.org/dataset/ken-rainfall-subnational
Migori,KE044,-1.018704,34.309173,1996,29042.000000,61432.763276,2.115308,Annual,0,18.000000,747.022991,753.103059,-0.807335,41.501277,17.271538,0.416169,17.000000,6.000000,0.000000,0.000000,61.000000,HarvestStat Africa v1.2,https://raw.githubusercontent.com/HarvestStat/HarvestStat-Africa/main/public/hvstat_africa_data_v1.2.csv,WFP HDX CHIRPS v2 dekadal indicators,https://data.humdata.org/dataset/ken-rainfall-subnational
Mombasa,KE001,-3.990448,39.701130,1996,459.000000,545.994599,1.189531,Annual,0,18.000000,765.100000,734.479994,4.168937,42.505556,76.853399,1.808079,8.000000,4.000000,8.000000,6.000000,81.000000,HarvestStat Africa v1.2,https://raw.githubusercontent.com/HarvestStat/HarvestStat-Africa/main/public/hvstat_africa_data_v1.2.csv,WFP HDX CHIRPS v2 dekadal indicators,https://data.humdata.org/dataset/ken-rainfall-subnational
Murang'a,KE021,-0.828519,37.004173,1996,40050.000000,53429.000000,1.334057,Annual,0,18.000000,493.235297,695.837541,-29.116314,27.401961,21.868268,0.798055,9.000000,3.000000,5.000000,2.000000,71.000000,HarvestStat Africa v1.2,https://raw.githubusercontent.com/HarvestStat/HarvestStat-Africa/main/public/hvstat_africa_data_v1.2.csv,WFP HDX CHIRPS v2 dekadal indicators,https://data.humdata.org/dataset/ken-rainfall-subnational
Nakuru,KE032,-0.458448,36.100384,1996,65540.000000,101170.000000,1.543637,Annual,0,18.000000,445.663867,535.090196,-16.712384,24.759104,17.009609,0.687004,9.000000,2.000000,4.000000,3.000000,81.000000,HarvestStat Africa v1.2,https://raw.githubusercontent.com/HarvestStat/HarvestStat-Africa/main/public/hvstat_africa_data_v1.2.csv,WFP HDX CHIRPS v2 dekadal indicators,https://data.humdata.org/dataset/ken-rainfall-subnational
Nandi,KE029,0.227352,35.123876,1996,59740.000000,123672.000000,2.070171,Annual,0,18.000000,753.846150,819.099630,-7.966489,41.880342,18.312976,0.437269,14.000000,9.000000,0.000000,0.000000,71.000000,HarvestStat Africa v1.2,https://raw.githubusercontent.com/HarvestStat/HarvestStat-Africa/main/public/hvstat_africa_data_v1.2.csv,WFP HDX CHIRPS v2 dekadal indicators,https://data.humdata.org/dataset/ken-rainfall-subnational
Narok,KE033,-1.279878,35.476358,1996,52202.000000,88323.000000,1.691947,Annual,0,18.000000,550.885083,591.197598,-6.818789,30.604727,16.467208,0.538061,13.000000,3.000000,0.000000,0.000000,71.000000,HarvestStat Africa v1.2,https://raw.githubusercontent.com/HarvestStat/HarvestStat-Africa/main/public/hvstat_africa_data_v1.2.csv,WFP HDX CHIRPS v2 dekadal indicators,https://data.humdata.org/dataset/ken-rainfall-subnational
Nyamira,KE046,-0.649378,34.933398,1996,27300.000000,66993.699370,2.453982,Annual,0,18.000000,991.448273,912.716100,8.626140,55.080460,21.912523,0.397828,18.000000,9.000000,0.000000,0.000000,61.000000,HarvestStat Africa v1.2,https://raw.githubusercontent.com/HarvestStat/HarvestStat-Africa/main/public/hvstat_africa_data_v1.2.csv,WFP HDX CHIRPS v2 dekadal indicators,https://data.humdata.org/dataset/ken-rainfall-subnational
Nyandarua,KE018,-0.389093,36.497431,1996,17194.000000,23235.000000,1.351343,Annual,0,18.000000,502.972216,598.538580,-15.966617,27.942901,21.363004,0.764523,9.000000,3.000000,4.000000,2.000000,81.000000,HarvestStat Africa v1.2,https://raw.githubusercontent.com/HarvestStat/HarvestStat-Africa/main/public/hvstat_africa_data_v1.2.csv,WFP HDX CHIRPS v2 dekadal indicators,https://data.humdata.org/dataset/ken-rainfall-subnational
Nyeri,KE019,-0.314375,36.930473,1996,21500.000000,27093.000000,1.260140,Annual,0,18.000000,519.018180,644.133946,-19.423874,28.834343,17.922148,0.621556,12.000000,3.000000,4.000000,1.000000,71.000000,HarvestStat Africa v1.2,https://raw.githubusercontent.com/HarvestStat/HarvestStat-Africa/main/public/hvstat_africa_data_v1.2.csv,WFP HDX CHIRPS v2 dekadal indicators,https://data.humdata.org/dataset/ken-rainfall-subnational
Samburu,KE025,1.541373,36.941540,1996,2000.000000,1764.000000,0.882000,Annual,0,18.000000,218.216057,270.988171,-19.473955,12.123114,10.894533,0.898658,3.000000,0.000000,11.000000,4.000000,81.000000,HarvestStat Africa v1.2,https://raw.githubusercontent.com/HarvestStat/HarvestStat-Africa/main/public/hvstat_africa_data_v1.2.csv,WFP HDX CHIRPS v2 dekadal indicators,https://data.humdata.org/dataset/ken-rainfall-subnational
Siaya,KE041,-0.057674,34.199887,1996,56179.000000,56861.386139,1.012147,Annual,0,18.000000,919.037498,811.195420,13.294217,51.057639,24.566304,0.481148,17.000000,8.000000,0.000000,0.000000,61.000000,HarvestStat Africa v1.2,https://raw.githubusercontent.com/HarvestStat/HarvestStat-Africa/main/public/hvstat_africa_data_v1.2.csv,WFP HDX CHIRPS v2 dekadal indicators,https://data.humdata.org/dataset/ken-rainfall-subnational
Taita Taveta,KE006,-3.405203,38.371760,1996,6488.000000,7765.346535,1.196878,Annual,0,18.000000,327.778966,310.607723,5.528273,18.209943,17.457312,0.958669,6.000000,2.000000,8.000000,4.000000,71.000000,HarvestStat Africa v1.2,https://raw.githubusercontent.com/HarvestStat/HarvestStat-Africa/main/public/hvstat_africa_data_v1.2.csv,WFP HDX CHIRPS v2 dekadal indicators,https://data.humdata.org/dataset/ken-rainfall-subnational
Tana River,KE004,-1.534918,39.550288,1996,1076.000000,1505.040504,1.398737,Annual,0,18.000000,174.970853,192.080568,-8.907572,9.720603,8.615382,0.886301,3.000000,0.000000,12.000000,7.000000,71.000000,HarvestStat Africa v1.2,https://raw.githubusercontent.com/HarvestStat/HarvestStat-Africa/main/public/hvstat_africa_data_v1.2.csv,WFP HDX CHIRPS v2 dekadal indicators,https://data.humdata.org/dataset/ken-rainfall-subnational
Tharaka-Nithi,KE013,-0.191445,37.960417,1996,3533.400000,3816.446445,1.080106,Annual,0,18.000000,381.404760,547.091662,-30.285035,21.189153,21.322722,1.006304,6.000000,2.000000,7.000000,3.000000,71.000000,HarvestStat Africa v1.2,https://raw.githubusercontent.com/HarvestStat/HarvestStat-Africa/main/public/hvstat_africa_data_v1.2.csv,WFP HDX CHIRPS v2 dekadal indicators,https://data.humdata.org/dataset/ken-rainfall-subnational
Trans Nzoia,KE026,1.045915,34.980778,1996,63400.000000,159298.000000,2.512587,Annual,0,18.000000,657.088618,634.237966,3.602851,36.504923,20.085100,0.550202,13.000000,6.000000,0.000000,0.000000,71.000000,HarvestStat Africa v1.2,https://raw.githubusercontent.com/HarvestStat/HarvestStat-Africa/main/public/hvstat_africa_data_v1.2.csv,WFP HDX CHIRPS v2 dekadal indicators,https://data.humdata.org/dataset/ken-rainfall-subnational
Turkana,KE023,3.162488,35.313492,1996,480.000000,225.000000,0.468750,Annual,0,18.000000,178.166490,172.177661,3.478285,9.898138,8.705496,0.879508,3.000000,0.000000,12.000000,7.000000,81.000000,HarvestStat Africa v1.2,https://raw.githubusercontent.com/HarvestStat/HarvestStat-Africa/main/public/hvstat_africa_data_v1.2.csv,WFP HDX CHIRPS v2 dekadal indicators,https://data.humdata.org/dataset/ken-rainfall-subnational
Uasin Gishu,KE027,0.478188,35.303799,1996,52500.000000,101823.000000,1.939486,Annual,0,18.000000,570.945945,606.721928,-5.896603,31.719219,19.421913,0.612307,11.000000,4.000000,3.000000,1.000000,71.000000,HarvestStat Africa v1.2,https://raw.githubusercontent.com/HarvestStat/HarvestStat-Africa/main/public/hvstat_africa_data_v1.2.csv,WFP HDX CHIRPS v2 dekadal indicators,https://data.humdata.org/dataset/ken-rainfall-subnational
Vihiga,KE038,0.084857,34.707784,1996,14900.000000,26822.682268,1.800180,Annual,0,18.000000,1104.578952,1006.033351,9.795461,61.365497,27.078215,0.441261,18.000000,10.000000,0.000000,0.000000,61.000000,HarvestStat Africa v1.2,https://raw.githubusercontent.com/HarvestStat/HarvestStat-Africa/main/public/hvstat_africa_data_v1.2.csv,WFP HDX CHIRPS v2 dekadal indicators,https://data.humdata.org/dataset/ken-rainfall-subnational
Wajir,KE008,1.939715,40.024507,1996,843.200000,766.200000,0.908681,Annual,0,18.000000,130.072469,193.539230,-32.792711,7.226248,8.091252,1.119703,1.000000,0.000000,13.000000,8.000000,92.000000,HarvestStat Africa v1.2,https://raw.githubusercontent.com/HarvestStat/HarvestStat-Africa/main/public/hvstat_africa_data_v1.2.csv,WFP HDX CHIRPS v2 dekadal indicators,https://data.humdata.org/dataset/ken-rainfall-subnational
West Pokot,KE024,1.893374,35.212768,1996,24000.000000,34599.000000,1.441625,Annual,0,18.000000,469.255099,443.095810,5.903755,26.069728,18.009366,0.690815,9.000000,2.000000,4.000000,2.000000,71.000000,HarvestStat Africa v1.2,https://raw.githubusercontent.com/HarvestStat/HarvestStat-Africa/main/public/hvstat_africa_data_v1.2.csv,WFP HDX CHIRPS v2 dekadal indicators,https://data.humdata.org/dataset/ken-rainfall-subnational
Baringo,KE030,0.726352,36.018591,1997,20200.000000,42314.310000,2.094768,Annual,0,18.000000,473.230762,465.744538,1.607367,26.290598,34.881345,1.326761,7.000000,2.000000,8.000000,8.000000,80.000000,HarvestStat Africa v1.2,https://raw.githubusercontent.com/HarvestStat/HarvestStat-Africa/main/public/hvstat_africa_data_v1.2.csv,WFP HDX CHIRPS v2 dekadal indicators,https://data.humdata.org/dataset/ken-rainfall-subnational
Bomet,KE036,-0.716095,35.238459,1997,31400.000000,8226.000000,0.261975,Annual,0,18.000000,680.852635,842.724213,-19.208132,37.825146,34.672009,0.916639,10.000000,6.000000,7.000000,5.000000,80.000000,HarvestStat Africa v1.2,https://raw.githubusercontent.com/HarvestStat/HarvestStat-Africa/main/public/hvstat_africa_data_v1.2.csv,WFP HDX CHIRPS v2 dekadal indicators,https://data.humdata.org/dataset/ken-rainfall-subnational
Bungoma,KE039,0.785694,34.718757,1997,70888.000000,176848.514851,2.494760,Annual,0,18.000000,802.979992,854.742337,-6.055900,44.610000,42.967680,0.963185,11.000000,6.000000,5.000000,5.000000,80.000000,HarvestStat Africa v1.2,https://raw.githubusercontent.com/HarvestStat/HarvestStat-Africa/main/public/hvstat_africa_data_v1.2.csv,WFP HDX CHIRPS v2 dekadal indicators,https://data.humdata.org/dataset/ken-rainfall-subnational
Busia,KE040,0.375707,34.265111,1997,20356.000000,27861.656166,1.368720,Annual,0,18.000000,756.692313,900.425645,-15.962821,42.038462,39.069183,0.929368,11.000000,7.000000,5.000000,5.000000,80.000000,HarvestStat Africa v1.2,https://raw.githubusercontent.com/HarvestStat/HarvestStat-Africa/main/public/hvstat_africa_data_v1.2.csv,WFP HDX CHIRPS v2 dekadal indicators,https://data.humdata.org/dataset/ken-rainfall-subnational
Elgeyo-Marakwet,KE028,0.745102,35.560856,1997,30515.000000,85777.270000,2.810987,Annual,0,18.000000,630.313143,657.566659,-4.144601,35.017397,44.640993,1.274823,7.000000,4.000000,7.000000,7.000000,80.000000,HarvestStat Africa v1.2,https://raw.githubusercontent.com/HarvestStat/HarvestStat-Africa/main/public/hvstat_africa_data_v1.2.csv,WFP HDX CHIRPS v2 dekadal indicators,https://data.humdata.org/dataset/ken-rainfall-subnational
Embu,KE014,-0.532830,37.664629,1997,33700.000000,31300.650225,0.928803,Annual,0,18.000000,657.406583,525.286081,25.152104,36.522588,57.174887,1.565466,5.000000,5.000000,11.000000,8.000000,80.000000,HarvestStat Africa v1.2,https://raw.githubusercontent.com/HarvestStat/HarvestStat-Africa/main/public/hvstat_africa_data_v1.2.csv,WFP HDX CHIRPS v2 dekadal indicators,https://data.humdata.org/dataset/ken-rainfall-subnational
Garissa,KE007,-0.520490,40.355590,1997,660.000000,1060.000000,1.606061,Annual,0,18.000000,365.390378,240.279175,52.069099,20.299465,20.478830,1.008836,8.000000,3.000000,8.000000,8.000000,80.000000,HarvestStat Africa v1.2,https://raw.githubusercontent.com/HarvestStat/HarvestStat-Africa/main/public/hvstat_africa_data_v1.2.csv,WFP HDX CHIRPS v2 dekadal indicators,https://data.humdata.org/dataset/ken-rainfall-subnational
Homa Bay,KE043,-0.562403,34.314532,1997,22276.000000,33862.466247,1.520132,Annual,0,18.000000,603.256879,734.102143,-17.823850,33.514271,29.524152,0.880943,12.000000,4.000000,6.000000,5.000000,80.000000,HarvestStat Africa v1.2,https://raw.githubusercontent.com/HarvestStat/HarvestStat-Africa/main/public/hvstat_africa_data_v1.2.csv,WFP HDX CHIRPS v2 dekadal indicators,https://data.humdata.org/dataset/ken-rainfall-subnational
Isiolo,KE011,1.006385,38.747651,1997,1650.000000,438.343834,0.265663,Annual,0,18.000000,284.142169,173.962088,63.335686,15.785676,24.488045,1.551283,4.000000,4.000000,13.000000,8.000000,80.000000,HarvestStat Africa v1.2,https://raw.githubusercontent.com/HarvestStat/HarvestStat-Africa/main/public/hvstat_africa_data_v1.2.csv,WFP HDX CHIRPS v2 dekadal indicators,https://data.humdata.org/dataset/ken-rainfall-subnational
Kajiado,KE034,-2.112369,36.777606,1997,9300.000000,21084.750000,2.267177,Annual,0,18.000000,335.852532,373.466385,-10.071550,18.658474,25.304933,1.356217,6.000000,2.000000,12.000000,8.000000,80.000000,HarvestStat Africa v1.2,https://raw.githubusercontent.com/HarvestStat/HarvestStat-Africa/main/public/hvstat_africa_data_v1.2.csv,WFP HDX CHIRPS v2 dekadal indicators,https://data.humdata.org/dataset/ken-rainfall-subnational
Kakamega,KE037,0.497190,34.800929,1997,70498.000000,225020.342034,3.191868,Annual,0,18.000000,866.757899,951.356143,-8.892384,48.153217,44.118112,0.916203,11.000000,8.000000,5.000000,5.000000,80.000000,HarvestStat Africa v1.2,https://raw.githubusercontent.com/HarvestStat/HarvestStat-Africa/main/public/hvstat_africa_data_v1.2.csv,WFP HDX CHIRPS v2 dekadal indicators,https://data.humdata.org/dataset/ken-rainfall-subnational
Kericho,KE035,-0.316683,35.225997,1997,40400.000000,127170.000000,3.147772,Annual,0,18.000000,677.283568,795.027352,-14.810029,37.626865,40.128639,1.066489,11.000000,4.000000,6.000000,5.000000,80.000000,HarvestStat Africa v1.2,https://raw.githubusercontent.com/HarvestStat/HarvestStat-Africa/main/public/hvstat_africa_data_v1.2.csv,WFP HDX CHIRPS v2 dekadal indicators,https://data.humdata.org/dataset/ken-rainfall-subnational
Kiambu,KE022,-1.034385,36.843216,1997,17706.000000,12916.000000,0.729470,Annual,0,18.000000,721.428585,695.396027,3.743558,40.079366,58.043944,1.448225,6.000000,5.000000,10.000000,8.000000,80.000000,HarvestStat Africa v1.2,https://raw.githubusercontent.com/HarvestStat/HarvestStat-Africa/main/public/hvstat_africa_data_v1.2.csv,WFP HDX CHIRPS v2 dekadal indicators,https://data.humdata.org/dataset/ken-rainfall-subnational
Kilifi,KE003,-3.152441,39.672708,1997,17844.000000,13984.200000,0.783692,Annual,0,18.000000,601.178217,488.607513,23.039086,33.398790,37.779045,1.131150,8.000000,5.000000,8.000000,8.000000,91.000000,HarvestStat Africa v1.2,https://raw.githubusercontent.com/HarvestStat/HarvestStat-Africa/main/public/hvstat_africa_data_v1.2.csv,WFP HDX CHIRPS v2 dekadal indicators,https://data.humdata.org/dataset/ken-rainfall-subnational
Kirinyaga,KE020,-0.467350,37.301902,1997,24090.000000,26060.000000,1.081777,Annual,0,18.000000,722.833335,646.759723,11.762268,40.157408,56.311578,1.402271,5.000000,5.000000,8.000000,8.000000,80.000000,HarvestStat Africa v1.2,https://raw.githubusercontent.com/HarvestStat/HarvestStat-Africa/main/public/hvstat_africa_data_v1.2.csv,WFP HDX CHIRPS v2 dekadal indicators,https://data.humdata.org/dataset/ken-rainfall-subnational
Kisii,KE045,-0.736677,34.753510,1997,29528.000000,84345.634563,2.856463,Annual,0,18.000000,698.375010,925.845013,-24.568907,38.798612,31.736116,0.817970,12.000000,6.000000,5.000000,5.000000,80.000000,HarvestStat Africa v1.2,https://raw.githubusercontent.com/HarvestStat/HarvestStat-Africa/main/public/hvstat_africa_data_v1.2.csv,WFP HDX CHIRPS v2 dekadal indicators,https://data.humdata.org/dataset/ken-rainfall-subnational
Kisumu,KE042,-0.194380,34.777329,1997,13450.000000,31043.744374,2.308085,Annual,0,18.000000,719.594202,816.425122,-11.860355,39.977456,37.554298,0.939387,12.000000,6.000000,4.000000,4.000000,80.000000,HarvestStat Africa v1.2,https://raw.githubusercontent.com/HarvestStat/HarvestStat-Africa/main/public/hvstat_africa_data_v1.2.csv,WFP HDX CHIRPS v2 dekadal indicators,https://data.humdata.org/dataset/ken-rainfall-subnational
Kitui,KE015,-1.560490,38.371810,1997,62640.864086,12977.497750,0.207173,Annual,0,18.000000,352.329993,272.434005,29.326731,19.573888,31.416069,1.604999,5.000000,2.000000,13.000000,8.000000,80.000000,HarvestStat Africa v1.2,https://raw.githubusercontent.com/HarvestStat/HarvestStat-Africa/main/public/hvstat_africa_data_v1.2.csv,WFP HDX CHIRPS v2 dekadal indicators,https://data.humdata.org/dataset/ken-rainfall-subnational
Kwale,KE002,-4.120591,39.066136,1997,7968.000000,10057.425743,1.262227,Annual,0,18.000000,617.085502,541.885007,13.877575,34.282528,43.299906,1.263031,10.000000,3.000000,8.000000,8.000000,91.000000,HarvestStat Africa v1.2,https://raw.githubusercontent.com/HarvestStat/HarvestStat-Africa/main/public/hvstat_africa_data_v1.2.csv,WFP HDX CHIRPS v2 dekadal indicators,https://data.humdata.org/dataset/ken-rainfall-subnational
Laikipia,KE031,0.289134,36.825248,1997,20900.000000,37170.000000,1.778469,Annual,0,18.000000,425.092727,361.774838,17.502016,23.616263,29.245689,1.238371,6.000000,4.000000,9.000000,8.000000,80.000000,HarvestStat Africa v1.2,https://raw.githubusercontent.com/HarvestStat/HarvestStat-Africa/main/public/hvstat_africa_data_v1.2.csv,WFP HDX CHIRPS v2 dekadal indicators,https://data.humdata.org/dataset/ken-rainfall-subnational
Lamu,KE005,-2.063679,40.545830,1997,3346.000000,4016.831683,1.200488,Annual,0,18.000000,750.172415,534.602138,40.323497,41.676245,45.802104,1.098998,10.000000,6.000000,8.000000,8.000000,80.000000,HarvestStat Africa v1.2,https://raw.githubusercontent.com/HarvestStat/HarvestStat-Africa/main/public/hvstat_africa_data_v1.2.csv,WFP HDX CHIRPS v2 dekadal indicators,https://data.humdata.org/dataset/ken-rainfall-subnational
Machakos,KE016,-1.276237,37.394595,1997,153000.000000,27002.700270,0.176488,Annual,0,18.000000,450.743848,412.340392,9.313533,25.041325,39.881985,1.592647,5.000000,4.000000,13.000000,8.000000,80.000000,HarvestStat Africa v1.2,https://raw.githubusercontent.com/HarvestStat/HarvestStat-Africa/main/public/hvstat_africa_data_v1.2.csv,WFP HDX CHIRPS v2 dekadal indicators,https://data.humdata.org/dataset/ken-rainfall-subnational
Makueni,KE017,-2.253637,37.876663,1997,71520.000000,19643.000000,0.274650,Annual,0,18.000000,317.723735,334.183265,-4.925300,17.651319,26.952143,1.526919,5.000000,2.000000,13.000000,8.000000,80.000000,HarvestStat Africa v1.2,https://raw.githubusercontent.com/HarvestStat/HarvestStat-Africa/main/public/hvstat_africa_data_v1.2.csv,WFP HDX CHIRPS v2 dekadal indicators,https://data.humdata.org/dataset/ken-rainfall-subnational
Mandera,KE009,3.230964,40.711346,1997,1215.000000,925.000000,0.761317,Annual,0,18.000000,270.190024,189.924349,42.261920,15.010557,26.274748,1.750418,4.000000,2.000000,13.000000,8.000000,80.000000,HarvestStat Africa v1.2,https://raw.githubusercontent.com/HarvestStat/HarvestStat-Africa/main/public/hvstat_africa_data_v1.2.csv,WFP HDX CHIRPS v2 dekadal indicators,https://data.humdata.org/dataset/ken-rainfall-subnational
Marsabit,KE010,2.860480,37.714884,1997,6400.000000,2340.122412,0.365644,Annual,0,18.000000,230.567275,184.486778,24.977669,12.809293,21.653637,1.690463,4.000000,2.000000,13.000000,8.000000,80.000000,HarvestStat Africa v1.2,https://raw.githubusercontent.com/HarvestStat/HarvestStat-Africa/main/public/hvstat_africa_data_v1.2.csv,WFP HDX CHIRPS v2 dekadal indicators,https://data.humdata.org/dataset/ken-rainfall-subnational
Meru,KE012,0.229055,37.776111,1997,126357.000000,70466.696670,0.557679,Annual,0,18.000000,690.251107,524.441410,31.616439,38.347284,56.444939,1.471941,5.000000,5.000000,11.000000,8.000000,80.000000,HarvestStat Africa v1.2,https://raw.githubusercontent.com/HarvestStat/HarvestStat-Africa/main/public/hvstat_africa_data_v1.2.csv,WFP HDX CHIRPS v2 dekadal indicators,https://data.humdata.org/dataset/ken-rainfall-subnational
Migori,KE044,-1.018704,34.309173,1997,28415.000000,62639.513951,2.204452,Annual,0,18.000000,581.160915,753.103059,-22.831157,32.286718,27.311589,0.845908,10.000000,4.000000,5.000000,5.000000,80.000000,HarvestStat Africa v1.2,https://raw.githubusercontent.com/HarvestStat/HarvestStat-Africa/main/public/hvstat_africa_data_v1.2.csv,WFP HDX CHIRPS v2 dekadal indicators,https://data.humdata.org/dataset/ken-rainfall-subnational
Mombasa,KE001,-3.990448,39.701130,1997,188.000000,308.370837,1.640270,Annual,0,18.000000,867.200000,734.479994,18.069928,48.177778,65.154104,1.352368,9.000000,6.000000,8.000000,8.000000,91.000000,HarvestStat Africa v1.2,https://raw.githubusercontent.com/HarvestStat/HarvestStat-Africa/main/public/hvstat_africa_data_v1.2.csv,WFP HDX CHIRPS v2 dekadal indicators,https://data.humdata.org/dataset/ken-rainfall-subnational
Murang'a,KE021,-0.828519,37.004173,1997,37171.000000,27299.000000,0.734417,Annual,0,18.000000,807.302521,695.837541,16.018822,44.850140,69.927751,1.559142,6.000000,5.000000,9.000000,8.000000,80.000000,HarvestStat Africa v1.2,https://raw.githubusercontent.com/HarvestStat/HarvestStat-Africa/main/public/hvstat_africa_data_v1.2.csv,WFP HDX CHIRPS v2 dekadal indicators,https://data.humdata.org/dataset/ken-rainfall-subnational
Nakuru,KE032,-0.458448,36.100384,1997,61508.000000,153770.000000,2.500000,Annual,0,18.000000,520.067220,535.090196,-2.807559,28.892623,32.269852,1.116889,7.000000,3.000000,8.000000,8.000000,80.000000,HarvestStat Africa v1.2,https://raw.githubusercontent.com/HarvestStat/HarvestStat-Africa/main/public/hvstat_africa_data_v1.2.csv,WFP HDX CHIRPS v2 dekadal indicators,https://data.humdata.org/dataset/ken-rainfall-subnational
Nandi,KE029,0.227352,35.123876,1997,60000.000000,205200.000000,3.420000,Annual,0,18.000000,754.384621,819.099630,-7.900749,41.910257,44.081034,1.051796,10.000000,5.000000,4.000000,4.000000,80.000000,HarvestStat Africa v1.2,https://raw.githubusercontent.com/HarvestStat/HarvestStat-Africa/main/public/hvstat_africa_data_v1.2.csv,WFP HDX CHIRPS v2 dekadal indicators,https://data.humdata.org/dataset/ken-rainfall-subnational
Narok,KE033,-1.279878,35.476358,1997,43300.000000,72126.000000,1.665727,Annual,0,18.000000,557.054894,591.197598,-5.775176,30.947494,28.945759,0.935318,9.000000,5.000000,4.000000,3.000000,80.000000,HarvestStat Africa v1.2,https://raw.githubusercontent.com/HarvestStat/HarvestStat-Africa/main/public/hvstat_africa_data_v1.2.csv,WFP HDX CHIRPS v2 dekadal indicators,https://data.humdata.org/dataset/ken-rainfall-subnational
Nyamira,KE046,-0.649378,34.933398,1997,26723.000000,64611.431143,2.417821,Annual,0,18.000000,705.655167,912.716100,-22.686236,39.203065,34.877067,0.889652,11.000000,5.000000,5.000000,5.000000,80.000000,HarvestStat Africa v1.2,https://raw.githubusercontent.com/HarvestStat/HarvestStat-Africa/main/public/hvstat_africa_data_v1.2.csv,WFP HDX CHIRPS v2 dekadal indicators,https://data.humdata.org/dataset/ken-rainfall-subnational
Nyandarua,KE018,-0.389093,36.497431,1997,14420.000000,23071.000000,1.599931,Annual,0,18.000000,629.148148,598.538580,5.114051,34.952675,37.802684,1.081539,8.000000,5.000000,8.000000,8.000000,80.000000,HarvestStat Africa v1.2,https://raw.githubusercontent.com/HarvestStat/HarvestStat-Africa/main/public/hvstat_africa_data_v1.2.csv,WFP HDX CHIRPS v2 dekadal indicators,https://data.humdata.org/dataset/ken-rainfall-subnational
Nyeri,KE019,-0.314375,36.930473,1997,21950.000000,14311.000000,0.651982,Annual,0,18.000000,671.418181,644.133946,4.235801,37.301010,43.968012,1.178735,6.000000,5.000000,7.000000,6.000000,80.000000,HarvestStat Africa v1.2,https://raw.githubusercontent.com/HarvestStat/HarvestStat-Africa/main/public/hvstat_africa_data_v1.2.csv,WFP HDX CHIRPS v2 dekadal indicators,https://data.humdata.org/dataset/ken-rainfall-subnational
Samburu,KE025,1.541373,36.941540,1997,1860.000000,3348.000000,1.800000,Annual,0,18.000000,318.999999,270.988171,17.717315,17.722222,27.870151,1.572610,5.000000,2.000000,13.000000,8.000000,80.000000,HarvestStat Africa v1.2,https://raw.githubusercontent.com/HarvestStat/HarvestStat-Africa/main/public/hvstat_africa_data_v1.2.csv,WFP HDX CHIRPS v2 dekadal indicators,https://data.humdata.org/dataset/ken-rainfall-subnational
Siaya,KE041,-0.057674,34.199887,1997,57826.000000,48834.653465,0.844510,Annual,0,18.000000,734.125002,811.195420,-9.500845,40.784722,37.758595,0.925802,11.000000,6.000000,4.000000,4.000000,80.000000,HarvestStat Africa v1.2,https://raw.githubusercontent.com/HarvestStat/HarvestStat-Africa/main/public/hvstat_africa_data_v1.2.csv,WFP HDX CHIRPS v2 dekadal indicators,https://data.humdata.org/dataset/ken-rainfall-subnational
Taita Taveta,KE006,-3.405203,38.371760,1997,6376.600000,6843.564356,1.073231,Annual,0,18.000000,296.041000,310.607723,-4.689749,16.446722,21.570455,1.311535,5.000000,2.000000,12.000000,8.000000,80.000000,HarvestStat Africa v1.2,https://raw.githubusercontent.com/HarvestStat/HarvestStat-Africa/main/public/hvstat_africa_data_v1.2.csv,WFP HDX CHIRPS v2 dekadal indicators,https://data.humdata.org/dataset/ken-rainfall-subnational
Tana River,KE004,-1.534918,39.550288,1997,929.000000,1036.093609,1.115278,Annual,0,18.000000,252.271258,192.080568,31.336168,14.015070,16.579474,1.182975,5.000000,1.000000,13.000000,8.000000,80.000000,HarvestStat Africa v1.2,https://raw.githubusercontent.com/HarvestStat/HarvestStat-Africa/main/public/hvstat_africa_data_v1.2.csv,WFP HDX CHIRPS v2 dekadal indicators,https://data.humdata.org/dataset/ken-rainfall-subnational
Tharaka-Nithi,KE013,-0.191445,37.960417,1997,2430.000000,3256.100000,1.339959,Annual,0,18.000000,751.297617,547.091662,37.325730,41.738756,66.601975,1.595687,5.000000,5.000000,11.000000,8.000000,80.000000,HarvestStat Africa v1.2,https://raw.githubusercontent.com/HarvestStat/HarvestStat-Africa/main/public/hvstat_africa_data_v1.2.csv,WFP HDX CHIRPS v2 dekadal indicators,https://data.humdata.org/dataset/ken-rainfall-subnational
Trans Nzoia,KE026,1.045915,34.980778,1997,64500.000000,226395.000000,3.510000,Annual,0,18.000000,631.506328,634.237966,-0.430696,35.083685,37.179651,1.059742,9.000000,4.000000,7.000000,7.000000,80.000000,HarvestStat Africa v1.2,https://raw.githubusercontent.com/HarvestStat/HarvestStat-Africa/main/public/hvstat_africa_data_v1.2.csv,WFP HDX CHIRPS v2 dekadal indicators,https://data.humdata.org/dataset/ken-rainfall-subnational
Turkana,KE023,3.162488,35.313492,1997,856.000000,1908.000000,2.228972,Annual,0,18.000000,179.362674,172.177661,4.173023,9.964593,13.909599,1.395902,3.000000,0.000000,13.000000,8.000000,80.000000,HarvestStat Africa v1.2,https://raw.githubusercontent.com/HarvestStat/HarvestStat-Africa/main/public/hvstat_africa_data_v1.2.csv,WFP HDX CHIRPS v2 dekadal indicators,https://data.humdata.org/dataset/ken-rainfall-subnational
Uasin Gishu,KE027,0.478188,35.303799,1997,53700.000000,183654.000000,3.420000,Annual,0,18.000000,610.117119,606.721928,0.559596,33.895395,42.277476,1.247293,8.000000,4.000000,7.000000,6.000000,80.000000,HarvestStat Africa v1.2,https://raw.githubusercontent.com/HarvestStat/HarvestStat-Africa/main/public/hvstat_africa_data_v1.2.csv,WFP HDX CHIRPS v2 dekadal indicators,https://data.humdata.org/dataset/ken-rainfall-subnational
Vihiga,KE038,0.084857,34.707784,1997,22700.000000,35796.579658,1.576942,Annual,0,18.000000,904.105265,1006.033351,-10.131681,50.228070,46.473121,0.925242,12.000000,7.000000,4.000000,4.000000,80.000000,HarvestStat Africa v1.2,https://raw.githubusercontent.com/HarvestStat/HarvestStat-Africa/main/public/hvstat_africa_data_v1.2.csv,WFP HDX CHIRPS v2 dekadal indicators,https://data.humdata.org/dataset/ken-rainfall-subnational
Wajir,KE008,1.939715,40.024507,1997,843.200000,766.000000,0.908444,Annual,0,18.000000,294.696052,193.539230,52.266831,16.372003,26.931017,1.644943,5.000000,2.000000,13.000000,8.000000,80.000000,HarvestStat Africa v1.2,https://raw.githubusercontent.com/HarvestStat/HarvestStat-Africa/main/public/hvstat_africa_data_v1.2.csv,WFP HDX CHIRPS v2 dekadal indicators,https://data.humdata.org/dataset/ken-rainfall-subnational
West Pokot,KE024,1.893374,35.212768,1997,23000.000000,43470.000000,1.890000,Annual,0,18.000000,481.000004,443.095810,8.554401,26.722222,33.565355,1.256084,6.000000,3.000000,8.000000,8.000000,80.000000,HarvestStat Africa v1.2,https://raw.githubusercontent.com/HarvestStat/HarvestStat-Africa/main/public/hvstat_africa_data_v1.2.csv,WFP HDX CHIRPS v2 dekadal indicators,https://data.humdata.org/dataset/ken-rainfall-subnational
Baringo,KE030,0.726352,36.018591,1998,15000.000000,15219.000000,1.014600,Annual,0,18.000000,530.792025,465.744538,13.966344,29.488446,20.148228,0.683258,10.000000,4.000000,3.000000,1.000000,91.000000,HarvestStat Africa v1.2,https://raw.githubusercontent.com/HarvestStat/HarvestStat-Africa/main/public/hvstat_africa_data_v1.2.csv,WFP HDX CHIRPS v2 dekadal indicators,https://data.humdata.org/dataset/ken-rainfall-subnational
Bomet,KE036,-0.716095,35.238459,1998,29100.000000,52740.000000,1.812371,Annual,0,18.000000,990.936838,842.724213,17.587323,55.052047,35.578846,0.646277,16.000000,8.000000,2.000000,1.000000,91.000000,HarvestStat Africa v1.2,https://raw.githubusercontent.com/HarvestStat/HarvestStat-Africa/main/public/hvstat_africa_data_v1.2.csv,WFP HDX CHIRPS v2 dekadal indicators,https://data.humdata.org/dataset/ken-rainfall-subnational
Bungoma,KE039,0.785694,34.718757,1998,75210.410317,173752.841674,2.310223,Annual,0,18.000000,848.160001,854.742337,-0.770096,47.120000,28.662592,0.608289,15.000000,8.000000,3.000000,1.000000,80.000000,HarvestStat Africa v1.2,https://raw.githubusercontent.com/HarvestStat/HarvestStat-Africa/main/public/hvstat_africa_data_v1.2.csv,WFP HDX CHIRPS v2 dekadal indicators,https://data.humdata.org/dataset/ken-rainfall-subnational
Busia,KE040,0.375707,34.265111,1998,21597.211269,27373.947339,1.267476,Annual,0,18.000000,981.173081,900.425645,8.967696,54.509616,33.657459,0.617459,15.000000,9.000000,2.000000,1.000000,80.000000,HarvestStat Africa v1.2,https://raw.githubusercontent.com/HarvestStat/HarvestStat-Africa/main/public/hvstat_africa_data_v1.2.csv,WFP HDX CHIRPS v2 dekadal indicators,https://data.humdata.org/dataset/ken-rainfall-subnational
Elgeyo-Marakwet,KE028,0.745102,35.560856,1998,37000.000000,98280.000000,2.656216,Annual,0,18.000000,665.616158,657.566659,1.224134,36.978675,24.603988,0.665356,12.000000,5.000000,2.000000,1.000000,91.000000,HarvestStat Africa v1.2,https://raw.githubusercontent.com/HarvestStat/HarvestStat-Africa/main/public/hvstat_africa_data_v1.2.csv,WFP HDX CHIRPS v2 dekadal indicators,https://data.humdata.org/dataset/ken-rainfall-subnational
Embu,KE014,-0.532830,37.664629,1998,5400.000000,2988.000000,0.553333,Annual,0,18.000000,857.516484,525.286081,63.247517,47.639805,33.972395,0.713109,13.000000,8.000000,4.000000,2.000000,60.000000,HarvestStat Africa v1.2,https://raw.githubusercontent.com/HarvestStat/HarvestStat-Africa/main/public/hvstat_africa_data_v1.2.csv,WFP HDX CHIRPS v2 dekadal indicators,https://data.humdata.org/dataset/ken-rainfall-subnational
Garissa,KE007,-0.520490,40.355590,1998,380.000000,460.000000,1.210526,Annual,0,18.000000,332.856356,240.279175,38.529008,18.492020,16.659967,0.900927,5.000000,1.000000,8.000000,7.000000,80.000000,HarvestStat Africa v1.2,https://raw.githubusercontent.com/HarvestStat/HarvestStat-Africa/main/public/hvstat_africa_data_v1.2.csv,WFP HDX CHIRPS v2 dekadal indicators,https://data.humdata.org/dataset/ken-rainfall-subnational
Homa Bay,KE043,-0.562403,34.314532,1998,27633.084870,48437.676162,1.752887,Annual,0,18.000000,787.926604,734.102143,7.332013,43.773700,29.508808,0.674122,15.000000,6.000000,2.000000,1.000000,80.000000,HarvestStat Africa v1.2,https://raw.githubusercontent.com/HarvestStat/HarvestStat-Africa/main/public/hvstat_africa_data_v1.2.csv,WFP HDX CHIRPS v2 dekadal indicators,https://data.humdata.org/dataset/ken-rainfall-subnational
Isiolo,KE011,1.006385,38.747651,1998,1100.000000,154.815482,0.140741,Annual,0,18.000000,241.860243,173.962088,39.030433,13.436680,12.940496,0.963072,5.000000,0.000000,9.000000,5.000000,80.000000,HarvestStat Africa v1.2,https://raw.githubusercontent.com/HarvestStat/HarvestStat-Africa/main/public/hvstat_africa_data_v1.2.csv,WFP HDX CHIRPS v2 dekadal indicators,https://data.humdata.org/dataset/ken-rainfall-subnational
Kajiado,KE034,-2.112369,36.777606,1998,33500.000000,64890.000000,1.937015,Annual,0,18.000000,611.198031,373.466385,63.655433,33.955446,25.402160,0.748103,11.000000,4.000000,4.000000,2.000000,91.000000,HarvestStat Africa v1.2,https://raw.githubusercontent.com/HarvestStat/HarvestStat-Africa/main/public/hvstat_africa_data_v1.2.csv,WFP HDX CHIRPS v2 dekadal indicators,https://data.humdata.org/dataset/ken-rainfall-subnational
Kakamega,KE037,0.497190,34.800929,1998,74796.629987,221081.437385,2.955767,Annual,0,18.000000,999.863157,951.356143,5.098723,55.547953,33.227779,0.598182,15.000000,10.000000,3.000000,1.000000,80.000000,HarvestStat Africa v1.2,https://raw.githubusercontent.com/HarvestStat/HarvestStat-Africa/main/public/hvstat_africa_data_v1.2.csv,WFP HDX CHIRPS v2 dekadal indicators,https://data.humdata.org/dataset/ken-rainfall-subnational
Kericho,KE035,-0.316683,35.225997,1998,45600.000000,138357.000000,3.034145,Annual,0,18.000000,868.134331,795.027352,9.195530,48.229685,32.400690,0.671800,14.000000,8.000000,3.000000,1.000000,91.000000,HarvestStat Africa v1.2,https://raw.githubusercontent.com/HarvestStat/HarvestStat-Africa/main/public/hvstat_africa_data_v1.2.csv,WFP HDX CHIRPS v2 dekadal indicators,https://data.humdata.org/dataset/ken-rainfall-subnational
Kiambu,KE022,-1.034385,36.843216,1998,15360.000000,11844.284428,0.771112,Annual,0,18.000000,1223.000012,695.396027,75.871009,67.944445,56.406199,0.830181,14.000000,11.000000,2.000000,1.000000,80.000000,HarvestStat Africa v1.2,https://raw.githubusercontent.com/HarvestStat/HarvestStat-Africa/main/public/hvstat_africa_data_v1.2.csv,WFP HDX CHIRPS v2 dekadal indicators,https://data.humdata.org/dataset/ken-rainfall-subnational
Kilifi,KE003,-3.152441,39.672708,1998,32101.000000,24623.720000,0.767070,Annual,0,18.000000,740.309404,488.607513,51.514126,41.128300,37.007966,0.899818,12.000000,4.000000,2.000000,1.000000,80.000000,HarvestStat Africa v1.2,https://raw.githubusercontent.com/HarvestStat/HarvestStat-Africa/main/public/hvstat_africa_data_v1.2.csv,WFP HDX CHIRPS v2 dekadal indicators,https://data.humdata.org/dataset/ken-rainfall-subnational
Kirinyaga,KE020,-0.467350,37.301902,1998,25355.000000,19465.000000,0.767699,Annual,0,18.000000,1045.666666,646.759723,61.677765,58.092593,38.729806,0.666691,14.000000,11.000000,1.000000,1.000000,80.000000,HarvestStat Africa v1.2,https://raw.githubusercontent.com/HarvestStat/HarvestStat-Africa/main/public/hvstat_africa_data_v1.2.csv,WFP HDX CHIRPS v2 dekadal indicators,https://data.humdata.org/dataset/ken-rainfall-subnational
Kisii,KE045,-0.736677,34.753510,1998,36629.095441,120649.999409,3.293830,Annual,0,18.000000,991.074998,925.845013,7.045454,55.059722,37.826042,0.687000,16.000000,8.000000,2.000000,1.000000,80.000000,HarvestStat Africa v1.2,https://raw.githubusercontent.com/HarvestStat/HarvestStat-Africa/main/public/hvstat_africa_data_v1.2.csv,WFP HDX CHIRPS v2 dekadal indicators,https://data.humdata.org/dataset/ken-rainfall-subnational
Kisumu,KE042,-0.194380,34.777329,1998,16684.548011,44405.709434,2.661487,Annual,0,18.000000,874.985515,816.425122,7.172782,48.610306,31.172702,0.641278,15.000000,7.000000,2.000000,1.000000,80.000000,HarvestStat Africa v1.2,https://raw.githubusercontent.com/HarvestStat/HarvestStat-Africa/main/public/hvstat_africa_data_v1.2.csv,WFP HDX CHIRPS v2 dekadal indicators,https://data.humdata.org/dataset/ken-rainfall-subnational
Kitui,KE015,-1.560490,38.371810,1998,79602.160216,28085.148515,0.352819,Annual,0,18.000000,419.795389,272.434005,54.090672,23.321966,20.167114,0.864726,8.000000,3.000000,7.000000,4.000000,80.000000,HarvestStat Africa v1.2,https://raw.githubusercontent.com/HarvestStat/HarvestStat-Africa/main/public/hvstat_africa_data_v1.2.csv,WFP HDX CHIRPS v2 dekadal indicators,https://data.humdata.org/dataset/ken-rainfall-subnational
Kwale,KE002,-4.120591,39.066136,1998,10062.000000,9962.376238,0.990099,Annual,0,18.000000,812.256520,541.885007,49.894629,45.125362,38.745537,0.858620,13.000000,5.000000,2.000000,1.000000,80.000000,HarvestStat Africa v1.2,https://raw.githubusercontent.com/HarvestStat/HarvestStat-Africa/main/public/hvstat_africa_data_v1.2.csv,WFP HDX CHIRPS v2 dekadal indicators,https://data.humdata.org/dataset/ken-rainfall-subnational
Laikipia,KE031,0.289134,36.825248,1998,20000.000000,23400.000000,1.170000,Annual,0,18.000000,534.135765,361.774838,47.643150,29.674209,22.193345,0.747900,12.000000,3.000000,3.000000,1.000000,80.000000,HarvestStat Africa v1.2,https://raw.githubusercontent.com/HarvestStat/HarvestStat-Africa/main/public/hvstat_africa_data_v1.2.csv,WFP HDX CHIRPS v2 dekadal indicators,https://data.humdata.org/dataset/ken-rainfall-subnational
Lamu,KE005,-2.063679,40.545830,1998,5120.400000,6108.400000,1.192954,Annual,0,18.000000,661.197042,534.602138,23.680209,36.733169,32.060369,0.872791,11.000000,5.000000,6.000000,5.000000,80.000000,HarvestStat Africa v1.2,https://raw.githubusercontent.com/HarvestStat/HarvestStat-Africa/main/public/hvstat_africa_data_v1.2.csv,WFP HDX CHIRPS v2 dekadal indicators,https://data.humdata.org/dataset/ken-rainfall-subnational
Machakos,KE016,-1.276237,37.394595,1998,143100.000000,64800.000000,0.452830,Annual,0,18.000000,750.788169,412.340392,82.079705,41.710454,29.452436,0.706116,14.000000,7.000000,4.000000,2.000000,80.000000,HarvestStat Africa v1.2,https://raw.githubusercontent.com/HarvestStat/HarvestStat-Africa/main/public/hvstat_africa_data_v1.2.csv,WFP HDX CHIRPS v2 dekadal indicators,https://data.humdata.org/dataset/ken-rainfall-subnational
Makueni,KE017,-2.253637,37.876663,1998,85000.000000,54450.000000,0.640588,Annual,0,18.000000,551.066146,334.183265,64.899384,30.614786,26.029718,0.850234,9.000000,4.000000,5.000000,3.000000,80.000000,HarvestStat Africa v1.2,https://raw.githubusercontent.com/HarvestStat/HarvestStat-Africa/main/public/hvstat_africa_data_v1.2.csv,WFP HDX CHIRPS v2 dekadal indicators,https://data.humdata.org/dataset/ken-rainfall-subnational
Mandera,KE009,3.230964,40.711346,1998,815.000000,500.000000,0.613497,Annual,0,18.000000,223.871734,189.924349,17.874161,12.437319,18.776849,1.509718,3.000000,1.000000,13.000000,8.000000,101.000000,HarvestStat Africa v1.2,https://raw.githubusercontent.com/HarvestStat/HarvestStat-Africa/main/public/hvstat_africa_data_v1.2.csv,WFP HDX CHIRPS v2 dekadal indicators,https://data.humdata.org/dataset/ken-rainfall-subnational
Marsabit,KE010,2.860480,37.714884,1998,1850.000000,958.500000,0.518108,Seasonal aggregate,0,18.000000,236.319444,184.486778,28.095599,13.128858,11.192522,0.852513,5.000000,0.000000,9.000000,5.000000,182.000000,HarvestStat Africa v1.2,https://raw.githubusercontent.com/HarvestStat/HarvestStat-Africa/main/public/hvstat_africa_data_v1.2.csv,WFP HDX CHIRPS v2 dekadal indicators,https://data.humdata.org/dataset/ken-rainfall-subnational
Migori,KE044,-1.018704,34.309173,1998,35262.661735,89601.048831,2.540961,Annual,0,18.000000,809.942534,753.103059,7.547370,44.996807,31.212085,0.693651,14.000000,6.000000,2.000000,1.000000,80.000000,HarvestStat Africa v1.2,https://raw.githubusercontent.com/HarvestStat/HarvestStat-Africa/main/public/hvstat_africa_data_v1.2.csv,WFP HDX CHIRPS v2 dekadal indicators,https://data.humdata.org/dataset/ken-rainfall-subnational
Mombasa,KE001,-3.990448,39.701130,1998,170.000000,168.613861,0.991846,Annual,0,18.000000,958.700000,734.479994,30.527721,53.261111,63.087507,1.184495,13.000000,6.000000,4.000000,3.000000,91.000000,HarvestStat Africa v1.2,https://raw.githubusercontent.com/HarvestStat/HarvestStat-Africa/main/public/hvstat_africa_data_v1.2.csv,WFP HDX CHIRPS v2 dekadal indicators,https://data.humdata.org/dataset/ken-rainfall-subnational
Murang'a,KE021,-0.828519,37.004173,1998,32054.000000,15235.000000,0.475292,Annual,0,18.000000,1190.966384,695.837541,71.155811,66.164799,45.665679,0.690181,14.000000,10.000000,2.000000,1.000000,80.000000,HarvestStat Africa v1.2,https://raw.githubusercontent.com/HarvestStat/HarvestStat-Africa/main/public/hvstat_africa_data_v1.2.csv,WFP HDX CHIRPS v2 dekadal indicators,https://data.humdata.org/dataset/ken-rainfall-subnational
Nakuru,KE032,-0.458448,36.100384,1998,65000.000000,67437.000000,1.037492,Annual,0,18.000000,704.378165,535.090196,31.637277,39.132120,26.041554,0.665478,13.000000,6.000000,2.000000,1.000000,91.000000,HarvestStat Africa v1.2,https://raw.githubusercontent.com/HarvestStat/HarvestStat-Africa/main/public/hvstat_africa_data_v1.2.csv,WFP HDX CHIRPS v2 dekadal indicators,https://data.humdata.org/dataset/ken-rainfall-subnational
Nandi,KE029,0.227352,35.123876,1998,64000.000000,172935.000000,2.702109,Annual,0,18.000000,908.758244,819.099630,10.945996,50.486569,31.281511,0.619601,15.000000,10.000000,3.000000,1.000000,91.000000,HarvestStat Africa v1.2,https://raw.githubusercontent.com/HarvestStat/HarvestStat-Africa/main/public/hvstat_africa_data_v1.2.csv,WFP HDX CHIRPS v2 dekadal indicators,https://data.humdata.org/dataset/ken-rainfall-subnational
Narok,KE033,-1.279878,35.476358,1998,22200.000000,66150.000000,2.979730,Seasonal aggregate,0,18.000000,753.303594,591.197598,27.419935,41.850200,29.337822,0.701020,12.000000,7.000000,2.000000,1.000000,91.000000,HarvestStat Africa v1.2,https://raw.githubusercontent.com/HarvestStat/HarvestStat-Africa/main/public/hvstat_africa_data_v1.2.csv,WFP HDX CHIRPS v2 dekadal indicators,https://data.humdata.org/dataset/ken-rainfall-subnational
Nyamira,KE046,-0.649378,34.933398,1998,33149.529852,92421.726027,2.788025,Annual,0,18.000000,1000.310360,912.716100,9.597098,55.572798,37.225593,0.669853,16.000000,9.000000,2.000000,1.000000,80.000000,HarvestStat Africa v1.2,https://raw.githubusercontent.com/HarvestStat/HarvestStat-Africa/main/public/hvstat_africa_data_v1.2.csv,WFP HDX CHIRPS v2 dekadal indicators,https://data.humdata.org/dataset/ken-rainfall-subnational
Nyandarua,KE018,-0.389093,36.497431,1998,14000.000000,12601.000000,0.900071,Annual,0,18.000000,915.777773,598.538580,53.002297,50.876543,34.309398,0.674366,15.000000,7.000000,2.000000,1.000000,80.000000,HarvestStat Africa v1.2,https://raw.githubusercontent.com/HarvestStat/HarvestStat-Africa/main/public/hvstat_africa_data_v1.2.csv,WFP HDX CHIRPS v2 dekadal indicators,https://data.humdata.org/dataset/ken-rainfall-subnational
Nyeri,KE019,-0.314375,36.930473,1998,23800.000000,11151.000000,0.468529,Annual,0,18.000000,1047.918190,644.133946,62.686379,58.217677,36.057771,0.619361,15.000000,10.000000,1.000000,1.000000,60.000000,HarvestStat Africa v1.2,https://raw.githubusercontent.com/HarvestStat/HarvestStat-Africa/main/public/hvstat_africa_data_v1.2.csv,WFP HDX CHIRPS v2 dekadal indicators,https://data.humdata.org/dataset/ken-rainfall-subnational
Samburu,KE025,1.541373,36.941540,1998,900.000000,1620.000000,1.800000,Annual,0,18.000000,324.589779,270.988171,19.780054,18.032766,14.016741,0.777293,8.000000,1.000000,6.000000,3.000000,91.000000,HarvestStat Africa v1.2,https://raw.githubusercontent.com/HarvestStat/HarvestStat-Africa/main/public/hvstat_africa_data_v1.2.csv,WFP HDX CHIRPS v2 dekadal indicators,https://data.humdata.org/dataset/ken-rainfall-subnational
Siaya,KE041,-0.057674,34.199887,1998,71732.392067,69854.248441,0.973817,Annual,0,18.000000,863.712501,811.195420,6.474036,47.984028,32.679590,0.681051,14.000000,7.000000,2.000000,1.000000,80.000000,HarvestStat Africa v1.2,https://raw.githubusercontent.com/HarvestStat/HarvestStat-Africa/main/public/hvstat_africa_data_v1.2.csv,WFP HDX CHIRPS v2 dekadal indicators,https://data.humdata.org/dataset/ken-rainfall-subnational
Taita Taveta,KE006,-3.405203,38.371760,1998,4320.000000,6313.465347,1.461450,Annual,0,18.000000,489.262035,310.607723,57.517666,27.181224,20.915182,0.769472,11.000000,3.000000,6.000000,4.000000,80.000000,HarvestStat Africa v1.2,https://raw.githubusercontent.com/HarvestStat/HarvestStat-Africa/main/public/hvstat_africa_data_v1.2.csv,WFP HDX CHIRPS v2 dekadal indicators,https://data.humdata.org/dataset/ken-rainfall-subnational
Tana River,KE004,-1.534918,39.550288,1998,578.000000,572.277228,0.990099,Annual,0,18.000000,294.016197,192.080568,53.069204,16.334233,13.786042,0.843997,5.000000,0.000000,8.000000,4.000000,80.000000,HarvestStat Africa v1.2,https://raw.githubusercontent.com/HarvestStat/HarvestStat-Africa/main/public/hvstat_africa_data_v1.2.csv,WFP HDX CHIRPS v2 dekadal indicators,https://data.humdata.org/dataset/ken-rainfall-subnational
Tharaka-Nithi,KE013,-0.191445,37.960417,1998,6530.000000,2587.758776,0.396288,Annual,0,18.000000,878.357145,547.091662,60.550271,48.797619,40.737755,0.834831,12.000000,7.000000,5.000000,2.000000,80.000000,HarvestStat Africa v1.2,https://raw.githubusercontent.com/HarvestStat/HarvestStat-Africa/main/public/hvstat_africa_data_v1.2.csv,WFP HDX CHIRPS v2 dekadal indicators,https://data.humdata.org/dataset/ken-rainfall-subnational
Trans Nzoia,KE026,1.045915,34.980778,1998,62300.000000,179424.000000,2.880000,Annual,0,18.000000,595.113923,634.237966,-6.168669,33.061885,21.128636,0.639063,12.000000,3.000000,3.000000,1.000000,91.000000,HarvestStat Africa v1.2,https://raw.githubusercontent.com/HarvestStat/HarvestStat-Africa/main/public/hvstat_africa_data_v1.2.csv,WFP HDX CHIRPS v2 dekadal indicators,https://data.humdata.org/dataset/ken-rainfall-subnational
Turkana,KE023,3.162488,35.313492,1998,800.000000,1386.000000,1.732500,Annual,0,18.000000,170.225343,172.177661,-1.133898,9.456964,6.598141,0.697702,2.000000,0.000000,10.000000,6.000000,182.000000,HarvestStat Africa v1.2,https://raw.githubusercontent.com/HarvestStat/HarvestStat-Africa/main/public/hvstat_africa_data_v1.2.csv,WFP HDX CHIRPS v2 dekadal indicators,https://data.humdata.org/dataset/ken-rainfall-subnational
Uasin Gishu,KE027,0.478188,35.303799,1998,61300.000000,165510.000000,2.700000,Annual,0,18.000000,637.432425,606.721928,5.061709,35.412913,23.468941,0.662723,12.000000,5.000000,3.000000,1.000000,91.000000,HarvestStat Africa v1.2,https://raw.githubusercontent.com/HarvestStat/HarvestStat-Africa/main/public/hvstat_africa_data_v1.2.csv,WFP HDX CHIRPS v2 dekadal indicators,https://data.humdata.org/dataset/ken-rainfall-subnational
Vihiga,KE038,0.084857,34.707784,1998,24084.137149,35169.972691,1.460296,Annual,0,18.000000,1052.263183,1006.033351,4.595258,58.459066,35.931701,0.614647,15.000000,8.000000,3.000000,1.000000,80.000000,HarvestStat Africa v1.2,https://raw.githubusercontent.com/HarvestStat/HarvestStat-Africa/main/public/hvstat_africa_data_v1.2.csv,WFP HDX CHIRPS v2 dekadal indicators,https://data.humdata.org/dataset/ken-rainfall-subnational
Wajir,KE008,1.939715,40.024507,1998,900.000000,500.000000,0.555556,Annual,0,18.000000,261.034616,193.539230,34.874266,14.501923,18.334079,1.264252,5.000000,2.000000,12.000000,7.000000,91.000000,HarvestStat Africa v1.2,https://raw.githubusercontent.com/HarvestStat/HarvestStat-Africa/main/public/hvstat_africa_data_v1.2.csv,WFP HDX CHIRPS v2 dekadal indicators,https://data.humdata.org/dataset/ken-rainfall-subnational
West Pokot,KE024,1.893374,35.212768,1998,11200.000000,18144.000000,1.620000,Annual,0,18.000000,430.724494,443.095810,-2.792018,23.929139,17.721073,0.740565,10.000000,2.000000,5.000000,3.000000,91.000000,HarvestStat Africa v1.2,https://raw.githubusercontent.com/HarvestStat/HarvestStat-Africa/main/public/hvstat_africa_data_v1.2.csv,WFP HDX CHIRPS v2 dekadal indicators,https://data.humdata.org/dataset/ken-rainfall-subnational
Baringo,KE030,0.726352,36.018591,1999,12250.000000,17550.000000,1.432653,Annual,0,18.000000,336.250714,465.744538,-27.803616,18.680595,18.394596,0.984690,6.000000,1.000000,6.000000,6.000000,60.000000,HarvestStat Africa v1.2,https://raw.githubusercontent.com/HarvestStat/HarvestStat-Africa/main/public/hvstat_africa_data_v1.2.csv,WFP HDX CHIRPS v2 dekadal indicators,https://data.humdata.org/dataset/ken-rainfall-subnational
Bomet,KE036,-0.716095,35.238459,1999,28800.000000,46647.000000,1.619687,Annual,0,18.000000,837.663158,842.724213,-0.600559,46.536842,29.905464,0.642619,14.000000,9.000000,3.000000,3.000000,60.000000,HarvestStat Africa v1.2,https://raw.githubusercontent.com/HarvestStat/HarvestStat-Africa/main/public/hvstat_africa_data_v1.2.csv,WFP HDX CHIRPS v2 dekadal indicators,https://data.humdata.org/dataset/ken-rainfall-subnational
Bungoma,KE039,0.785694,34.718757,1999,74730.000000,207290.729073,2.773862,Annual,0,18.000000,823.439995,854.742337,-3.662196,45.746666,28.453322,0.621976,14.000000,10.000000,4.000000,4.000000,60.000000,HarvestStat Africa v1.2,https://raw.githubusercontent.com/HarvestStat/HarvestStat-Africa/main/public/hvstat_africa_data_v1.2.csv,WFP HDX CHIRPS v2 dekadal indicators,https://data.humdata.org/dataset/ken-rainfall-subnational
Busia,KE040,0.375707,34.265111,1999,21765.000000,24830.513051,1.140846,Annual,0,18.000000,892.769225,900.425645,-0.850311,49.598290,32.433727,0.653928,13.000000,9.000000,4.000000,4.000000,60.000000,HarvestStat Africa v1.2,https://raw.githubusercontent.com/HarvestStat/HarvestStat-Africa/main/public/hvstat_africa_data_v1.2.csv,WFP HDX CHIRPS v2 dekadal indicators,https://data.humdata.org/dataset/ken-rainfall-subnational
Elgeyo-Marakwet,KE028,0.745102,35.560856,1999,45000.000000,98820.000000,2.196000,Annual,0,18.000000,513.262621,657.566659,-21.945157,28.514590,24.065304,0.843965,12.000000,2.000000,4.000000,4.000000,60.000000,HarvestStat Africa v1.2,https://raw.githubusercontent.com/HarvestStat/HarvestStat-Africa/main/public/hvstat_africa_data_v1.2.csv,WFP HDX CHIRPS v2 dekadal indicators,https://data.humdata.org/dataset/ken-rainfall-subnational
Embu,KE014,-0.532830,37.664629,1999,20400.000000,9468.946895,0.464164,Annual,0,18.000000,399.769231,525.286081,-23.894951,22.209402,24.742531,1.114057,7.000000,3.000000,9.000000,6.000000,70.000000,HarvestStat Africa v1.2,https://raw.githubusercontent.com/HarvestStat/HarvestStat-Africa/main/public/hvstat_africa_data_v1.2.csv,WFP HDX CHIRPS v2 dekadal indicators,https://data.humdata.org/dataset/ken-rainfall-subnational
Garissa,KE007,-0.520490,40.355590,1999,660.000000,566.000000,0.857576,Annual,0,18.000000,198.227490,240.279175,-17.501178,11.012638,9.398125,0.853395,4.000000,0.000000,10.000000,7.000000,91.000000,HarvestStat Africa v1.2,https://raw.githubusercontent.com/HarvestStat/HarvestStat-Africa/main/public/hvstat_africa_data_v1.2.csv,WFP HDX CHIRPS v2 dekadal indicators,https://data.humdata.org/dataset/ken-rainfall-subnational
Homa Bay,KE043,-0.562403,34.314532,1999,34301.000000,48345.274527,1.409442,Annual,0,18.000000,745.018352,734.102143,1.487015,41.389908,28.464374,0.687713,13.000000,7.000000,4.000000,3.000000,60.000000,HarvestStat Africa v1.2,https://raw.githubusercontent.com/HarvestStat/HarvestStat-Africa/main/public/hvstat_africa_data_v1.2.csv,WFP HDX CHIRPS v2 dekadal indicators,https://data.humdata.org/dataset/ken-rainfall-subnational
Isiolo,KE011,1.006385,38.747651,1999,1181.000000,192.799280,0.163251,Annual,0,18.000000,119.938557,173.962088,-31.054773,6.663253,10.648483,1.598091,2.000000,0.000000,15.000000,7.000000,91.000000,HarvestStat Africa v1.2,https://raw.githubusercontent.com/HarvestStat/HarvestStat-Africa/main/public/hvstat_africa_data_v1.2.csv,WFP HDX CHIRPS v2 dekadal indicators,https://data.humdata.org/dataset/ken-rainfall-subnational
Kajiado,KE034,-2.112369,36.777606,1999,30500.000000,61902.000000,2.029574,Annual,0,18.000000,318.386240,373.466385,-14.748354,17.688124,25.377421,1.434715,6.000000,2.000000,12.000000,6.000000,60.000000,HarvestStat Africa v1.2,https://raw.githubusercontent.com/HarvestStat/HarvestStat-Africa/main/public/hvstat_africa_data_v1.2.csv,WFP HDX CHIRPS v2 dekadal indicators,https://data.humdata.org/dataset/ken-rainfall-subnational
Kakamega,KE037,0.497190,34.800929,1999,73002.000000,190384.518452,2.607936,Annual,0,18.000000,950.589470,951.356143,-0.080587,52.810526,31.868383,0.603448,14.000000,11.000000,4.000000,4.000000,60.000000,HarvestStat Africa v1.2,https://raw.githubusercontent.com/HarvestStat/HarvestStat-Africa/main/public/hvstat_africa_data_v1.2.csv,WFP HDX CHIRPS v2 dekadal indicators,https://data.humdata.org/dataset/ken-rainfall-subnational
Kericho,KE035,-0.316683,35.225997,1999,48500.000000,129150.000000,2.662887,Annual,0,18.000000,695.611944,795.027352,-12.504653,38.645108,25.706570,0.665196,14.000000,4.000000,4.000000,4.000000,60.000000,HarvestStat Africa v1.2,https://raw.githubusercontent.com/HarvestStat/HarvestStat-Africa/main/public/hvstat_africa_data_v1.2.csv,WFP HDX CHIRPS v2 dekadal indicators,https://data.humdata.org/dataset/ken-rainfall-subnational
Kiambu,KE022,-1.034385,36.843216,1999,14740.000000,11439.243924,0.776068,Annual,0,18.000000,449.214280,695.396027,-35.401662,24.956349,27.861233,1.116399,7.000000,3.000000,9.000000,4.000000,60.000000,HarvestStat Africa v1.2,https://raw.githubusercontent.com/HarvestStat/HarvestStat-Africa/main/public/hvstat_africa_data_v1.2.csv,WFP HDX CHIRPS v2 dekadal indicators,https://data.humdata.org/dataset/ken-rainfall-subnational
Kilifi,KE003,-3.152441,39.672708,1999,31110.000000,30801.980198,0.990099,Annual,0,18.000000,505.789602,488.607513,3.516542,28.099422,30.963536,1.101928,9.000000,3.000000,8.000000,7.000000,91.000000,HarvestStat Africa v1.2,https://raw.githubusercontent.com/HarvestStat/HarvestStat-Africa/main/public/hvstat_africa_data_v1.2.csv,WFP HDX CHIRPS v2 dekadal indicators,https://data.humdata.org/dataset/ken-rainfall-subnational
Kirinyaga,KE020,-0.467350,37.301902,1999,23500.000000,26310.000000,1.119574,Annual,0,18.000000,470.479172,646.759723,-27.255957,26.137732,24.753602,0.947045,7.000000,3.000000,8.000000,4.000000,70.000000,HarvestStat Africa v1.2,https://raw.githubusercontent.com/HarvestStat/HarvestStat-Africa/main/public/hvstat_africa_data_v1.2.csv,WFP HDX CHIRPS v2 dekadal indicators,https://data.humdata.org/dataset/ken-rainfall-subnational
Kisii,KE045,-0.736677,34.753510,1999,40700.000000,127984.698470,3.144587,Annual,0,18.000000,950.049998,925.845013,2.614367,52.780555,31.138670,0.589965,14.000000,10.000000,3.000000,3.000000,60.000000,HarvestStat Africa v1.2,https://raw.githubusercontent.com/HarvestStat/HarvestStat-Africa/main/public/hvstat_africa_data_v1.2.csv,WFP HDX CHIRPS v2 dekadal indicators,https://data.humdata.org/dataset/ken-rainfall-subnational
Kisumu,KE042,-0.194380,34.777329,1999,15844.000000,20569.306931,1.298240,Annual,0,18.000000,836.999998,816.425122,2.520118,46.500000,29.848882,0.641911,13.000000,6.000000,3.000000,3.000000,60.000000,HarvestStat Africa v1.2,https://raw.githubusercontent.com/HarvestStat/HarvestStat-Africa/main/public/hvstat_africa_data_v1.2.csv,WFP HDX CHIRPS v2 dekadal indicators,https://data.humdata.org/dataset/ken-rainfall-subnational
Kitui,KE015,-1.560490,38.371810,1999,82162.016202,29018.901890,0.353191,Annual,0,18.000000,235.508529,272.434005,-13.553916,13.083807,20.217302,1.545216,2.000000,2.000000,13.000000,6.000000,91.000000,HarvestStat Africa v1.2,https://raw.githubusercontent.com/HarvestStat/HarvestStat-Africa/main/public/hvstat_africa_data_v1.2.csv,WFP HDX CHIRPS v2 dekadal indicators,https://data.humdata.org/dataset/ken-rainfall-subnational
Kwale,KE002,-4.120591,39.066136,1999,14639.000000,16077.317732,1.098252,Annual,0,18.000000,599.297386,541.885007,10.594938,33.294299,35.096536,1.054130,10.000000,5.000000,5.000000,4.000000,70.000000,HarvestStat Africa v1.2,https://raw.githubusercontent.com/HarvestStat/HarvestStat-Africa/main/public/hvstat_africa_data_v1.2.csv,WFP HDX CHIRPS v2 dekadal indicators,https://data.humdata.org/dataset/ken-rainfall-subnational
Laikipia,KE031,0.289134,36.825248,1999,18800.000000,23760.000000,1.263830,Annual,0,18.000000,268.499998,361.774838,-25.782567,14.916667,16.208797,1.086623,4.000000,1.000000,9.000000,6.000000,60.000000,HarvestStat Africa v1.2,https://raw.githubusercontent.com/HarvestStat/HarvestStat-Africa/main/public/hvstat_africa_data_v1.2.csv,WFP HDX CHIRPS v2 dekadal indicators,https://data.humdata.org/dataset/ken-rainfall-subnational
Lamu,KE005,-2.063679,40.545830,1999,6367.000000,6304.680468,0.990212,Annual,0,18.000000,473.399011,534.602138,-11.448351,26.299945,26.501074,1.007647,8.000000,4.000000,8.000000,7.000000,91.000000,HarvestStat Africa v1.2,https://raw.githubusercontent.com/HarvestStat/HarvestStat-Africa/main/public/hvstat_africa_data_v1.2.csv,WFP HDX CHIRPS v2 dekadal indicators,https://data.humdata.org/dataset/ken-rainfall-subnational
Machakos,KE016,-1.276237,37.394595,1999,143100.000000,64806.480648,0.452875,Annual,0,18.000000,300.812809,412.340392,-27.047455,16.711823,23.987427,1.435357,5.000000,2.000000,12.000000,6.000000,70.000000,HarvestStat Africa v1.2,https://raw.githubusercontent.com/HarvestStat/HarvestStat-Africa/main/public/hvstat_africa_data_v1.2.csv,WFP HDX CHIRPS v2 dekadal indicators,https://data.humdata.org/dataset/ken-rainfall-subnational
Makueni,KE017,-2.253637,37.876663,1999,85000.000000,54455.445545,0.640652,Annual,0,18.000000,273.856029,334.183265,-18.052141,15.214224,22.369951,1.470331,3.000000,2.000000,12.000000,6.000000,60.000000,HarvestStat Africa v1.2,https://raw.githubusercontent.com/HarvestStat/HarvestStat-Africa/main/public/hvstat_africa_data_v1.2.csv,WFP HDX CHIRPS v2 dekadal indicators,https://data.humdata.org/dataset/ken-rainfall-subnational
Mandera,KE009,3.230964,40.711346,1999,1400.000000,1260.000000,0.900000,Annual,0,18.000000,123.450121,189.924349,-35.000372,6.858340,9.063732,1.321564,1.000000,0.000000,14.000000,7.000000,70.000000,HarvestStat Africa v1.2,https://raw.githubusercontent.com/HarvestStat/HarvestStat-Africa/main/public/hvstat_africa_data_v1.2.csv,WFP HDX CHIRPS v2 dekadal indicators,https://data.humdata.org/dataset/ken-rainfall-subnational
Meru,KE012,0.229055,37.776111,1999,105405.000000,79803.780378,0.757116,Annual,0,18.000000,376.004406,524.441410,-28.303830,20.889134,25.036126,1.198524,6.000000,2.000000,9.000000,6.000000,70.000000,HarvestStat Africa v1.2,https://raw.githubusercontent.com/HarvestStat/HarvestStat-Africa/main/public/hvstat_africa_data_v1.2.csv,WFP HDX CHIRPS v2 dekadal indicators,https://data.humdata.org/dataset/ken-rainfall-subnational
Migori,KE044,-1.018704,34.309173,1999,39755.000000,93168.316832,2.343562,Annual,0,18.000000,779.149425,753.103059,3.458539,43.286079,30.235912,0.698514,12.000000,8.000000,2.000000,2.000000,60.000000,HarvestStat Africa v1.2,https://raw.githubusercontent.com/HarvestStat/HarvestStat-Africa/main/public/hvstat_africa_data_v1.2.csv,WFP HDX CHIRPS v2 dekadal indicators,https://data.humdata.org/dataset/ken-rainfall-subnational
Mombasa,KE001,-3.990448,39.701130,1999,592.000000,586.768677,0.991163,Annual,0,18.000000,746.200000,734.479994,1.595688,41.455556,51.205189,1.235183,9.000000,6.000000,7.000000,6.000000,91.000000,HarvestStat Africa v1.2,https://raw.githubusercontent.com/HarvestStat/HarvestStat-Africa/main/public/hvstat_africa_data_v1.2.csv,WFP HDX CHIRPS v2 dekadal indicators,https://data.humdata.org/dataset/ken-rainfall-subnational
Murang'a,KE021,-0.828519,37.004173,1999,33650.000000,18136.000000,0.538960,Annual,0,18.000000,491.537817,695.837541,-29.360262,27.307657,30.292597,1.109308,8.000000,4.000000,8.000000,4.000000,60.000000,HarvestStat Africa v1.2,https://raw.githubusercontent.com/HarvestStat/HarvestStat-Africa/main/public/hvstat_africa_data_v1.2.csv,WFP HDX CHIRPS v2 dekadal indicators,https://data.humdata.org/dataset/ken-rainfall-subnational
Nakuru,KE032,-0.458448,36.100384,1999,63000.000000,23607.000000,0.374714,Annual,0,18.000000,374.882351,535.090196,-29.940344,20.826797,17.771161,0.853283,7.000000,1.000000,5.000000,4.000000,60.000000,HarvestStat Africa v1.2,https://raw.githubusercontent.com/HarvestStat/HarvestStat-Africa/main/public/hvstat_africa_data_v1.2.csv,WFP HDX CHIRPS v2 dekadal indicators,https://data.humdata.org/dataset/ken-rainfall-subnational
Nandi,KE029,0.227352,35.123876,1999,61600.000000,155250.000000,2.520292,Annual,0,18.000000,793.538458,819.099630,-3.120643,44.085470,29.625903,0.672011,14.000000,6.000000,4.000000,4.000000,60.000000,HarvestStat Africa v1.2,https://raw.githubusercontent.com/HarvestStat/HarvestStat-Africa/main/public/hvstat_africa_data_v1.2.csv,WFP HDX CHIRPS v2 dekadal indicators,https://data.humdata.org/dataset/ken-rainfall-subnational
Narok,KE033,-1.279878,35.476358,1999,57000.000000,85680.000000,1.503158,Annual,0,18.000000,521.972556,591.197598,-11.709290,28.998475,24.364018,0.840183,7.000000,4.000000,4.000000,3.000000,60.000000,HarvestStat Africa v1.2,https://raw.githubusercontent.com/HarvestStat/HarvestStat-Africa/main/public/hvstat_africa_data_v1.2.csv,WFP HDX CHIRPS v2 dekadal indicators,https://data.humdata.org/dataset/ken-rainfall-subnational
Nyamira,KE046,-0.649378,34.933398,1999,31094.000000,80183.340000,2.578740,Annual,0,18.000000,965.344832,912.716100,5.766167,53.630268,31.956079,0.595859,15.000000,11.000000,3.000000,3.000000,60.000000,HarvestStat Africa v1.2,https://raw.githubusercontent.com/HarvestStat/HarvestStat-Africa/main/public/hvstat_africa_data_v1.2.csv,WFP HDX CHIRPS v2 dekadal indicators,https://data.humdata.org/dataset/ken-rainfall-subnational
Nyandarua,KE018,-0.389093,36.497431,1999,14360.000000,10340.000000,0.720056,Annual,0,18.000000,420.666665,598.538580,-29.717703,23.370370,20.296635,0.868477,8.000000,1.000000,5.000000,4.000000,60.000000,HarvestStat Africa v1.2,https://raw.githubusercontent.com/HarvestStat/HarvestStat-Africa/main/public/hvstat_africa_data_v1.2.csv,WFP HDX CHIRPS v2 dekadal indicators,https://data.humdata.org/dataset/ken-rainfall-subnational
Nyeri,KE019,-0.314375,36.930473,1999,23700.000000,13896.000000,0.586329,Annual,0,18.000000,483.518174,644.133946,-24.935151,26.862121,23.454979,0.873162,7.000000,2.000000,8.000000,4.000000,70.000000,HarvestStat Africa v1.2,https://raw.githubusercontent.com/HarvestStat/HarvestStat-Africa/main/public/hvstat_africa_data_v1.2.csv,WFP HDX CHIRPS v2 dekadal indicators,https://data.humdata.org/dataset/ken-rainfall-subnational
Samburu,KE025,1.541373,36.941540,1999,1500.000000,1350.000000,0.900000,Annual,0,18.000000,212.151830,270.988171,-21.711775,11.786213,15.732919,1.334858,4.000000,1.000000,12.000000,6.000000,70.000000,HarvestStat Africa v1.2,https://raw.githubusercontent.com/HarvestStat/HarvestStat-Africa/main/public/hvstat_africa_data_v1.2.csv,WFP HDX CHIRPS v2 dekadal indicators,https://data.humdata.org/dataset/ken-rainfall-subnational
Siaya,KE041,-0.057674,34.199887,1999,59908.000000,80983.258326,1.351794,Annual,0,18.000000,814.675002,811.195420,0.428945,45.259722,29.673007,0.655616,13.000000,8.000000,4.000000,4.000000,60.000000,HarvestStat Africa v1.2,https://raw.githubusercontent.com/HarvestStat/HarvestStat-Africa/main/public/hvstat_africa_data_v1.2.csv,WFP HDX CHIRPS v2 dekadal indicators,https://data.humdata.org/dataset/ken-rainfall-subnational
Taita Taveta,KE006,-3.405203,38.371760,1999,8592.000000,5358.415842,0.623652,Annual,0,18.000000,313.853830,310.607723,1.045083,17.436324,26.326517,1.509866,3.000000,2.000000,10.000000,4.000000,60.000000,HarvestStat Africa v1.2,https://raw.githubusercontent.com/HarvestStat/HarvestStat-Africa/main/public/hvstat_africa_data_v1.2.csv,WFP HDX CHIRPS v2 dekadal indicators,https://data.humdata.org/dataset/ken-rainfall-subnational
Tana River,KE004,-1.534918,39.550288,1999,862.000000,586.768677,0.680706,Annual,0,18.000000,180.621054,192.080568,-5.965993,10.034503,11.921471,1.188048,2.000000,0.000000,14.000000,7.000000,91.000000,HarvestStat Africa v1.2,https://raw.githubusercontent.com/HarvestStat/HarvestStat-Africa/main/public/hvstat_africa_data_v1.2.csv,WFP HDX CHIRPS v2 dekadal indicators,https://data.humdata.org/dataset/ken-rainfall-subnational
Tharaka-Nithi,KE013,-0.191445,37.960417,1999,6830.000000,2361.836184,0.345803,Annual,0,18.000000,416.416667,547.091662,-23.885393,23.134259,28.809211,1.245305,6.000000,3.000000,9.000000,6.000000,70.000000,HarvestStat Africa v1.2,https://raw.githubusercontent.com/HarvestStat/HarvestStat-Africa/main/public/hvstat_africa_data_v1.2.csv,WFP HDX CHIRPS v2 dekadal indicators,https://data.humdata.org/dataset/ken-rainfall-subnational
Trans Nzoia,KE026,1.045915,34.980778,1999,64000.000000,172260.000000,2.691562,Annual,0,18.000000,582.215187,634.237966,-8.202407,32.345288,26.024137,0.804573,12.000000,5.000000,5.000000,5.000000,60.000000,HarvestStat Africa v1.2,https://raw.githubusercontent.com/HarvestStat/HarvestStat-Africa/main/public/hvstat_africa_data_v1.2.csv,WFP HDX CHIRPS v2 dekadal indicators,https://data.humdata.org/dataset/ken-rainfall-subnational
Turkana,KE023,3.162488,35.313492,1999,600.000000,702.000000,1.170000,Annual,0,18.000000,136.806469,172.177661,-20.543427,7.600359,9.038348,1.189200,2.000000,0.000000,13.000000,6.000000,70.000000,HarvestStat Africa v1.2,https://raw.githubusercontent.com/HarvestStat/HarvestStat-Africa/main/public/hvstat_africa_data_v1.2.csv,WFP HDX CHIRPS v2 dekadal indicators,https://data.humdata.org/dataset/ken-rainfall-subnational
Uasin Gishu,KE027,0.478188,35.303799,1999,58000.000000,156510.000000,2.698448,Annual,0,18.000000,521.909910,606.721928,-13.978730,28.994995,23.705366,0.817567,12.000000,2.000000,4.000000,4.000000,60.000000,HarvestStat Africa v1.2,https://raw.githubusercontent.com/HarvestStat/HarvestStat-Africa/main/public/hvstat_africa_data_v1.2.csv,WFP HDX CHIRPS v2 dekadal indicators,https://data.humdata.org/dataset/ken-rainfall-subnational
Vihiga,KE038,0.084857,34.707784,1999,22200.000000,33969.396940,1.530153,Annual,0,18.000000,1066.421076,1006.033351,6.002557,59.245615,35.521001,0.599555,14.000000,12.000000,3.000000,3.000000,60.000000,HarvestStat Africa v1.2,https://raw.githubusercontent.com/HarvestStat/HarvestStat-Africa/main/public/hvstat_africa_data_v1.2.csv,WFP HDX CHIRPS v2 dekadal indicators,https://data.humdata.org/dataset/ken-rainfall-subnational
Wajir,KE008,1.939715,40.024507,1999,755.000000,336.000000,0.445033,Annual,0,18.000000,102.346133,193.539230,-47.118663,5.685896,6.562084,1.154099,1.000000,0.000000,14.000000,7.000000,182.000000,HarvestStat Africa v1.2,https://raw.githubusercontent.com/HarvestStat/HarvestStat-Africa/main/public/hvstat_africa_data_v1.2.csv,WFP HDX CHIRPS v2 dekadal indicators,https://data.humdata.org/dataset/ken-rainfall-subnational
West Pokot,KE024,1.893374,35.212768,1999,21300.000000,18180.000000,0.853521,Annual,0,18.000000,359.204081,443.095810,-18.933090,19.955782,18.554207,0.929766,7.000000,2.000000,6.000000,6.000000,60.000000,HarvestStat Africa v1.2,https://raw.githubusercontent.com/HarvestStat/HarvestStat-Africa/main/public/hvstat_africa_data_v1.2.csv,WFP HDX CHIRPS v2 dekadal indicators,https://data.humdata.org/dataset/ken-rainfall-subnational
Baringo,KE030,0.726352,36.018591,2000,20500.000000,47997.000000,2.341317,Annual,0,18.000000,200.384615,465.744538,-56.975423,11.132479,8.743388,0.785395,5.000000,0.000000,9.000000,6.000000,132.000000,HarvestStat Africa v1.2,https://raw.githubusercontent.com/HarvestStat/HarvestStat-Africa/main/public/hvstat_africa_data_v1.2.csv,WFP HDX CHIRPS v2 dekadal indicators,https://data.humdata.org/dataset/ken-rainfall-subnational
Bomet,KE036,-0.716095,35.238459,2000,32000.000000,46647.000000,1.457719,Annual,0,18.000000,602.126320,842.724213,-28.550015,33.451462,21.153547,0.632365,12.000000,3.000000,2.000000,1.000000,61.000000,HarvestStat Africa v1.2,https://raw.githubusercontent.com/HarvestStat/HarvestStat-Africa/main/public/hvstat_africa_data_v1.2.csv,WFP HDX CHIRPS v2 dekadal indicators,https://data.humdata.org/dataset/ken-rainfall-subnational
Bungoma,KE039,0.785694,34.718757,2000,76150.000000,209576.957696,2.752160,Annual,0,18.000000,623.640002,854.742337,-27.037661,34.646667,30.960267,0.893600,10.000000,5.000000,6.000000,3.000000,92.000000,HarvestStat Africa v1.2,https://raw.githubusercontent.com/HarvestStat/HarvestStat-Africa/main/public/hvstat_africa_data_v1.2.csv,WFP HDX CHIRPS v2 dekadal indicators,https://data.humdata.org/dataset/ken-rainfall-subnational
Busia,KE040,0.375707,34.265111,2000,23172.000000,26326.912691,1.136152,Annual,0,18.000000,646.288463,900.425645,-28.224116,35.904915,27.319484,0.760884,10.000000,5.000000,3.000000,2.000000,61.000000,HarvestStat Africa v1.2,https://raw.githubusercontent.com/HarvestStat/HarvestStat-Africa/main/public/hvstat_africa_data_v1.2.csv,WFP HDX CHIRPS v2 dekadal indicators,https://data.humdata.org/dataset/ken-rainfall-subnational
Elgeyo-Marakwet,KE028,0.745102,35.560856,2000,49100.000000,148109.000000,3.016477,Annual,0,18.000000,349.424242,657.566659,-46.861016,19.412458,15.413948,0.794023,8.000000,1.000000,8.000000,6.000000,112.000000,HarvestStat Africa v1.2,https://raw.githubusercontent.com/HarvestStat/HarvestStat-Africa/main/public/hvstat_africa_data_v1.2.csv,WFP HDX CHIRPS v2 dekadal indicators,https://data.humdata.org/dataset/ken-rainfall-subnational
Embu,KE014,-0.532830,37.664629,2000,36275.000000,41797.929793,1.152252,Annual,0,18.000000,250.142860,525.286081,-52.379690,13.896826,20.239908,1.456441,3.000000,1.000000,11.000000,6.000000,92.000000,HarvestStat Africa v1.2,https://raw.githubusercontent.com/HarvestStat/HarvestStat-Africa/main/public/hvstat_africa_data_v1.2.csv,WFP HDX CHIRPS v2 dekadal indicators,https://data.humdata.org/dataset/ken-rainfall-subnational
Garissa,KE007,-0.520490,40.355590,2000,880.000000,940.000000,1.068182,Annual,0,18.000000,155.796566,240.279175,-35.160188,8.655365,8.480269,0.979770,2.000000,0.000000,13.000000,9.000000,92.000000,HarvestStat Africa v1.2,https://raw.githubusercontent.com/HarvestStat/HarvestStat-Africa/main/public/hvstat_africa_data_v1.2.csv,WFP HDX CHIRPS v2 dekadal indicators,https://data.humdata.org/dataset/ken-rainfall-subnational
Homa Bay,KE043,-0.562403,34.314532,2000,32647.000000,49386.048605,1.512729,Annual,0,18.000000,584.513761,734.102143,-20.377053,32.472987,21.421723,0.659678,10.000000,6.000000,5.000000,5.000000,61.000000,HarvestStat Africa v1.2,https://raw.githubusercontent.com/HarvestStat/HarvestStat-Africa/main/public/hvstat_africa_data_v1.2.csv,WFP HDX CHIRPS v2 dekadal indicators,https://data.humdata.org/dataset/ken-rainfall-subnational
Isiolo,KE011,1.006385,38.747651,2000,1751.000000,1600.090009,0.913815,Annual,0,18.000000,39.775903,173.962088,-77.135304,2.209772,1.757523,0.795341,0.000000,0.000000,18.000000,18.000000,182.000000,HarvestStat Africa v1.2,https://raw.githubusercontent.com/HarvestStat/HarvestStat-Africa/main/public/hvstat_africa_data_v1.2.csv,WFP HDX CHIRPS v2 dekadal indicators,https://data.humdata.org/dataset/ken-rainfall-subnational
Kajiado,KE034,-2.112369,36.777606,2000,32200.000000,39258.000000,1.219193,Annual,0,18.000000,176.289325,373.466385,-52.796468,9.793851,9.701245,0.990544,3.000000,0.000000,12.000000,6.000000,81.000000,HarvestStat Africa v1.2,https://raw.githubusercontent.com/HarvestStat/HarvestStat-Africa/main/public/hvstat_africa_data_v1.2.csv,WFP HDX CHIRPS v2 dekadal indicators,https://data.humdata.org/dataset/ken-rainfall-subnational
Kakamega,KE037,0.497190,34.800929,2000,71401.000000,203503.690369,2.850152,Annual,0,18.000000,653.568422,951.356143,-31.301393,36.309357,28.266824,0.778500,11.000000,5.000000,4.000000,2.000000,61.000000,HarvestStat Africa v1.2,https://raw.githubusercontent.com/HarvestStat/HarvestStat-Africa/main/public/hvstat_africa_data_v1.2.csv,WFP HDX CHIRPS v2 dekadal indicators,https://data.humdata.org/dataset/ken-rainfall-subnational
Kericho,KE035,-0.316683,35.225997,2000,50000.000000,151083.000000,3.021660,Annual,0,18.000000,532.910452,795.027352,-32.969545,29.606136,19.463853,0.657426,12.000000,3.000000,6.000000,6.000000,61.000000,HarvestStat Africa v1.2,https://raw.githubusercontent.com/HarvestStat/HarvestStat-Africa/main/public/hvstat_africa_data_v1.2.csv,WFP HDX CHIRPS v2 dekadal indicators,https://data.humdata.org/dataset/ken-rainfall-subnational
Kiambu,KE022,-1.034385,36.843216,2000,16500.000000,12790.000000,0.775152,Annual,0,18.000000,311.214287,695.396027,-55.246468,17.289683,15.990762,0.924873,6.000000,2.000000,9.000000,8.000000,92.000000,HarvestStat Africa v1.2,https://raw.githubusercontent.com/HarvestStat/HarvestStat-Africa/main/public/hvstat_africa_data_v1.2.csv,WFP HDX CHIRPS v2 dekadal indicators,https://data.humdata.org/dataset/ken-rainfall-subnational
Kilifi,KE003,-3.152441,39.672708,2000,36245.000000,35886.138614,0.990099,Annual,0,18.000000,499.141085,488.607513,2.155835,27.730060,31.874392,1.149453,8.000000,2.000000,6.000000,6.000000,81.000000,HarvestStat Africa v1.2,https://raw.githubusercontent.com/HarvestStat/HarvestStat-Africa/main/public/hvstat_africa_data_v1.2.csv,WFP HDX CHIRPS v2 dekadal indicators,https://data.humdata.org/dataset/ken-rainfall-subnational
Kirinyaga,KE020,-0.467350,37.301902,2000,27000.000000,19442.000000,0.720074,Annual,0,18.000000,310.000002,646.759723,-52.068753,17.222222,17.383473,1.009363,6.000000,1.000000,10.000000,6.000000,92.000000,HarvestStat Africa v1.2,https://raw.githubusercontent.com/HarvestStat/HarvestStat-Africa/main/public/hvstat_africa_data_v1.2.csv,WFP HDX CHIRPS v2 dekadal indicators,https://data.humdata.org/dataset/ken-rainfall-subnational
Kisii,KE045,-0.736677,34.753510,2000,48150.000000,138379.837984,2.873932,Annual,0,18.000000,794.400006,925.845013,-14.197301,44.133334,28.107762,0.636883,12.000000,8.000000,1.000000,1.000000,61.000000,HarvestStat Africa v1.2,https://raw.githubusercontent.com/HarvestStat/HarvestStat-Africa/main/public/hvstat_africa_data_v1.2.csv,WFP HDX CHIRPS v2 dekadal indicators,https://data.humdata.org/dataset/ken-rainfall-subnational
Kisumu,KE042,-0.194380,34.777329,2000,21490.000000,29995.229523,1.395776,Annual,0,18.000000,587.260865,816.425122,-28.069231,32.625604,20.605976,0.631589,12.000000,5.000000,3.000000,2.000000,61.000000,HarvestStat Africa v1.2,https://raw.githubusercontent.com/HarvestStat/HarvestStat-Africa/main/public/hvstat_africa_data_v1.2.csv,WFP HDX CHIRPS v2 dekadal indicators,https://data.humdata.org/dataset/ken-rainfall-subnational
Kitui,KE015,-1.560490,38.371810,2000,67769.036904,17682.088209,0.260917,Annual,0,18.000000,149.641928,272.434005,-45.072228,8.313440,14.624672,1.759160,1.000000,1.000000,14.000000,8.000000,92.000000,HarvestStat Africa v1.2,https://raw.githubusercontent.com/HarvestStat/HarvestStat-Africa/main/public/hvstat_africa_data_v1.2.csv,WFP HDX CHIRPS v2 dekadal indicators,https://data.humdata.org/dataset/ken-rainfall-subnational
Kwale,KE002,-4.120591,39.066136,2000,10763.000000,10656.885689,0.990141,Annual,0,18.000000,487.163579,541.885007,-10.098347,27.064643,23.792972,0.879116,10.000000,2.000000,6.000000,6.000000,81.000000,HarvestStat Africa v1.2,https://raw.githubusercontent.com/HarvestStat/HarvestStat-Africa/main/public/hvstat_africa_data_v1.2.csv,WFP HDX CHIRPS v2 dekadal indicators,https://data.humdata.org/dataset/ken-rainfall-subnational
Laikipia,KE031,0.289134,36.825248,2000,22700.000000,46224.000000,2.036300,Annual,0,18.000000,146.430464,361.774838,-59.524420,8.135026,4.530067,0.556860,0.000000,0.000000,10.000000,9.000000,182.000000,HarvestStat Africa v1.2,https://raw.githubusercontent.com/HarvestStat/HarvestStat-Africa/main/public/hvstat_africa_data_v1.2.csv,WFP HDX CHIRPS v2 dekadal indicators,https://data.humdata.org/dataset/ken-rainfall-subnational
Lamu,KE005,-2.063679,40.545830,2000,5297.000000,5244.554455,0.990099,Annual,0,18.000000,476.463060,534.602138,-10.875205,26.470170,37.192595,1.405076,9.000000,3.000000,9.000000,8.000000,92.000000,HarvestStat Africa v1.2,https://raw.githubusercontent.com/HarvestStat/HarvestStat-Africa/main/public/hvstat_africa_data_v1.2.csv,WFP HDX CHIRPS v2 dekadal indicators,https://data.humdata.org/dataset/ken-rainfall-subnational
Machakos,KE016,-1.276237,37.394595,2000,163880.000000,78041.404140,0.476211,Annual,0,18.000000,186.226604,412.340392,-54.836682,10.345922,14.697422,1.420600,3.000000,1.000000,13.000000,8.000000,92.000000,HarvestStat Africa v1.2,https://raw.githubusercontent.com/HarvestStat/HarvestStat-Africa/main/public/hvstat_africa_data_v1.2.csv,WFP HDX CHIRPS v2 dekadal indicators,https://data.humdata.org/dataset/ken-rainfall-subnational
Makueni,KE017,-2.253637,37.876663,2000,93800.000000,51305.130513,0.546963,Annual,0,18.000000,181.474704,334.183265,-45.696053,10.081928,15.779756,1.565153,3.000000,1.000000,13.000000,6.000000,92.000000,HarvestStat Africa v1.2,https://raw.githubusercontent.com/HarvestStat/HarvestStat-Africa/main/public/hvstat_africa_data_v1.2.csv,WFP HDX CHIRPS v2 dekadal indicators,https://data.humdata.org/dataset/ken-rainfall-subnational
Mandera,KE009,3.230964,40.711346,2000,3000.000000,2400.000000,0.800000,Annual,0,18.000000,94.066511,189.924349,-50.471590,5.225917,10.357002,1.981853,1.000000,0.000000,16.000000,10.000000,182.000000,HarvestStat Africa v1.2,https://raw.githubusercontent.com/HarvestStat/HarvestStat-Africa/main/public/hvstat_africa_data_v1.2.csv,WFP HDX CHIRPS v2 dekadal indicators,https://data.humdata.org/dataset/ken-rainfall-subnational
Marsabit,KE010,2.860480,37.714884,2000,7600.000000,4860.486049,0.639538,Annual,0,18.000000,51.248698,184.486778,-72.220937,2.847150,1.972387,0.692759,0.000000,0.000000,18.000000,18.000000,182.000000,HarvestStat Africa v1.2,https://raw.githubusercontent.com/HarvestStat/HarvestStat-Africa/main/public/hvstat_africa_data_v1.2.csv,WFP HDX CHIRPS v2 dekadal indicators,https://data.humdata.org/dataset/ken-rainfall-subnational
Meru,KE012,0.229055,37.776111,2000,116565.000000,113337.083708,0.972308,Annual,0,18.000000,222.806168,524.441410,-57.515527,12.378120,15.233616,1.230689,3.000000,1.000000,12.000000,9.000000,92.000000,HarvestStat Africa v1.2,https://raw.githubusercontent.com/HarvestStat/HarvestStat-Africa/main/public/hvstat_africa_data_v1.2.csv,WFP HDX CHIRPS v2 dekadal indicators,https://data.humdata.org/dataset/ken-rainfall-subnational
Migori,KE044,-1.018704,34.309173,2000,39900.000000,93474.347435,2.342715,Annual,0,18.000000,650.609188,753.103059,-13.609541,36.144955,23.316483,0.645083,10.000000,5.000000,1.000000,1.000000,61.000000,HarvestStat Africa v1.2,https://raw.githubusercontent.com/HarvestStat/HarvestStat-Africa/main/public/hvstat_africa_data_v1.2.csv,WFP HDX CHIRPS v2 dekadal indicators,https://data.humdata.org/dataset/ken-rainfall-subnational
Mombasa,KE001,-3.990448,39.701130,2000,729.000000,721.782178,0.990099,Annual,0,18.000000,792.700000,734.479994,7.926697,44.038889,53.767732,1.220915,11.000000,7.000000,7.000000,6.000000,81.000000,HarvestStat Africa v1.2,https://raw.githubusercontent.com/HarvestStat/HarvestStat-Africa/main/public/hvstat_africa_data_v1.2.csv,WFP HDX CHIRPS v2 dekadal indicators,https://data.humdata.org/dataset/ken-rainfall-subnational
Murang'a,KE021,-0.828519,37.004173,2000,34910.000000,25337.000000,0.725781,Annual,0,18.000000,294.436973,695.837541,-57.685960,16.357610,16.667428,1.018940,6.000000,1.000000,11.000000,8.000000,92.000000,HarvestStat Africa v1.2,https://raw.githubusercontent.com/HarvestStat/HarvestStat-Africa/main/public/hvstat_africa_data_v1.2.csv,WFP HDX CHIRPS v2 dekadal indicators,https://data.humdata.org/dataset/ken-rainfall-subnational
Nakuru,KE032,-0.458448,36.100384,2000,65300.000000,162162.000000,2.483338,Annual,0,18.000000,246.428573,535.090196,-53.946349,13.690476,8.913767,0.651093,5.000000,0.000000,8.000000,8.000000,102.000000,HarvestStat Africa v1.2,https://raw.githubusercontent.com/HarvestStat/HarvestStat-Africa/main/public/hvstat_africa_data_v1.2.csv,WFP HDX CHIRPS v2 dekadal indicators,https://data.humdata.org/dataset/ken-rainfall-subnational
Nandi,KE029,0.227352,35.123876,2000,66500.000000,176886.000000,2.659940,Annual,0,18.000000,567.208796,819.099630,-30.752161,31.511600,22.974253,0.729073,11.000000,5.000000,4.000000,3.000000,92.000000,HarvestStat Africa v1.2,https://raw.githubusercontent.com/HarvestStat/HarvestStat-Africa/main/public/hvstat_africa_data_v1.2.csv,WFP HDX CHIRPS v2 dekadal indicators,https://data.humdata.org/dataset/ken-rainfall-subnational
Narok,KE033,-1.279878,35.476358,2000,55000.000000,109665.000000,1.993909,Annual,0,18.000000,354.246994,591.197598,-40.079764,19.680389,11.289395,0.573637,7.000000,0.000000,4.000000,3.000000,61.000000,HarvestStat Africa v1.2,https://raw.githubusercontent.com/HarvestStat/HarvestStat-Africa/main/public/hvstat_africa_data_v1.2.csv,WFP HDX CHIRPS v2 dekadal indicators,https://data.humdata.org/dataset/ken-rainfall-subnational
Nyamira,KE046,-0.649378,34.933398,2000,31094.000000,80191.359136,2.578998,Annual,0,18.000000,748.586222,912.716100,-17.982577,41.588123,26.644429,0.640674,12.000000,7.000000,1.000000,1.000000,61.000000,HarvestStat Africa v1.2,https://raw.githubusercontent.com/HarvestStat/HarvestStat-Africa/main/public/hvstat_africa_data_v1.2.csv,WFP HDX CHIRPS v2 dekadal indicators,https://data.humdata.org/dataset/ken-rainfall-subnational
Nyandarua,KE018,-0.389093,36.497431,2000,15490.000000,27417.000000,1.769981,Annual,0,18.000000,261.138888,598.538580,-56.370584,14.507716,9.344216,0.644086,7.000000,0.000000,8.000000,6.000000,112.000000,HarvestStat Africa v1.2,https://raw.githubusercontent.com/HarvestStat/HarvestStat-Africa/main/public/hvstat_africa_data_v1.2.csv,WFP HDX CHIRPS v2 dekadal indicators,https://data.humdata.org/dataset/ken-rainfall-subnational
Nyeri,KE019,-0.314375,36.930473,2000,23700.000000,13897.000000,0.586371,Annual,0,18.000000,311.245455,644.133946,-51.680011,17.291414,11.895690,0.687954,6.000000,0.000000,9.000000,6.000000,92.000000,HarvestStat Africa v1.2,https://raw.githubusercontent.com/HarvestStat/HarvestStat-Africa/main/public/hvstat_africa_data_v1.2.csv,WFP HDX CHIRPS v2 dekadal indicators,https://data.humdata.org/dataset/ken-rainfall-subnational
Samburu,KE025,1.541373,36.941540,2000,1500.000000,1350.000000,0.900000,Annual,0,18.000000,83.839416,270.988171,-69.061596,4.657745,2.528481,0.542855,0.000000,0.000000,17.000000,9.000000,182.000000,HarvestStat Africa v1.2,https://raw.githubusercontent.com/HarvestStat/HarvestStat-Africa/main/public/hvstat_africa_data_v1.2.csv,WFP HDX CHIRPS v2 dekadal indicators,https://data.humdata.org/dataset/ken-rainfall-subnational
Siaya,KE041,-0.057674,34.199887,2000,55463.000000,76303.600360,1.375757,Annual,0,18.000000,575.012500,811.195420,-29.115416,31.945139,21.863517,0.684408,10.000000,3.000000,4.000000,3.000000,61.000000,HarvestStat Africa v1.2,https://raw.githubusercontent.com/HarvestStat/HarvestStat-Africa/main/public/hvstat_africa_data_v1.2.csv,WFP HDX CHIRPS v2 dekadal indicators,https://data.humdata.org/dataset/ken-rainfall-subnational
Taita Taveta,KE006,-3.405203,38.371760,2000,7635.000000,7559.405941,0.990099,Annual,0,18.000000,210.582886,310.607723,-32.202946,11.699049,12.080763,1.032628,4.000000,0.000000,11.000000,6.000000,61.000000,HarvestStat Africa v1.2,https://raw.githubusercontent.com/HarvestStat/HarvestStat-Africa/main/public/hvstat_africa_data_v1.2.csv,WFP HDX CHIRPS v2 dekadal indicators,https://data.humdata.org/dataset/ken-rainfall-subnational
Tana River,KE004,-1.534918,39.550288,2000,840.000000,831.683168,0.990099,Annual,0,18.000000,132.125507,192.080568,-31.213496,7.340306,6.260408,0.852881,1.000000,0.000000,14.000000,8.000000,182.000000,HarvestStat Africa v1.2,https://raw.githubusercontent.com/HarvestStat/HarvestStat-Africa/main/public/hvstat_africa_data_v1.2.csv,WFP HDX CHIRPS v2 dekadal indicators,https://data.humdata.org/dataset/ken-rainfall-subnational
Tharaka-Nithi,KE013,-0.191445,37.960417,2000,5846.000000,456.075608,0.078015,Annual,0,18.000000,249.428571,547.091662,-54.408267,13.857143,21.257401,1.534039,3.000000,1.000000,12.000000,9.000000,92.000000,HarvestStat Africa v1.2,https://raw.githubusercontent.com/HarvestStat/HarvestStat-Africa/main/public/hvstat_africa_data_v1.2.csv,WFP HDX CHIRPS v2 dekadal indicators,https://data.humdata.org/dataset/ken-rainfall-subnational
Trans Nzoia,KE026,1.045915,34.980778,2000,78500.000000,240408.000000,3.062522,Annual,0,18.000000,420.063293,634.237966,-33.768819,23.336850,21.478382,0.920363,8.000000,3.000000,8.000000,6.000000,92.000000,HarvestStat Africa v1.2,https://raw.githubusercontent.com/HarvestStat/HarvestStat-Africa/main/public/hvstat_africa_data_v1.2.csv,WFP HDX CHIRPS v2 dekadal indicators,https://data.humdata.org/dataset/ken-rainfall-subnational
Turkana,KE023,3.162488,35.313492,2000,900.000000,1026.000000,1.140000,Annual,0,18.000000,64.617179,172.177661,-62.470637,3.589843,1.964808,0.547324,0.000000,0.000000,18.000000,18.000000,182.000000,HarvestStat Africa v1.2,https://raw.githubusercontent.com/HarvestStat/HarvestStat-Africa/main/public/hvstat_africa_data_v1.2.csv,WFP HDX CHIRPS v2 dekadal indicators,https://data.humdata.org/dataset/ken-rainfall-subnational
Uasin Gishu,KE027,0.478188,35.303799,2000,61800.000000,177984.000000,2.880000,Annual,0,18.000000,364.621625,606.721928,-39.903009,20.256757,15.944820,0.787136,9.000000,0.000000,8.000000,6.000000,102.000000,HarvestStat Africa v1.2,https://raw.githubusercontent.com/HarvestStat/HarvestStat-Africa/main/public/hvstat_africa_data_v1.2.csv,WFP HDX CHIRPS v2 dekadal indicators,https://data.humdata.org/dataset/ken-rainfall-subnational
Vihiga,KE038,0.084857,34.707784,2000,23300.000000,37749.774977,1.620162,Annual,0,18.000000,689.578961,1006.033351,-31.455656,38.309942,28.690584,0.748907,12.000000,5.000000,2.000000,1.000000,61.000000,HarvestStat Africa v1.2,https://raw.githubusercontent.com/HarvestStat/HarvestStat-Africa/main/public/hvstat_africa_data_v1.2.csv,WFP HDX CHIRPS v2 dekadal indicators,https://data.humdata.org/dataset/ken-rainfall-subnational
Wajir,KE008,1.939715,40.024507,2000,1720.000000,744.000000,0.432558,Annual,0,18.000000,64.566253,193.539230,-66.639191,3.587014,4.482861,1.249747,0.000000,0.000000,15.000000,9.000000,182.000000,HarvestStat Africa v1.2,https://raw.githubusercontent.com/HarvestStat/HarvestStat-Africa/main/public/hvstat_africa_data_v1.2.csv,WFP HDX CHIRPS v2 dekadal indicators,https://data.humdata.org/dataset/ken-rainfall-subnational
West Pokot,KE024,1.893374,35.212768,2000,22600.000000,36657.000000,1.621991,Annual,0,18.000000,231.758501,443.095810,-47.695623,12.875472,10.424798,0.809663,5.000000,0.000000,8.000000,6.000000,112.000000,HarvestStat Africa v1.2,https://raw.githubusercontent.com/HarvestStat/HarvestStat-Africa/main/public/hvstat_africa_data_v1.2.csv,WFP HDX CHIRPS v2 dekadal indicators,https://data.humdata.org/dataset/ken-rainfall-subnational
Baringo,KE030,0.726352,36.018591,2001,19650.000000,27614.000000,1.405293,Annual,0,18.000000,505.578349,465.744538,8.552717,28.087686,21.951961,0.781551,9.000000,4.000000,6.000000,3.000000,80.000000,HarvestStat Africa v1.2,https://raw.githubusercontent.com/HarvestStat/HarvestStat-Africa/main/public/hvstat_africa_data_v1.2.csv,WFP HDX CHIRPS v2 dekadal indicators,https://data.humdata.org/dataset/ken-rainfall-subnational
Bomet,KE036,-0.716095,35.238459,2001,29000.000000,52205.000000,1.800172,Annual,0,18.000000,1032.905266,842.724213,22.567413,57.383626,34.547957,0.602053,16.000000,9.000000,0.000000,0.000000,60.000000,HarvestStat Africa v1.2,https://raw.githubusercontent.com/HarvestStat/HarvestStat-Africa/main/public/hvstat_africa_data_v1.2.csv,WFP HDX CHIRPS v2 dekadal indicators,https://data.humdata.org/dataset/ken-rainfall-subnational
Bungoma,KE039,0.785694,34.718757,2001,72770.000000,178673.087309,2.455312,Annual,0,18.000000,931.849999,854.742337,9.021159,51.769444,28.601787,0.552484,15.000000,11.000000,2.000000,1.000000,60.000000,HarvestStat Africa v1.2,https://raw.githubusercontent.com/HarvestStat/HarvestStat-Africa/main/public/hvstat_africa_data_v1.2.csv,WFP HDX CHIRPS v2 dekadal indicators,https://data.humdata.org/dataset/ken-rainfall-subnational
Busia,KE040,0.375707,34.265111,2001,27588.000000,37265.166517,1.350774,Annual,0,18.000000,995.769239,900.425645,10.588725,55.320513,27.522612,0.497512,15.000000,11.000000,2.000000,1.000000,60.000000,HarvestStat Africa v1.2,https://raw.githubusercontent.com/HarvestStat/HarvestStat-Africa/main/public/hvstat_africa_data_v1.2.csv,WFP HDX CHIRPS v2 dekadal indicators,https://data.humdata.org/dataset/ken-rainfall-subnational
Elgeyo-Marakwet,KE028,0.745102,35.560856,2001,29300.000000,62124.000000,2.120273,Annual,0,18.000000,664.787880,657.566659,1.098173,36.932660,25.706561,0.696039,11.000000,7.000000,4.000000,2.000000,60.000000,HarvestStat Africa v1.2,https://raw.githubusercontent.com/HarvestStat/HarvestStat-Africa/main/public/hvstat_africa_data_v1.2.csv,WFP HDX CHIRPS v2 dekadal indicators,https://data.humdata.org/dataset/ken-rainfall-subnational
Embu,KE014,-0.532830,37.664629,2001,39200.000000,52594.059406,1.341685,Annual,0,18.000000,603.494502,525.286081,14.888729,33.527472,38.338160,1.143485,9.000000,4.000000,6.000000,3.000000,80.000000,HarvestStat Africa v1.2,https://raw.githubusercontent.com/HarvestStat/HarvestStat-Africa/main/public/hvstat_africa_data_v1.2.csv,WFP HDX CHIRPS v2 dekadal indicators,https://data.humdata.org/dataset/ken-rainfall-subnational
Garissa,KE007,-0.520490,40.355590,2001,180.000000,105.000000,0.583333,Annual,0,18.000000,198.799313,240.279175,-17.263195,11.044406,10.706354,0.969392,3.000000,0.000000,11.000000,8.000000,91.000000,HarvestStat Africa v1.2,https://raw.githubusercontent.com/HarvestStat/HarvestStat-Africa/main/public/hvstat_africa_data_v1.2.csv,WFP HDX CHIRPS v2 dekadal indicators,https://data.humdata.org/dataset/ken-rainfall-subnational
Homa Bay,KE043,-0.562403,34.314532,2001,38550.000000,46309.630963,1.201287,Annual,0,18.000000,811.339443,734.102143,10.521329,45.074413,23.944872,0.531230,16.000000,6.000000,1.000000,1.000000,60.000000,HarvestStat Africa v1.2,https://raw.githubusercontent.com/HarvestStat/HarvestStat-Africa/main/public/hvstat_africa_data_v1.2.csv,WFP HDX CHIRPS v2 dekadal indicators,https://data.humdata.org/dataset/ken-rainfall-subnational
Isiolo,KE011,1.006385,38.747651,2001,1148.000000,857.965797,0.747357,Annual,0,18.000000,168.726508,173.962088,-3.009609,9.373695,13.393278,1.428815,4.000000,0.000000,14.000000,8.000000,80.000000,HarvestStat Africa v1.2,https://raw.githubusercontent.com/HarvestStat/HarvestStat-Africa/main/public/hvstat_africa_data_v1.2.csv,WFP HDX CHIRPS v2 dekadal indicators,https://data.humdata.org/dataset/ken-rainfall-subnational
Kajiado,KE034,-2.112369,36.777606,2001,36300.000000,53978.000000,1.486997,Annual,0,18.000000,491.407296,373.466385,31.580061,27.300405,33.529433,1.228166,5.000000,4.000000,8.000000,3.000000,80.000000,HarvestStat Africa v1.2,https://raw.githubusercontent.com/HarvestStat/HarvestStat-Africa/main/public/hvstat_africa_data_v1.2.csv,WFP HDX CHIRPS v2 dekadal indicators,https://data.humdata.org/dataset/ken-rainfall-subnational
Kakamega,KE037,0.497190,34.800929,2001,66445.000000,147493.609361,2.219785,Annual,0,18.000000,1009.505270,951.356143,6.112235,56.083626,28.495241,0.508085,15.000000,11.000000,1.000000,1.000000,60.000000,HarvestStat Africa v1.2,https://raw.githubusercontent.com/HarvestStat/HarvestStat-Africa/main/public/hvstat_africa_data_v1.2.csv,WFP HDX CHIRPS v2 dekadal indicators,https://data.humdata.org/dataset/ken-rainfall-subnational
Kericho,KE035,-0.316683,35.225997,2001,50900.000000,121962.000000,2.396110,Annual,0,18.000000,865.537319,795.027352,8.868873,48.085407,26.363746,0.548269,15.000000,8.000000,2.000000,2.000000,60.000000,HarvestStat Africa v1.2,https://raw.githubusercontent.com/HarvestStat/HarvestStat-Africa/main/public/hvstat_africa_data_v1.2.csv,WFP HDX CHIRPS v2 dekadal indicators,https://data.humdata.org/dataset/ken-rainfall-subnational
Kiambu,KE022,-1.034385,36.843216,2001,18750.000000,25408.000000,1.355093,Annual,0,18.000000,883.761909,695.396027,27.087569,49.097884,44.036319,0.896909,13.000000,5.000000,3.000000,3.000000,60.000000,HarvestStat Africa v1.2,https://raw.githubusercontent.com/HarvestStat/HarvestStat-Africa/main/public/hvstat_africa_data_v1.2.csv,WFP HDX CHIRPS v2 dekadal indicators,https://data.humdata.org/dataset/ken-rainfall-subnational
Kilifi,KE003,-3.152441,39.672708,2001,27453.000000,22239.153915,0.810081,Annual,0,18.000000,381.047031,488.607513,-22.013677,21.169279,16.316948,0.770784,9.000000,1.000000,6.000000,6.000000,91.000000,HarvestStat Africa v1.2,https://raw.githubusercontent.com/HarvestStat/HarvestStat-Africa/main/public/hvstat_africa_data_v1.2.csv,WFP HDX CHIRPS v2 dekadal indicators,https://data.humdata.org/dataset/ken-rainfall-subnational
Kirinyaga,KE020,-0.467350,37.301902,2001,26700.000000,26193.000000,0.981011,Annual,0,18.000000,777.354175,646.759723,20.192113,43.186343,43.861611,1.015636,10.000000,5.000000,4.000000,3.000000,80.000000,HarvestStat Africa v1.2,https://raw.githubusercontent.com/HarvestStat/HarvestStat-Africa/main/public/hvstat_africa_data_v1.2.csv,WFP HDX CHIRPS v2 dekadal indicators,https://data.humdata.org/dataset/ken-rainfall-subnational
Kisii,KE045,-0.736677,34.753510,2001,48730.000000,72464.446445,1.487060,Annual,0,18.000000,1144.950009,925.845013,23.665408,63.608334,33.102671,0.520414,18.000000,10.000000,0.000000,0.000000,60.000000,HarvestStat Africa v1.2,https://raw.githubusercontent.com/HarvestStat/HarvestStat-Africa/main/public/hvstat_africa_data_v1.2.csv,WFP HDX CHIRPS v2 dekadal indicators,https://data.humdata.org/dataset/ken-rainfall-subnational
Kisumu,KE042,-0.194380,34.777329,2001,20841.000000,27920.072007,1.339670,Annual,0,18.000000,844.942029,816.425122,3.492899,46.941224,25.148552,0.535746,17.000000,7.000000,1.000000,1.000000,60.000000,HarvestStat Africa v1.2,https://raw.githubusercontent.com/HarvestStat/HarvestStat-Africa/main/public/hvstat_africa_data_v1.2.csv,WFP HDX CHIRPS v2 dekadal indicators,https://data.humdata.org/dataset/ken-rainfall-subnational
Kitui,KE015,-1.560490,38.371810,2001,74620.027003,56995.139514,0.763805,Annual,0,18.000000,260.840526,272.434005,-4.255518,14.491140,20.396995,1.407549,4.000000,2.000000,12.000000,6.000000,80.000000,HarvestStat Africa v1.2,https://raw.githubusercontent.com/HarvestStat/HarvestStat-Africa/main/public/hvstat_africa_data_v1.2.csv,WFP HDX CHIRPS v2 dekadal indicators,https://data.humdata.org/dataset/ken-rainfall-subnational
Kwale,KE002,-4.120591,39.066136,2001,11260.000000,9121.512151,0.810081,Annual,0,18.000000,465.650548,541.885007,-14.068383,25.869475,18.080119,0.698898,10.000000,1.000000,5.000000,4.000000,91.000000,HarvestStat Africa v1.2,https://raw.githubusercontent.com/HarvestStat/HarvestStat-Africa/main/public/hvstat_africa_data_v1.2.csv,WFP HDX CHIRPS v2 dekadal indicators,https://data.humdata.org/dataset/ken-rainfall-subnational
Laikipia,KE031,0.289134,36.825248,2001,21400.000000,23879.000000,1.115841,Annual,0,18.000000,427.029793,361.774838,18.037450,23.723877,20.604591,0.868517,6.000000,2.000000,3.000000,3.000000,80.000000,HarvestStat Africa v1.2,https://raw.githubusercontent.com/HarvestStat/HarvestStat-Africa/main/public/hvstat_africa_data_v1.2.csv,WFP HDX CHIRPS v2 dekadal indicators,https://data.humdata.org/dataset/ken-rainfall-subnational
Lamu,KE005,-2.063679,40.545830,2001,5133.000000,4158.505851,0.810151,Annual,0,18.000000,565.492607,534.602138,5.778216,31.416256,41.451887,1.319441,9.000000,4.000000,8.000000,8.000000,80.000000,HarvestStat Africa v1.2,https://raw.githubusercontent.com/HarvestStat/HarvestStat-Africa/main/public/hvstat_africa_data_v1.2.csv,WFP HDX CHIRPS v2 dekadal indicators,https://data.humdata.org/dataset/ken-rainfall-subnational
Machakos,KE016,-1.276237,37.394595,2001,149700.000000,115632.043204,0.772425,Annual,0,18.000000,513.192118,412.340392,24.458367,28.510673,33.204590,1.164637,6.000000,4.000000,6.000000,3.000000,80.000000,HarvestStat Africa v1.2,https://raw.githubusercontent.com/HarvestStat/HarvestStat-Africa/main/public/hvstat_africa_data_v1.2.csv,WFP HDX CHIRPS v2 dekadal indicators,https://data.humdata.org/dataset/ken-rainfall-subnational
Makueni,KE017,-2.253637,37.876663,2001,91500.000000,47654.995500,0.520820,Annual,0,18.000000,377.579767,334.183265,12.985839,20.976654,27.734224,1.322147,5.000000,3.000000,11.000000,6.000000,80.000000,HarvestStat Africa v1.2,https://raw.githubusercontent.com/HarvestStat/HarvestStat-Africa/main/public/hvstat_africa_data_v1.2.csv,WFP HDX CHIRPS v2 dekadal indicators,https://data.humdata.org/dataset/ken-rainfall-subnational
Mandera,KE009,3.230964,40.711346,2001,3101.000000,3069.900000,0.989971,Annual,0,18.000000,132.718528,189.924349,-30.120320,7.373252,11.776281,1.597162,2.000000,0.000000,15.000000,9.000000,101.000000,HarvestStat Africa v1.2,https://raw.githubusercontent.com/HarvestStat/HarvestStat-Africa/main/public/hvstat_africa_data_v1.2.csv,WFP HDX CHIRPS v2 dekadal indicators,https://data.humdata.org/dataset/ken-rainfall-subnational
Marsabit,KE010,2.860480,37.714884,2001,5000.000000,5264.968497,1.052994,Annual,0,18.000000,176.891927,184.486778,-4.116746,9.827329,12.493335,1.271285,4.000000,0.000000,13.000000,6.000000,80.000000,HarvestStat Africa v1.2,https://raw.githubusercontent.com/HarvestStat/HarvestStat-Africa/main/public/hvstat_africa_data_v1.2.csv,WFP HDX CHIRPS v2 dekadal indicators,https://data.humdata.org/dataset/ken-rainfall-subnational
Meru,KE012,0.229055,37.776111,2001,110732.000000,126899.009901,1.146001,Annual,0,18.000000,550.488981,524.441410,4.966727,30.582721,37.067349,1.212036,7.000000,3.000000,7.000000,4.000000,80.000000,HarvestStat Africa v1.2,https://raw.githubusercontent.com/HarvestStat/HarvestStat-Africa/main/public/hvstat_africa_data_v1.2.csv,WFP HDX CHIRPS v2 dekadal indicators,https://data.humdata.org/dataset/ken-rainfall-subnational
Migori,KE044,-1.018704,34.309173,2001,42910.000000,90774.077408,2.115453,Annual,0,18.000000,845.172421,753.103059,12.225334,46.954023,27.615988,0.588150,16.000000,7.000000,0.000000,0.000000,60.000000,HarvestStat Africa v1.2,https://raw.githubusercontent.com/HarvestStat/HarvestStat-Africa/main/public/hvstat_africa_data_v1.2.csv,WFP HDX CHIRPS v2 dekadal indicators,https://data.humdata.org/dataset/ken-rainfall-subnational
Mombasa,KE001,-3.990448,39.701130,2001,516.000000,418.001800,0.810081,Annual,0,18.000000,686.500000,734.479994,-6.532512,38.138889,38.542446,1.010581,10.000000,7.000000,7.000000,7.000000,91.000000,HarvestStat Africa v1.2,https://raw.githubusercontent.com/HarvestStat/HarvestStat-Africa/main/public/hvstat_africa_data_v1.2.csv,WFP HDX CHIRPS v2 dekadal indicators,https://data.humdata.org/dataset/ken-rainfall-subnational
Murang'a,KE021,-0.828519,37.004173,2001,27551.000000,36410.000000,1.321549,Annual,0,18.000000,825.949583,695.837541,18.698623,45.886088,39.737092,0.865994,12.000000,5.000000,3.000000,3.000000,60.000000,HarvestStat Africa v1.2,https://raw.githubusercontent.com/HarvestStat/HarvestStat-Africa/main/public/hvstat_africa_data_v1.2.csv,WFP HDX CHIRPS v2 dekadal indicators,https://data.humdata.org/dataset/ken-rainfall-subnational
Nakuru,KE032,-0.458448,36.100384,2001,60320.805242,95059.000000,1.575891,Annual,0,18.000000,595.789925,535.090196,11.343831,33.099440,20.274921,0.612546,13.000000,4.000000,3.000000,3.000000,60.000000,HarvestStat Africa v1.2,https://raw.githubusercontent.com/HarvestStat/HarvestStat-Africa/main/public/hvstat_africa_data_v1.2.csv,WFP HDX CHIRPS v2 dekadal indicators,https://data.humdata.org/dataset/ken-rainfall-subnational
Nandi,KE029,0.227352,35.123876,2001,61000.000000,147300.000000,2.414754,Annual,0,18.000000,896.428575,819.099630,9.440725,49.801588,28.182638,0.565898,15.000000,9.000000,2.000000,2.000000,60.000000,HarvestStat Africa v1.2,https://raw.githubusercontent.com/HarvestStat/HarvestStat-Africa/main/public/hvstat_africa_data_v1.2.csv,WFP HDX CHIRPS v2 dekadal indicators,https://data.humdata.org/dataset/ken-rainfall-subnational
Narok,KE033,-1.279878,35.476358,2001,55555.597759,96751.000000,1.741517,Annual,0,18.000000,640.770153,591.197598,8.385108,35.598342,22.107676,0.621031,14.000000,3.000000,0.000000,0.000000,60.000000,HarvestStat Africa v1.2,https://raw.githubusercontent.com/HarvestStat/HarvestStat-Africa/main/public/hvstat_africa_data_v1.2.csv,WFP HDX CHIRPS v2 dekadal indicators,https://data.humdata.org/dataset/ken-rainfall-subnational
Nyamira,KE046,-0.649378,34.933398,2001,32424.000000,84286.228623,2.599501,Annual,0,18.000000,1148.344822,912.716100,25.816212,63.796935,36.915439,0.578640,16.000000,11.000000,0.000000,0.000000,60.000000,HarvestStat Africa v1.2,https://raw.githubusercontent.com/HarvestStat/HarvestStat-Africa/main/public/hvstat_africa_data_v1.2.csv,WFP HDX CHIRPS v2 dekadal indicators,https://data.humdata.org/dataset/ken-rainfall-subnational
Nyandarua,KE018,-0.389093,36.497431,2001,14950.000000,21530.000000,1.440134,Annual,0,18.000000,685.092584,598.538580,14.460890,38.060699,25.671943,0.674500,13.000000,5.000000,3.000000,3.000000,60.000000,HarvestStat Africa v1.2,https://raw.githubusercontent.com/HarvestStat/HarvestStat-Africa/main/public/hvstat_africa_data_v1.2.csv,WFP HDX CHIRPS v2 dekadal indicators,https://data.humdata.org/dataset/ken-rainfall-subnational
Nyeri,KE019,-0.314375,36.930473,2001,22300.000000,24086.000000,1.080090,Annual,0,18.000000,730.945468,644.133946,13.477247,40.608082,30.951937,0.762211,12.000000,5.000000,3.000000,3.000000,80.000000,HarvestStat Africa v1.2,https://raw.githubusercontent.com/HarvestStat/HarvestStat-Africa/main/public/hvstat_africa_data_v1.2.csv,WFP HDX CHIRPS v2 dekadal indicators,https://data.humdata.org/dataset/ken-rainfall-subnational
Samburu,KE025,1.541373,36.941540,2001,2400.000000,3114.000000,1.297500,Annual,0,18.000000,284.309492,270.988171,4.915831,15.794972,18.565979,1.175436,5.000000,1.000000,13.000000,6.000000,80.000000,HarvestStat Africa v1.2,https://raw.githubusercontent.com/HarvestStat/HarvestStat-Africa/main/public/hvstat_africa_data_v1.2.csv,WFP HDX CHIRPS v2 dekadal indicators,https://data.humdata.org/dataset/ken-rainfall-subnational
Siaya,KE041,-0.057674,34.199887,2001,68799.000000,85421.692169,1.241612,Annual,0,18.000000,801.037500,811.195420,-1.252216,44.502083,21.963126,0.493530,15.000000,8.000000,1.000000,1.000000,60.000000,HarvestStat Africa v1.2,https://raw.githubusercontent.com/HarvestStat/HarvestStat-Africa/main/public/hvstat_africa_data_v1.2.csv,WFP HDX CHIRPS v2 dekadal indicators,https://data.humdata.org/dataset/ken-rainfall-subnational
Taita Taveta,KE006,-3.405203,38.371760,2001,7253.000000,5875.517552,0.810081,Annual,0,18.000000,289.950089,310.607723,-6.650715,16.108338,14.855608,0.922231,5.000000,0.000000,10.000000,4.000000,80.000000,HarvestStat Africa v1.2,https://raw.githubusercontent.com/HarvestStat/HarvestStat-Africa/main/public/hvstat_africa_data_v1.2.csv,WFP HDX CHIRPS v2 dekadal indicators,https://data.humdata.org/dataset/ken-rainfall-subnational
Tana River,KE004,-1.534918,39.550288,2001,807.000000,653.735374,0.810081,Annual,0,18.000000,145.801621,192.080568,-24.093508,8.100090,7.291809,0.900213,2.000000,0.000000,14.000000,8.000000,80.000000,HarvestStat Africa v1.2,https://raw.githubusercontent.com/HarvestStat/HarvestStat-Africa/main/public/hvstat_africa_data_v1.2.csv,WFP HDX CHIRPS v2 dekadal indicators,https://data.humdata.org/dataset/ken-rainfall-subnational
Tharaka-Nithi,KE013,-0.191445,37.960417,2001,4227.000000,2560.036004,0.605639,Annual,0,18.000000,567.940474,547.091662,3.810844,31.552249,39.223948,1.243143,8.000000,3.000000,7.000000,4.000000,80.000000,HarvestStat Africa v1.2,https://raw.githubusercontent.com/HarvestStat/HarvestStat-Africa/main/public/hvstat_africa_data_v1.2.csv,WFP HDX CHIRPS v2 dekadal indicators,https://data.humdata.org/dataset/ken-rainfall-subnational
Trans Nzoia,KE026,1.045915,34.980778,2001,89300.000000,208902.000000,2.339328,Annual,0,18.000000,678.759499,634.237966,7.019689,37.708861,24.082192,0.638635,12.000000,6.000000,3.000000,2.000000,60.000000,HarvestStat Africa v1.2,https://raw.githubusercontent.com/HarvestStat/HarvestStat-Africa/main/public/hvstat_africa_data_v1.2.csv,WFP HDX CHIRPS v2 dekadal indicators,https://data.humdata.org/dataset/ken-rainfall-subnational
Turkana,KE023,3.162488,35.313492,2001,300.000000,351.000000,1.170000,Annual,0,18.000000,147.546662,172.177661,-14.305572,8.197037,8.395185,1.024173,3.000000,0.000000,15.000000,8.000000,80.000000,HarvestStat Africa v1.2,https://raw.githubusercontent.com/HarvestStat/HarvestStat-Africa/main/public/hvstat_africa_data_v1.2.csv,WFP HDX CHIRPS v2 dekadal indicators,https://data.humdata.org/dataset/ken-rainfall-subnational
Uasin Gishu,KE027,0.478188,35.303799,2001,49000.000000,123492.000000,2.520245,Annual,0,18.000000,652.081089,606.721928,7.476104,36.226727,25.488930,0.703595,12.000000,7.000000,4.000000,2.000000,60.000000,HarvestStat Africa v1.2,https://raw.githubusercontent.com/HarvestStat/HarvestStat-Africa/main/public/hvstat_africa_data_v1.2.csv,WFP HDX CHIRPS v2 dekadal indicators,https://data.humdata.org/dataset/ken-rainfall-subnational
Vihiga,KE038,0.084857,34.707784,2001,22700.000000,34052.205221,1.500097,Annual,0,18.000000,1007.052631,1006.033351,0.101317,55.947368,27.403700,0.489812,17.000000,11.000000,1.000000,1.000000,60.000000,HarvestStat Africa v1.2,https://raw.githubusercontent.com/HarvestStat/HarvestStat-Africa/main/public/hvstat_africa_data_v1.2.csv,WFP HDX CHIRPS v2 dekadal indicators,https://data.humdata.org/dataset/ken-rainfall-subnational
Wajir,KE008,1.939715,40.024507,2001,1775.000000,1420.000000,0.800000,Annual,0,18.000000,142.595997,193.539230,-26.321916,7.922000,12.556064,1.584961,3.000000,1.000000,14.000000,8.000000,101.000000,HarvestStat Africa v1.2,https://raw.githubusercontent.com/HarvestStat/HarvestStat-Africa/main/public/hvstat_africa_data_v1.2.csv,WFP HDX CHIRPS v2 dekadal indicators,https://data.humdata.org/dataset/ken-rainfall-subnational
West Pokot,KE024,1.893374,35.212768,2001,18600.000000,21368.000000,1.148817,Annual,0,18.000000,493.360547,443.095810,11.343988,27.408919,20.751539,0.757109,10.000000,3.000000,6.000000,3.000000,60.000000,HarvestStat Africa v1.2,https://raw.githubusercontent.com/HarvestStat/HarvestStat-Africa/main/public/hvstat_africa_data_v1.2.csv,WFP HDX CHIRPS v2 dekadal indicators,https://data.humdata.org/dataset/ken-rainfall-subnational
Baringo,KE030,0.726352,36.018591,2002,18151.666508,26385.076714,1.453590,Annual,0,18.000000,463.920229,465.744538,-0.391697,25.773346,28.268004,1.096792,7.000000,2.000000,6.000000,4.000000,60.000000,HarvestStat Africa v1.2,https://raw.githubusercontent.com/HarvestStat/HarvestStat-Africa/main/public/hvstat_africa_data_v1.2.csv,WFP HDX CHIRPS v2 dekadal indicators,https://data.humdata.org/dataset/ken-rainfall-subnational
Bomet,KE036,-0.716095,35.238459,2002,26788.719020,49881.687906,1.862041,Annual,0,18.000000,870.126326,842.724213,3.251611,48.340351,35.056445,0.725200,16.000000,6.000000,2.000000,1.000000,60.000000,HarvestStat Africa v1.2,https://raw.githubusercontent.com/HarvestStat/HarvestStat-Africa/main/public/hvstat_africa_data_v1.2.csv,WFP HDX CHIRPS v2 dekadal indicators,https://data.humdata.org/dataset/ken-rainfall-subnational
Bungoma,KE039,0.785694,34.718757,2002,69381.928518,208846.455257,3.010099,Annual,0,18.000000,823.640007,854.742337,-3.638796,45.757778,33.679980,0.736049,14.000000,6.000000,2.000000,1.000000,60.000000,HarvestStat Africa v1.2,https://raw.githubusercontent.com/HarvestStat/HarvestStat-Africa/main/public/hvstat_africa_data_v1.2.csv,WFP HDX CHIRPS v2 dekadal indicators,https://data.humdata.org/dataset/ken-rainfall-subnational
Busia,KE040,0.375707,34.265111,2002,26303.540524,43558.311152,1.655987,Annual,0,18.000000,948.615380,900.425645,5.351884,52.700854,39.688586,0.753092,14.000000,6.000000,2.000000,1.000000,60.000000,HarvestStat Africa v1.2,https://raw.githubusercontent.com/HarvestStat/HarvestStat-Africa/main/public/hvstat_africa_data_v1.2.csv,WFP HDX CHIRPS v2 dekadal indicators,https://data.humdata.org/dataset/ken-rainfall-subnational
Elgeyo-Marakwet,KE028,0.745102,35.560856,2002,27065.843700,59359.256383,2.193143,Annual,0,18.000000,632.464643,657.566659,-3.817410,35.136925,37.473172,1.066490,9.000000,4.000000,3.000000,2.000000,60.000000,HarvestStat Africa v1.2,https://raw.githubusercontent.com/HarvestStat/HarvestStat-Africa/main/public/hvstat_africa_data_v1.2.csv,WFP HDX CHIRPS v2 dekadal indicators,https://data.humdata.org/dataset/ken-rainfall-subnational
Embu,KE014,-0.532830,37.664629,2002,38980.000000,48002.106211,1.231455,Annual,0,18.000000,669.351645,525.286081,27.426115,37.186202,51.166330,1.375949,8.000000,3.000000,8.000000,4.000000,60.000000,HarvestStat Africa v1.2,https://raw.githubusercontent.com/HarvestStat/HarvestStat-Africa/main/public/hvstat_africa_data_v1.2.csv,WFP HDX CHIRPS v2 dekadal indicators,https://data.humdata.org/dataset/ken-rainfall-subnational
Garissa,KE007,-0.520490,40.355590,2002,788.000000,704.000000,0.893401,Annual,0,18.000000,252.231619,240.279175,4.974399,14.012868,18.493342,1.319740,4.000000,1.000000,10.000000,6.000000,91.000000,HarvestStat Africa v1.2,https://raw.githubusercontent.com/HarvestStat/HarvestStat-Africa/main/public/hvstat_africa_data_v1.2.csv,WFP HDX CHIRPS v2 dekadal indicators,https://data.humdata.org/dataset/ken-rainfall-subnational
Homa Bay,KE043,-0.562403,34.314532,2002,39071.000000,30682.200000,0.785293,Annual,0,18.000000,836.834862,734.102143,13.994336,46.490826,32.087670,0.690194,15.000000,6.000000,2.000000,1.000000,60.000000,HarvestStat Africa v1.2,https://raw.githubusercontent.com/HarvestStat/HarvestStat-Africa/main/public/hvstat_africa_data_v1.2.csv,WFP HDX CHIRPS v2 dekadal indicators,https://data.humdata.org/dataset/ken-rainfall-subnational
Isiolo,KE011,1.006385,38.747651,2002,2226.000000,2992.000000,1.344115,Annual,0,18.000000,237.443378,173.962088,36.491451,13.191299,20.469782,1.551764,4.000000,2.000000,11.000000,6.000000,101.000000,HarvestStat Africa v1.2,https://raw.githubusercontent.com/HarvestStat/HarvestStat-Africa/main/public/hvstat_africa_data_v1.2.csv,WFP HDX CHIRPS v2 dekadal indicators,https://data.humdata.org/dataset/ken-rainfall-subnational
Kajiado,KE034,-2.112369,36.777606,2002,33532.086222,51575.782967,1.538102,Annual,0,18.000000,377.191012,373.466385,0.997313,20.955056,19.709710,0.940571,7.000000,3.000000,8.000000,4.000000,60.000000,HarvestStat Africa v1.2,https://raw.githubusercontent.com/HarvestStat/HarvestStat-Africa/main/public/hvstat_africa_data_v1.2.csv,WFP HDX CHIRPS v2 dekadal indicators,https://data.humdata.org/dataset/ken-rainfall-subnational
Kakamega,KE037,0.497190,34.800929,2002,63351.411851,172401.551639,2.721353,Annual,0,18.000000,1022.589477,951.356143,7.487557,56.810527,37.811647,0.665575,16.000000,7.000000,2.000000,1.000000,60.000000,HarvestStat Africa v1.2,https://raw.githubusercontent.com/HarvestStat/HarvestStat-Africa/main/public/hvstat_africa_data_v1.2.csv,WFP HDX CHIRPS v2 dekadal indicators,https://data.humdata.org/dataset/ken-rainfall-subnational
Kericho,KE035,-0.316683,35.225997,2002,47018.820625,116534.248068,2.478460,Annual,0,18.000000,790.522398,795.027352,-0.566641,43.917911,35.446985,0.807119,15.000000,6.000000,2.000000,1.000000,60.000000,HarvestStat Africa v1.2,https://raw.githubusercontent.com/HarvestStat/HarvestStat-Africa/main/public/hvstat_africa_data_v1.2.csv,WFP HDX CHIRPS v2 dekadal indicators,https://data.humdata.org/dataset/ken-rainfall-subnational
Kiambu,KE022,-1.034385,36.843216,2002,21200.000000,28620.000000,1.350000,Annual,0,18.000000,652.190479,695.396027,-6.213085,36.232804,42.096005,1.161820,8.000000,4.000000,8.000000,3.000000,60.000000,HarvestStat Africa v1.2,https://raw.githubusercontent.com/HarvestStat/HarvestStat-Africa/main/public/hvstat_africa_data_v1.2.csv,WFP HDX CHIRPS v2 dekadal indicators,https://data.humdata.org/dataset/ken-rainfall-subnational
Kilifi,KE003,-3.152441,39.672708,2002,38231.000000,27950.000000,0.731082,Annual,0,18.000000,432.336632,488.607513,-11.516581,24.018702,18.131295,0.754882,9.000000,2.000000,4.000000,3.000000,60.000000,HarvestStat Africa v1.2,https://raw.githubusercontent.com/HarvestStat/HarvestStat-Africa/main/public/hvstat_africa_data_v1.2.csv,WFP HDX CHIRPS v2 dekadal indicators,https://data.humdata.org/dataset/ken-rainfall-subnational
Kirinyaga,KE020,-0.467350,37.301902,2002,27100.000000,24552.000000,0.905978,Annual,0,18.000000,766.020839,646.759723,18.439787,42.556713,53.977801,1.268373,9.000000,4.000000,7.000000,4.000000,60.000000,HarvestStat Africa v1.2,https://raw.githubusercontent.com/HarvestStat/HarvestStat-Africa/main/public/hvstat_africa_data_v1.2.csv,WFP HDX CHIRPS v2 dekadal indicators,https://data.humdata.org/dataset/ken-rainfall-subnational
Kisii,KE045,-0.736677,34.753510,2002,49555.000000,153355.000000,3.094642,Annual,0,18.000000,1010.025009,925.845013,9.092234,56.112500,37.655058,0.671064,15.000000,9.000000,1.000000,1.000000,60.000000,HarvestStat Africa v1.2,https://raw.githubusercontent.com/HarvestStat/HarvestStat-Africa/main/public/hvstat_africa_data_v1.2.csv,WFP HDX CHIRPS v2 dekadal indicators,https://data.humdata.org/dataset/ken-rainfall-subnational
Kisumu,KE042,-0.194380,34.777329,2002,18519.000000,34466.000000,1.861116,Annual,0,18.000000,930.840570,816.425122,14.014200,51.713365,33.774642,0.653112,16.000000,8.000000,2.000000,1.000000,60.000000,HarvestStat Africa v1.2,https://raw.githubusercontent.com/HarvestStat/HarvestStat-Africa/main/public/hvstat_africa_data_v1.2.csv,WFP HDX CHIRPS v2 dekadal indicators,https://data.humdata.org/dataset/ken-rainfall-subnational
Kitui,KE015,-1.560490,38.371810,2002,77939.000000,33632.114311,0.431518,Annual,0,18.000000,291.063190,272.434005,6.838055,16.170177,19.545626,1.208745,4.000000,3.000000,10.000000,5.000000,60.000000,HarvestStat Africa v1.2,https://raw.githubusercontent.com/HarvestStat/HarvestStat-Africa/main/public/hvstat_africa_data_v1.2.csv,WFP HDX CHIRPS v2 dekadal indicators,https://data.humdata.org/dataset/ken-rainfall-subnational
Kwale,KE002,-4.120591,39.066136,2002,10839.400000,7760.801080,0.715981,Annual,0,18.000000,550.825276,541.885007,1.649846,30.601404,27.201040,0.888882,10.000000,3.000000,4.000000,3.000000,60.000000,HarvestStat Africa v1.2,https://raw.githubusercontent.com/HarvestStat/HarvestStat-Africa/main/public/hvstat_africa_data_v1.2.csv,WFP HDX CHIRPS v2 dekadal indicators,https://data.humdata.org/dataset/ken-rainfall-subnational
Laikipia,KE031,0.289134,36.825248,2002,19768.227139,22816.297778,1.154190,Annual,0,18.000000,400.337754,361.774838,10.659369,22.240986,23.080371,1.037740,6.000000,4.000000,8.000000,4.000000,60.000000,HarvestStat Africa v1.2,https://raw.githubusercontent.com/HarvestStat/HarvestStat-Africa/main/public/hvstat_africa_data_v1.2.csv,WFP HDX CHIRPS v2 dekadal indicators,https://data.humdata.org/dataset/ken-rainfall-subnational
Lamu,KE005,-2.063679,40.545830,2002,5161.000000,3006.480648,0.582538,Annual,0,18.000000,435.334963,534.602138,-18.568421,24.185276,27.566238,1.139794,10.000000,3.000000,8.000000,6.000000,111.000000,HarvestStat Africa v1.2,https://raw.githubusercontent.com/HarvestStat/HarvestStat-Africa/main/public/hvstat_africa_data_v1.2.csv,WFP HDX CHIRPS v2 dekadal indicators,https://data.humdata.org/dataset/ken-rainfall-subnational
Machakos,KE016,-1.276237,37.394595,2002,145000.000000,59850.000000,0.412759,Annual,0,18.000000,423.300493,412.340392,2.658023,23.516694,27.197263,1.156509,6.000000,3.000000,10.000000,4.000000,60.000000,HarvestStat Africa v1.2,https://raw.githubusercontent.com/HarvestStat/HarvestStat-Africa/main/public/hvstat_africa_data_v1.2.csv,WFP HDX CHIRPS v2 dekadal indicators,https://data.humdata.org/dataset/ken-rainfall-subnational
Makueni,KE017,-2.253637,37.876663,2002,88000.000000,24462.000000,0.277977,Annual,0,18.000000,321.435800,334.183265,-3.814513,17.857544,18.710381,1.047758,7.000000,1.000000,9.000000,4.000000,60.000000,HarvestStat Africa v1.2,https://raw.githubusercontent.com/HarvestStat/HarvestStat-Africa/main/public/hvstat_africa_data_v1.2.csv,WFP HDX CHIRPS v2 dekadal indicators,https://data.humdata.org/dataset/ken-rainfall-subnational
Mandera,KE009,3.230964,40.711346,2002,2670.000000,3002.000000,1.124345,Annual,0,18.000000,214.065327,189.924349,12.710839,11.892518,23.775388,1.999189,2.000000,2.000000,14.000000,8.000000,101.000000,HarvestStat Africa v1.2,https://raw.githubusercontent.com/HarvestStat/HarvestStat-Africa/main/public/hvstat_africa_data_v1.2.csv,WFP HDX CHIRPS v2 dekadal indicators,https://data.humdata.org/dataset/ken-rainfall-subnational
Marsabit,KE010,2.860480,37.714884,2002,6800.000000,4860.000000,0.714706,Annual,0,18.000000,225.196181,184.486778,22.066299,12.510899,14.646315,1.170684,5.000000,1.000000,11.000000,6.000000,60.000000,HarvestStat Africa v1.2,https://raw.githubusercontent.com/HarvestStat/HarvestStat-Africa/main/public/hvstat_africa_data_v1.2.csv,WFP HDX CHIRPS v2 dekadal indicators,https://data.humdata.org/dataset/ken-rainfall-subnational
Meru,KE012,0.229055,37.776111,2002,112485.000000,147716.000000,1.313206,Annual,0,18.000000,764.991188,524.441410,45.867808,42.499510,59.905503,1.409557,7.000000,5.000000,8.000000,3.000000,60.000000,HarvestStat Africa v1.2,https://raw.githubusercontent.com/HarvestStat/HarvestStat-Africa/main/public/hvstat_africa_data_v1.2.csv,WFP HDX CHIRPS v2 dekadal indicators,https://data.humdata.org/dataset/ken-rainfall-subnational
Migori,KE044,-1.018704,34.309173,2002,41155.000000,85209.000000,2.070441,Annual,0,18.000000,868.091954,753.103059,15.268680,48.227331,35.490655,0.735903,14.000000,7.000000,2.000000,1.000000,60.000000,HarvestStat Africa v1.2,https://raw.githubusercontent.com/HarvestStat/HarvestStat-Africa/main/public/hvstat_africa_data_v1.2.csv,WFP HDX CHIRPS v2 dekadal indicators,https://data.humdata.org/dataset/ken-rainfall-subnational
Mombasa,KE001,-3.990448,39.701130,2002,690.000000,446.039604,0.646434,Annual,0,18.000000,642.200000,734.479994,-12.563990,35.677778,35.820921,1.004012,9.000000,5.000000,6.000000,4.000000,60.000000,HarvestStat Africa v1.2,https://raw.githubusercontent.com/HarvestStat/HarvestStat-Africa/main/public/hvstat_africa_data_v1.2.csv,WFP HDX CHIRPS v2 dekadal indicators,https://data.humdata.org/dataset/ken-rainfall-subnational
Murang'a,KE021,-0.828519,37.004173,2002,34548.000000,23517.000000,0.680705,Annual,0,18.000000,730.756311,695.837541,5.018236,40.597573,48.999582,1.206958,8.000000,4.000000,7.000000,3.000000,60.000000,HarvestStat Africa v1.2,https://raw.githubusercontent.com/HarvestStat/HarvestStat-Africa/main/public/hvstat_africa_data_v1.2.csv,WFP HDX CHIRPS v2 dekadal indicators,https://data.humdata.org/dataset/ken-rainfall-subnational
Nakuru,KE032,-0.458448,36.100384,2002,55721.279403,90828.529272,1.630051,Annual,0,18.000000,555.676467,535.090196,3.847253,30.870915,28.726457,0.930535,8.000000,3.000000,3.000000,2.000000,60.000000,HarvestStat Africa v1.2,https://raw.githubusercontent.com/HarvestStat/HarvestStat-Africa/main/public/hvstat_africa_data_v1.2.csv,WFP HDX CHIRPS v2 dekadal indicators,https://data.humdata.org/dataset/ken-rainfall-subnational
Nandi,KE029,0.227352,35.123876,2002,56348.684835,140744.615047,2.497744,Annual,0,18.000000,882.384623,819.099630,7.726165,49.021368,36.532256,0.745231,16.000000,6.000000,2.000000,1.000000,60.000000,HarvestStat Africa v1.2,https://raw.githubusercontent.com/HarvestStat/HarvestStat-Africa/main/public/hvstat_africa_data_v1.2.csv,WFP HDX CHIRPS v2 dekadal indicators,https://data.humdata.org/dataset/ken-rainfall-subnational
Narok,KE033,-1.279878,35.476358,2002,51319.424081,92445.229127,1.801369,Annual,0,18.000000,649.653516,591.197598,9.887712,36.091862,30.282851,0.839049,10.000000,5.000000,2.000000,1.000000,60.000000,HarvestStat Africa v1.2,https://raw.githubusercontent.com/HarvestStat/HarvestStat-Africa/main/public/hvstat_africa_data_v1.2.csv,WFP HDX CHIRPS v2 dekadal indicators,https://data.humdata.org/dataset/ken-rainfall-subnational
Nyamira,KE046,-0.649378,34.933398,2002,22285.000000,74072.000000,3.323850,Annual,0,18.000000,992.241391,912.716100,8.713037,55.124522,35.370761,0.641652,15.000000,10.000000,1.000000,1.000000,60.000000,HarvestStat Africa v1.2,https://raw.githubusercontent.com/HarvestStat/HarvestStat-Africa/main/public/hvstat_africa_data_v1.2.csv,WFP HDX CHIRPS v2 dekadal indicators,https://data.humdata.org/dataset/ken-rainfall-subnational
Nyandarua,KE018,-0.389093,36.497431,2002,14550.000000,26190.000000,1.800000,Annual,0,18.000000,601.592604,598.538580,0.510247,33.421811,33.347365,0.997773,10.000000,4.000000,3.000000,2.000000,60.000000,HarvestStat Africa v1.2,https://raw.githubusercontent.com/HarvestStat/HarvestStat-Africa/main/public/hvstat_africa_data_v1.2.csv,WFP HDX CHIRPS v2 dekadal indicators,https://data.humdata.org/dataset/ken-rainfall-subnational
Nyeri,KE019,-0.314375,36.930473,2002,24475.000000,26370.000000,1.077426,Annual,0,18.000000,640.254539,644.133946,-0.602267,35.569697,38.340469,1.077897,9.000000,3.000000,5.000000,3.000000,60.000000,HarvestStat Africa v1.2,https://raw.githubusercontent.com/HarvestStat/HarvestStat-Africa/main/public/hvstat_africa_data_v1.2.csv,WFP HDX CHIRPS v2 dekadal indicators,https://data.humdata.org/dataset/ken-rainfall-subnational
Samburu,KE025,1.541373,36.941540,2002,2216.997436,2975.415691,1.342093,Annual,0,18.000000,370.267151,270.988171,36.635909,20.570397,23.029989,1.119569,7.000000,4.000000,11.000000,6.000000,60.000000,HarvestStat Africa v1.2,https://raw.githubusercontent.com/HarvestStat/HarvestStat-Africa/main/public/hvstat_africa_data_v1.2.csv,WFP HDX CHIRPS v2 dekadal indicators,https://data.humdata.org/dataset/ken-rainfall-subnational
Siaya,KE041,-0.057674,34.199887,2002,61044.000000,89393.000000,1.464403,Annual,0,18.000000,898.449999,811.195420,10.756296,49.913889,36.092875,0.723103,14.000000,6.000000,2.000000,1.000000,60.000000,HarvestStat Africa v1.2,https://raw.githubusercontent.com/HarvestStat/HarvestStat-Africa/main/public/hvstat_africa_data_v1.2.csv,WFP HDX CHIRPS v2 dekadal indicators,https://data.humdata.org/dataset/ken-rainfall-subnational
Taita Taveta,KE006,-3.405203,38.371760,2002,8718.000000,3487.398740,0.400023,Annual,0,18.000000,342.162211,310.607723,10.158952,19.009012,18.350323,0.965349,7.000000,1.000000,7.000000,3.000000,60.000000,HarvestStat Africa v1.2,https://raw.githubusercontent.com/HarvestStat/HarvestStat-Africa/main/public/hvstat_africa_data_v1.2.csv,WFP HDX CHIRPS v2 dekadal indicators,https://data.humdata.org/dataset/ken-rainfall-subnational
Tana River,KE004,-1.534918,39.550288,2002,1518.000000,2125.211521,1.400008,Annual,0,18.000000,185.106075,192.080568,-3.631025,10.283671,9.749564,0.948063,4.000000,0.000000,13.000000,6.000000,91.000000,HarvestStat Africa v1.2,https://raw.githubusercontent.com/HarvestStat/HarvestStat-Africa/main/public/hvstat_africa_data_v1.2.csv,WFP HDX CHIRPS v2 dekadal indicators,https://data.humdata.org/dataset/ken-rainfall-subnational
Tharaka-Nithi,KE013,-0.191445,37.960417,2002,3741.000000,2449.000000,0.654638,Annual,0,18.000000,795.285705,547.091662,45.366080,44.182539,69.293418,1.568344,8.000000,3.000000,8.000000,4.000000,60.000000,HarvestStat Africa v1.2,https://raw.githubusercontent.com/HarvestStat/HarvestStat-Africa/main/public/hvstat_africa_data_v1.2.csv,WFP HDX CHIRPS v2 dekadal indicators,https://data.humdata.org/dataset/ken-rainfall-subnational
Trans Nzoia,KE026,1.045915,34.980778,2002,82490.779603,199605.102325,2.419726,Annual,0,18.000000,549.164552,634.237966,-13.413485,30.509142,27.484204,0.900851,9.000000,4.000000,5.000000,4.000000,60.000000,HarvestStat Africa v1.2,https://raw.githubusercontent.com/HarvestStat/HarvestStat-Africa/main/public/hvstat_africa_data_v1.2.csv,WFP HDX CHIRPS v2 dekadal indicators,https://data.humdata.org/dataset/ken-rainfall-subnational
Turkana,KE023,3.162488,35.313492,2002,277.124680,335.379225,1.210211,Annual,0,18.000000,191.825557,172.177661,11.411408,10.656975,11.364817,1.066421,3.000000,0.000000,10.000000,6.000000,60.000000,HarvestStat Africa v1.2,https://raw.githubusercontent.com/HarvestStat/HarvestStat-Africa/main/public/hvstat_africa_data_v1.2.csv,WFP HDX CHIRPS v2 dekadal indicators,https://data.humdata.org/dataset/ken-rainfall-subnational
Uasin Gishu,KE027,0.478188,35.303799,2002,45263.697655,117996.157511,2.606861,Annual,0,18.000000,600.441452,606.721928,-1.035149,33.357858,31.230151,0.936216,9.000000,4.000000,3.000000,3.000000,60.000000,HarvestStat Africa v1.2,https://raw.githubusercontent.com/HarvestStat/HarvestStat-Africa/main/public/hvstat_africa_data_v1.2.csv,WFP HDX CHIRPS v2 dekadal indicators,https://data.humdata.org/dataset/ken-rainfall-subnational
Vihiga,KE038,0.084857,34.707784,2002,21643.119106,39802.761911,1.839049,Annual,0,18.000000,1142.052644,1006.033351,13.520356,63.447369,42.026002,0.662376,16.000000,10.000000,1.000000,1.000000,60.000000,HarvestStat Africa v1.2,https://raw.githubusercontent.com/HarvestStat/HarvestStat-Africa/main/public/hvstat_africa_data_v1.2.csv,WFP HDX CHIRPS v2 dekadal indicators,https://data.humdata.org/dataset/ken-rainfall-subnational
Wajir,KE008,1.939715,40.024507,2002,2050.000000,1875.000000,0.914634,Annual,0,18.000000,275.490531,193.539230,42.343509,15.305030,32.334071,2.112643,3.000000,2.000000,15.000000,9.000000,91.000000,HarvestStat Africa v1.2,https://raw.githubusercontent.com/HarvestStat/HarvestStat-Africa/main/public/hvstat_africa_data_v1.2.csv,WFP HDX CHIRPS v2 dekadal indicators,https://data.humdata.org/dataset/ken-rainfall-subnational
West Pokot,KE024,1.893374,35.212768,2002,17181.730130,20417.046397,1.188300,Annual,0,18.000000,431.812917,443.095810,-2.546378,23.989606,26.115541,1.088619,6.000000,3.000000,7.000000,6.000000,60.000000,HarvestStat Africa v1.2,https://raw.githubusercontent.com/HarvestStat/HarvestStat-Africa/main/public/hvstat_africa_data_v1.2.csv,WFP HDX CHIRPS v2 dekadal indicators,https://data.humdata.org/dataset/ken-rainfall-subnational
Baringo,KE030,0.726352,36.018591,2003,23996.000000,31926.000000,1.330472,Annual,0,18.000000,539.658123,465.744538,15.869984,29.981007,32.944965,1.098861,8.000000,4.000000,9.000000,8.000000,101.000000,HarvestStat Africa v1.2,https://raw.githubusercontent.com/HarvestStat/HarvestStat-Africa/main/public/hvstat_africa_data_v1.2.csv,WFP HDX CHIRPS v2 dekadal indicators,https://data.humdata.org/dataset/ken-rainfall-subnational
Bomet,KE036,-0.716095,35.238459,2003,28759.000000,52319.000000,1.819222,Annual,0,18.000000,765.463161,842.724213,-9.168011,42.525731,34.981091,0.822586,12.000000,6.000000,4.000000,3.000000,80.000000,HarvestStat Africa v1.2,https://raw.githubusercontent.com/HarvestStat/HarvestStat-Africa/main/public/hvstat_africa_data_v1.2.csv,WFP HDX CHIRPS v2 dekadal indicators,https://data.humdata.org/dataset/ken-rainfall-subnational
Bungoma,KE039,0.785694,34.718757,2003,72257.000000,195135.643564,2.700578,Annual,0,18.000000,931.740008,854.742337,9.008290,51.763334,43.881655,0.847736,9.000000,9.000000,4.000000,1.000000,101.000000,HarvestStat Africa v1.2,https://raw.githubusercontent.com/HarvestStat/HarvestStat-Africa/main/public/hvstat_africa_data_v1.2.csv,WFP HDX CHIRPS v2 dekadal indicators,https://data.humdata.org/dataset/ken-rainfall-subnational
Busia,KE040,0.375707,34.265111,2003,17323.000000,22815.661566,1.317073,Annual,0,18.000000,945.519222,900.425645,5.008029,52.528846,40.471907,0.770470,11.000000,8.000000,2.000000,1.000000,80.000000,HarvestStat Africa v1.2,https://raw.githubusercontent.com/HarvestStat/HarvestStat-Africa/main/public/hvstat_africa_data_v1.2.csv,WFP HDX CHIRPS v2 dekadal indicators,https://data.humdata.org/dataset/ken-rainfall-subnational
Elgeyo-Marakwet,KE028,0.745102,35.560856,2003,33330.000000,64765.000000,1.943144,Annual,0,18.000000,839.565651,657.566659,27.677649,46.642536,51.848518,1.111614,9.000000,6.000000,6.000000,3.000000,80.000000,HarvestStat Africa v1.2,https://raw.githubusercontent.com/HarvestStat/HarvestStat-Africa/main/public/hvstat_africa_data_v1.2.csv,WFP HDX CHIRPS v2 dekadal indicators,https://data.humdata.org/dataset/ken-rainfall-subnational
Embu,KE014,-0.532830,37.664629,2003,29650.000000,19446.444644,0.655867,Annual,0,18.000000,539.912084,525.286081,2.784388,29.995116,42.813820,1.427360,7.000000,3.000000,11.000000,8.000000,80.000000,HarvestStat Africa v1.2,https://raw.githubusercontent.com/HarvestStat/HarvestStat-Africa/main/public/hvstat_africa_data_v1.2.csv,WFP HDX CHIRPS v2 dekadal indicators,https://data.humdata.org/dataset/ken-rainfall-subnational
Garissa,KE007,-0.520490,40.355590,2003,280.000000,208.000000,0.742857,Annual,0,18.000000,257.502410,240.279175,7.168010,14.305689,16.898576,1.181249,5.000000,1.000000,10.000000,8.000000,101.000000,HarvestStat Africa v1.2,https://raw.githubusercontent.com/HarvestStat/HarvestStat-Africa/main/public/hvstat_africa_data_v1.2.csv,WFP HDX CHIRPS v2 dekadal indicators,https://data.humdata.org/dataset/ken-rainfall-subnational
Homa Bay,KE043,-0.562403,34.314532,2003,42068.000000,13882.440000,0.330000,Annual,0,18.000000,724.146790,734.102143,-1.356126,40.230377,34.696575,0.862447,11.000000,5.000000,2.000000,1.000000,80.000000,HarvestStat Africa v1.2,https://raw.githubusercontent.com/HarvestStat/HarvestStat-Africa/main/public/hvstat_africa_data_v1.2.csv,WFP HDX CHIRPS v2 dekadal indicators,https://data.humdata.org/dataset/ken-rainfall-subnational
Isiolo,KE011,1.006385,38.747651,2003,1100.000000,154.815482,0.140741,Annual,0,18.000000,227.080726,173.962088,30.534606,12.615596,25.687474,2.036168,2.000000,2.000000,14.000000,8.000000,101.000000,HarvestStat Africa v1.2,https://raw.githubusercontent.com/HarvestStat/HarvestStat-Africa/main/public/hvstat_africa_data_v1.2.csv,WFP HDX CHIRPS v2 dekadal indicators,https://data.humdata.org/dataset/ken-rainfall-subnational
Kajiado,KE034,-2.112369,36.777606,2003,36700.000000,49280.473316,1.342792,Annual,0,18.000000,292.269668,373.466385,-21.741372,16.237204,18.274632,1.125479,4.000000,2.000000,10.000000,3.000000,111.000000,HarvestStat Africa v1.2,https://raw.githubusercontent.com/HarvestStat/HarvestStat-Africa/main/public/hvstat_africa_data_v1.2.csv,WFP HDX CHIRPS v2 dekadal indicators,https://data.humdata.org/dataset/ken-rainfall-subnational
Kakamega,KE037,0.497190,34.800929,2003,69000.000000,207240.774077,3.003489,Annual,0,18.000000,970.568422,951.356143,2.019462,53.920468,46.259717,0.857925,10.000000,9.000000,2.000000,1.000000,80.000000,HarvestStat Africa v1.2,https://raw.githubusercontent.com/HarvestStat/HarvestStat-Africa/main/public/hvstat_africa_data_v1.2.csv,WFP HDX CHIRPS v2 dekadal indicators,https://data.humdata.org/dataset/ken-rainfall-subnational
Kericho,KE035,-0.316683,35.225997,2003,53600.000000,146593.000000,2.734944,Annual,0,18.000000,800.746264,795.027352,0.719335,44.485904,42.297641,0.950810,10.000000,7.000000,4.000000,2.000000,80.000000,HarvestStat Africa v1.2,https://raw.githubusercontent.com/HarvestStat/HarvestStat-Africa/main/public/hvstat_africa_data_v1.2.csv,WFP HDX CHIRPS v2 dekadal indicators,https://data.humdata.org/dataset/ken-rainfall-subnational
Kiambu,KE022,-1.034385,36.843216,2003,14664.000000,11844.000000,0.807692,Annual,0,18.000000,745.904762,695.396027,7.263305,41.439153,57.651567,1.391234,7.000000,5.000000,8.000000,3.000000,80.000000,HarvestStat Africa v1.2,https://raw.githubusercontent.com/HarvestStat/HarvestStat-Africa/main/public/hvstat_africa_data_v1.2.csv,WFP HDX CHIRPS v2 dekadal indicators,https://data.humdata.org/dataset/ken-rainfall-subnational
Kilifi,KE003,-3.152441,39.672708,2003,31872.000000,31556.435644,0.990099,Annual,0,18.000000,396.240099,488.607513,-18.904215,22.013339,31.254301,1.419789,8.000000,1.000000,8.000000,8.000000,80.000000,HarvestStat Africa v1.2,https://raw.githubusercontent.com/HarvestStat/HarvestStat-Africa/main/public/hvstat_africa_data_v1.2.csv,WFP HDX CHIRPS v2 dekadal indicators,https://data.humdata.org/dataset/ken-rainfall-subnational
Kirinyaga,KE020,-0.467350,37.301902,2003,25355.000000,19465.000000,0.767699,Annual,0,18.000000,699.645831,646.759723,8.177087,38.869213,54.266123,1.396121,7.000000,4.000000,11.000000,8.000000,80.000000,HarvestStat Africa v1.2,https://raw.githubusercontent.com/HarvestStat/HarvestStat-Africa/main/public/hvstat_africa_data_v1.2.csv,WFP HDX CHIRPS v2 dekadal indicators,https://data.humdata.org/dataset/ken-rainfall-subnational
Kisii,KE045,-0.736677,34.753510,2003,49250.000000,148645.000000,3.018173,Annual,0,18.000000,830.999995,925.845013,-10.244157,46.166666,38.748718,0.839322,12.000000,6.000000,1.000000,1.000000,80.000000,HarvestStat Africa v1.2,https://raw.githubusercontent.com/HarvestStat/HarvestStat-Africa/main/public/hvstat_africa_data_v1.2.csv,WFP HDX CHIRPS v2 dekadal indicators,https://data.humdata.org/dataset/ken-rainfall-subnational
Kisumu,KE042,-0.194380,34.777329,2003,17356.000000,24661.000000,1.420892,Annual,0,18.000000,798.420287,816.425122,-2.205326,44.356683,39.825385,0.897844,10.000000,5.000000,1.000000,1.000000,80.000000,HarvestStat Africa v1.2,https://raw.githubusercontent.com/HarvestStat/HarvestStat-Africa/main/public/hvstat_africa_data_v1.2.csv,WFP HDX CHIRPS v2 dekadal indicators,https://data.humdata.org/dataset/ken-rainfall-subnational
Kitui,KE015,-1.560490,38.371810,2003,79602.160216,28158.775878,0.353744,Annual,0,18.000000,223.178535,272.434005,-18.079780,12.398807,17.917571,1.445104,4.000000,1.000000,12.000000,4.000000,111.000000,HarvestStat Africa v1.2,https://raw.githubusercontent.com/HarvestStat/HarvestStat-Africa/main/public/hvstat_africa_data_v1.2.csv,WFP HDX CHIRPS v2 dekadal indicators,https://data.humdata.org/dataset/ken-rainfall-subnational
Kwale,KE002,-4.120591,39.066136,2003,10062.000000,9962.286229,0.990090,Annual,0,18.000000,411.118960,541.885007,-24.131697,22.839942,33.837634,1.481511,7.000000,1.000000,8.000000,8.000000,80.000000,HarvestStat Africa v1.2,https://raw.githubusercontent.com/HarvestStat/HarvestStat-Africa/main/public/hvstat_africa_data_v1.2.csv,WFP HDX CHIRPS v2 dekadal indicators,https://data.humdata.org/dataset/ken-rainfall-subnational
Laikipia,KE031,0.289134,36.825248,2003,21650.000000,30702.000000,1.418106,Annual,0,18.000000,390.029796,361.774838,7.810095,21.668322,23.979498,1.106661,5.000000,2.000000,10.000000,8.000000,80.000000,HarvestStat Africa v1.2,https://raw.githubusercontent.com/HarvestStat/HarvestStat-Africa/main/public/hvstat_africa_data_v1.2.csv,WFP HDX CHIRPS v2 dekadal indicators,https://data.humdata.org/dataset/ken-rainfall-subnational
Lamu,KE005,-2.063679,40.545830,2003,4604.000000,4559.225923,0.990275,Annual,0,18.000000,473.448281,534.602138,-11.439134,26.302682,45.660402,1.735960,7.000000,3.000000,8.000000,8.000000,131.000000,HarvestStat Africa v1.2,https://raw.githubusercontent.com/HarvestStat/HarvestStat-Africa/main/public/hvstat_africa_data_v1.2.csv,WFP HDX CHIRPS v2 dekadal indicators,https://data.humdata.org/dataset/ken-rainfall-subnational
Machakos,KE016,-1.276237,37.394595,2003,160500.000000,42340.234023,0.263802,Annual,0,18.000000,349.467983,412.340392,-15.247696,19.414888,27.900009,1.437042,5.000000,2.000000,10.000000,4.000000,80.000000,HarvestStat Africa v1.2,https://raw.githubusercontent.com/HarvestStat/HarvestStat-Africa/main/public/hvstat_africa_data_v1.2.csv,WFP HDX CHIRPS v2 dekadal indicators,https://data.humdata.org/dataset/ken-rainfall-subnational
Makueni,KE017,-2.253637,37.876663,2003,100000.000000,39603.960396,0.396040,Annual,0,18.000000,266.307397,334.183265,-20.310972,14.794855,20.192883,1.364858,5.000000,1.000000,12.000000,4.000000,111.000000,HarvestStat Africa v1.2,https://raw.githubusercontent.com/HarvestStat/HarvestStat-Africa/main/public/hvstat_africa_data_v1.2.csv,WFP HDX CHIRPS v2 dekadal indicators,https://data.humdata.org/dataset/ken-rainfall-subnational
Mandera,KE009,3.230964,40.711346,2003,430.000000,533.000000,1.239535,Annual,0,18.000000,240.869361,189.924349,26.823845,13.381631,27.235894,2.035319,2.000000,2.000000,14.000000,10.000000,101.000000,HarvestStat Africa v1.2,https://raw.githubusercontent.com/HarvestStat/HarvestStat-Africa/main/public/hvstat_africa_data_v1.2.csv,WFP HDX CHIRPS v2 dekadal indicators,https://data.humdata.org/dataset/ken-rainfall-subnational
Marsabit,KE010,2.860480,37.714884,2003,7560.000000,2937.893789,0.388610,Annual,0,18.000000,243.505641,184.486778,31.990836,13.528091,24.700237,1.825848,4.000000,1.000000,13.000000,8.000000,101.000000,HarvestStat Africa v1.2,https://raw.githubusercontent.com/HarvestStat/HarvestStat-Africa/main/public/hvstat_africa_data_v1.2.csv,WFP HDX CHIRPS v2 dekadal indicators,https://data.humdata.org/dataset/ken-rainfall-subnational
Meru,KE012,0.229055,37.776111,2003,111515.000000,77501.350135,0.694986,Annual,0,18.000000,619.898675,524.441410,18.201702,34.438815,54.317395,1.577214,6.000000,3.000000,9.000000,3.000000,80.000000,HarvestStat Africa v1.2,https://raw.githubusercontent.com/HarvestStat/HarvestStat-Africa/main/public/hvstat_africa_data_v1.2.csv,WFP HDX CHIRPS v2 dekadal indicators,https://data.humdata.org/dataset/ken-rainfall-subnational
Migori,KE044,-1.018704,34.309173,2003,46000.000000,29440.000000,0.640000,Annual,0,18.000000,646.126445,753.103059,-14.204778,35.895914,30.562453,0.851419,10.000000,5.000000,4.000000,3.000000,80.000000,HarvestStat Africa v1.2,https://raw.githubusercontent.com/HarvestStat/HarvestStat-Africa/main/public/hvstat_africa_data_v1.2.csv,WFP HDX CHIRPS v2 dekadal indicators,https://data.humdata.org/dataset/ken-rainfall-subnational
Mombasa,KE001,-3.990448,39.701130,2003,171.000000,168.496850,0.985362,Annual,0,18.000000,618.300000,734.479994,-15.817993,34.350000,60.243093,1.753802,9.000000,3.000000,8.000000,8.000000,80.000000,HarvestStat Africa v1.2,https://raw.githubusercontent.com/HarvestStat/HarvestStat-Africa/main/public/hvstat_africa_data_v1.2.csv,WFP HDX CHIRPS v2 dekadal indicators,https://data.humdata.org/dataset/ken-rainfall-subnational
Murang'a,KE021,-0.828519,37.004173,2003,32054.000000,15235.000000,0.475292,Annual,0,18.000000,752.831921,695.837541,8.190760,41.823996,57.832875,1.382768,7.000000,5.000000,9.000000,4.000000,80.000000,HarvestStat Africa v1.2,https://raw.githubusercontent.com/HarvestStat/HarvestStat-Africa/main/public/hvstat_africa_data_v1.2.csv,WFP HDX CHIRPS v2 dekadal indicators,https://data.humdata.org/dataset/ken-rainfall-subnational
Nakuru,KE032,-0.458448,36.100384,2003,60170.000000,105288.000000,1.749842,Annual,0,18.000000,586.638648,535.090196,9.633600,32.591036,31.084868,0.953786,7.000000,3.000000,5.000000,5.000000,80.000000,HarvestStat Africa v1.2,https://raw.githubusercontent.com/HarvestStat/HarvestStat-Africa/main/public/hvstat_africa_data_v1.2.csv,WFP HDX CHIRPS v2 dekadal indicators,https://data.humdata.org/dataset/ken-rainfall-subnational
Nandi,KE029,0.227352,35.123876,2003,40720.000000,95208.000000,2.338114,Annual,0,18.000000,824.450543,819.099630,0.653268,45.802808,44.008362,0.960822,10.000000,7.000000,3.000000,2.000000,80.000000,HarvestStat Africa v1.2,https://raw.githubusercontent.com/HarvestStat/HarvestStat-Africa/main/public/hvstat_africa_data_v1.2.csv,WFP HDX CHIRPS v2 dekadal indicators,https://data.humdata.org/dataset/ken-rainfall-subnational
Narok,KE033,-1.279878,35.476358,2003,84720.000000,190639.000000,2.250224,Annual,0,18.000000,552.969140,591.197598,-6.466274,30.720508,27.810057,0.905260,10.000000,4.000000,4.000000,3.000000,80.000000,HarvestStat Africa v1.2,https://raw.githubusercontent.com/HarvestStat/HarvestStat-Africa/main/public/hvstat_africa_data_v1.2.csv,WFP HDX CHIRPS v2 dekadal indicators,https://data.humdata.org/dataset/ken-rainfall-subnational
Nyamira,KE046,-0.649378,34.933398,2003,32450.000000,76237.000000,2.349368,Annual,0,18.000000,832.241358,912.716100,-8.817062,46.235631,39.517665,0.854702,12.000000,6.000000,2.000000,1.000000,80.000000,HarvestStat Africa v1.2,https://raw.githubusercontent.com/HarvestStat/HarvestStat-Africa/main/public/hvstat_africa_data_v1.2.csv,WFP HDX CHIRPS v2 dekadal indicators,https://data.humdata.org/dataset/ken-rainfall-subnational
Nyandarua,KE018,-0.389093,36.497431,2003,14000.000000,12601.000000,0.900071,Annual,0,18.000000,643.925913,598.538580,7.583026,35.773662,36.117185,1.009603,8.000000,3.000000,4.000000,4.000000,80.000000,HarvestStat Africa v1.2,https://raw.githubusercontent.com/HarvestStat/HarvestStat-Africa/main/public/hvstat_africa_data_v1.2.csv,WFP HDX CHIRPS v2 dekadal indicators,https://data.humdata.org/dataset/ken-rainfall-subnational
Nyeri,KE019,-0.314375,36.930473,2003,22750.000000,8636.000000,0.379604,Annual,0,18.000000,740.627273,644.133946,14.980320,41.145960,49.122822,1.193867,7.000000,5.000000,7.000000,3.000000,80.000000,HarvestStat Africa v1.2,https://raw.githubusercontent.com/HarvestStat/HarvestStat-Africa/main/public/hvstat_africa_data_v1.2.csv,WFP HDX CHIRPS v2 dekadal indicators,https://data.humdata.org/dataset/ken-rainfall-subnational
Samburu,KE025,1.541373,36.941540,2003,2370.000000,1067.000000,0.450211,Annual,0,18.000000,323.233582,270.988171,19.279591,17.957421,27.688105,1.541875,4.000000,2.000000,12.000000,8.000000,80.000000,HarvestStat Africa v1.2,https://raw.githubusercontent.com/HarvestStat/HarvestStat-Africa/main/public/hvstat_africa_data_v1.2.csv,WFP HDX CHIRPS v2 dekadal indicators,https://data.humdata.org/dataset/ken-rainfall-subnational
Siaya,KE041,-0.057674,34.199887,2003,57896.000000,51446.000000,0.888593,Annual,0,18.000000,830.200000,811.195420,2.342787,46.122222,37.913125,0.822014,11.000000,7.000000,3.000000,3.000000,80.000000,HarvestStat Africa v1.2,https://raw.githubusercontent.com/HarvestStat/HarvestStat-Africa/main/public/hvstat_africa_data_v1.2.csv,WFP HDX CHIRPS v2 dekadal indicators,https://data.humdata.org/dataset/ken-rainfall-subnational
Taita Taveta,KE006,-3.405203,38.371760,2003,13482.000000,8494.509451,0.630063,Annual,0,18.000000,208.117647,310.607723,-32.996628,11.562092,12.305782,1.064321,3.000000,0.000000,11.000000,4.000000,80.000000,HarvestStat Africa v1.2,https://raw.githubusercontent.com/HarvestStat/HarvestStat-Africa/main/public/hvstat_africa_data_v1.2.csv,WFP HDX CHIRPS v2 dekadal indicators,https://data.humdata.org/dataset/ken-rainfall-subnational
Tana River,KE004,-1.534918,39.550288,2003,1328.000000,806.000000,0.606928,Annual,0,18.000000,176.529554,192.080568,-8.096089,9.807197,10.505629,1.071216,4.000000,0.000000,12.000000,8.000000,111.000000,HarvestStat Africa v1.2,https://raw.githubusercontent.com/HarvestStat/HarvestStat-Africa/main/public/hvstat_africa_data_v1.2.csv,WFP HDX CHIRPS v2 dekadal indicators,https://data.humdata.org/dataset/ken-rainfall-subnational
Tharaka-Nithi,KE013,-0.191445,37.960417,2003,6530.000000,2587.758776,0.396288,Annual,0,18.000000,604.107147,547.091662,10.421560,33.561508,52.077302,1.551697,7.000000,3.000000,11.000000,8.000000,80.000000,HarvestStat Africa v1.2,https://raw.githubusercontent.com/HarvestStat/HarvestStat-Africa/main/public/hvstat_africa_data_v1.2.csv,WFP HDX CHIRPS v2 dekadal indicators,https://data.humdata.org/dataset/ken-rainfall-subnational
Trans Nzoia,KE026,1.045915,34.980778,2003,95657.000000,266915.000000,2.790334,Annual,0,18.000000,748.164547,634.237966,17.962750,41.564697,42.236140,1.016154,9.000000,6.000000,7.000000,5.000000,80.000000,HarvestStat Africa v1.2,https://raw.githubusercontent.com/HarvestStat/HarvestStat-Africa/main/public/hvstat_africa_data_v1.2.csv,WFP HDX CHIRPS v2 dekadal indicators,https://data.humdata.org/dataset/ken-rainfall-subnational
Turkana,KE023,3.162488,35.313492,2003,1203.000000,1110.000000,0.922693,Annual,0,18.000000,215.371158,172.177661,25.086586,11.965064,15.578633,1.302010,5.000000,1.000000,13.000000,8.000000,101.000000,HarvestStat Africa v1.2,https://raw.githubusercontent.com/HarvestStat/HarvestStat-Africa/main/public/hvstat_africa_data_v1.2.csv,WFP HDX CHIRPS v2 dekadal indicators,https://data.humdata.org/dataset/ken-rainfall-subnational
Uasin Gishu,KE027,0.478188,35.303799,2003,63585.000000,188866.000000,2.970292,Annual,0,18.000000,708.090076,606.721928,16.707513,39.338338,43.264806,1.099813,9.000000,6.000000,7.000000,5.000000,80.000000,HarvestStat Africa v1.2,https://raw.githubusercontent.com/HarvestStat/HarvestStat-Africa/main/public/hvstat_africa_data_v1.2.csv,WFP HDX CHIRPS v2 dekadal indicators,https://data.humdata.org/dataset/ken-rainfall-subnational
Vihiga,KE038,0.084857,34.707784,2003,23100.000000,39416.741674,1.706352,Annual,0,18.000000,978.052638,1006.033351,-2.781291,54.336258,47.658128,0.877096,11.000000,8.000000,1.000000,1.000000,80.000000,HarvestStat Africa v1.2,https://raw.githubusercontent.com/HarvestStat/HarvestStat-Africa/main/public/hvstat_africa_data_v1.2.csv,WFP HDX CHIRPS v2 dekadal indicators,https://data.humdata.org/dataset/ken-rainfall-subnational
Wajir,KE008,1.939715,40.024507,2003,1200.000000,150.000000,0.125000,Annual,0,18.000000,299.477559,193.539230,54.737393,16.637642,31.910292,1.917958,3.000000,2.000000,13.000000,9.000000,101.000000,HarvestStat Africa v1.2,https://raw.githubusercontent.com/HarvestStat/HarvestStat-Africa/main/public/hvstat_africa_data_v1.2.csv,WFP HDX CHIRPS v2 dekadal indicators,https://data.humdata.org/dataset/ken-rainfall-subnational
West Pokot,KE024,1.893374,35.212768,2003,22800.000000,28731.000000,1.260132,Annual,0,18.000000,558.408161,443.095810,26.024248,31.022676,36.799652,1.186218,8.000000,5.000000,8.000000,8.000000,80.000000,HarvestStat Africa v1.2,https://raw.githubusercontent.com/HarvestStat/HarvestStat-Africa/main/public/hvstat_africa_data_v1.2.csv,WFP HDX CHIRPS v2 dekadal indicators,https://data.humdata.org/dataset/ken-rainfall-subnational
Baringo,KE030,0.726352,36.018591,2004,13795.000000,54904.100000,3.980000,Annual,0,18.000000,499.911679,465.744538,7.336026,27.772871,24.071842,0.866739,9.000000,3.000000,6.000000,4.000000,81.000000,HarvestStat Africa v1.2,https://raw.githubusercontent.com/HarvestStat/HarvestStat-Africa/main/public/hvstat_africa_data_v1.2.csv,WFP HDX CHIRPS v2 dekadal indicators,https://data.humdata.org/dataset/ken-rainfall-subnational
Bomet,KE036,-0.716095,35.238459,2004,30141.000000,67822.000000,2.250158,Annual,0,18.000000,821.473691,842.724213,-2.521646,45.637427,29.402936,0.644272,15.000000,7.000000,0.000000,0.000000,71.000000,HarvestStat Africa v1.2,https://raw.githubusercontent.com/HarvestStat/HarvestStat-Africa/main/public/hvstat_africa_data_v1.2.csv,WFP HDX CHIRPS v2 dekadal indicators,https://data.humdata.org/dataset/ken-rainfall-subnational
Bungoma,KE039,0.785694,34.718757,2004,82356.000000,245188.118812,2.977174,Annual,0,18.000000,689.019998,854.742337,-19.388573,38.278889,25.200977,0.658352,15.000000,5.000000,2.000000,1.000000,71.000000,HarvestStat Africa v1.2,https://raw.githubusercontent.com/HarvestStat/HarvestStat-Africa/main/public/hvstat_africa_data_v1.2.csv,WFP HDX CHIRPS v2 dekadal indicators,https://data.humdata.org/dataset/ken-rainfall-subnational
Busia,KE040,0.375707,34.265111,2004,24352.000000,47848.784878,1.964881,Annual,0,18.000000,709.288457,900.425645,-21.227426,39.404914,24.818034,0.629821,15.000000,4.000000,1.000000,1.000000,71.000000,HarvestStat Africa v1.2,https://raw.githubusercontent.com/HarvestStat/HarvestStat-Africa/main/public/hvstat_africa_data_v1.2.csv,WFP HDX CHIRPS v2 dekadal indicators,https://data.humdata.org/dataset/ken-rainfall-subnational
Elgeyo-Marakwet,KE028,0.745102,35.560856,2004,33579.000000,101153.000000,3.012389,Annual,0,18.000000,706.707065,657.566659,7.473068,39.261504,32.099367,0.817579,10.000000,5.000000,2.000000,1.000000,71.000000,HarvestStat Africa v1.2,https://raw.githubusercontent.com/HarvestStat/HarvestStat-Africa/main/public/hvstat_africa_data_v1.2.csv,WFP HDX CHIRPS v2 dekadal indicators,https://data.humdata.org/dataset/ken-rainfall-subnational
Embu,KE014,-0.532830,37.664629,2004,50500.000000,35103.510351,0.695119,Annual,0,18.000000,339.648355,525.286081,-35.340309,18.869353,18.782418,0.995393,5.000000,2.000000,8.000000,3.000000,81.000000,HarvestStat Africa v1.2,https://raw.githubusercontent.com/HarvestStat/HarvestStat-Africa/main/public/hvstat_africa_data_v1.2.csv,WFP HDX CHIRPS v2 dekadal indicators,https://data.humdata.org/dataset/ken-rainfall-subnational
Garissa,KE007,-0.520490,40.355590,2004,525.000000,376.237624,0.716643,Annual,0,18.000000,190.818557,240.279175,-20.584646,10.601031,10.119251,0.954553,4.000000,0.000000,13.000000,9.000000,92.000000,HarvestStat Africa v1.2,https://raw.githubusercontent.com/HarvestStat/HarvestStat-Africa/main/public/hvstat_africa_data_v1.2.csv,WFP HDX CHIRPS v2 dekadal indicators,https://data.humdata.org/dataset/ken-rainfall-subnational
Homa Bay,KE043,-0.562403,34.314532,2004,43435.000000,16505.300000,0.380000,Annual,0,18.000000,623.834863,734.102143,-15.020700,34.657492,25.073271,0.723459,12.000000,3.000000,2.000000,1.000000,71.000000,HarvestStat Africa v1.2,https://raw.githubusercontent.com/HarvestStat/HarvestStat-Africa/main/public/hvstat_africa_data_v1.2.csv,WFP HDX CHIRPS v2 dekadal indicators,https://data.humdata.org/dataset/ken-rainfall-subnational
Isiolo,KE011,1.006385,38.747651,2004,956.000000,235.913591,0.246772,Annual,0,18.000000,189.902407,173.962088,9.163099,10.550134,15.002180,1.421990,3.000000,1.000000,14.000000,7.000000,92.000000,HarvestStat Africa v1.2,https://raw.githubusercontent.com/HarvestStat/HarvestStat-Africa/main/public/hvstat_africa_data_v1.2.csv,WFP HDX CHIRPS v2 dekadal indicators,https://data.humdata.org/dataset/ken-rainfall-subnational
Kajiado,KE034,-2.112369,36.777606,2004,36300.000000,47087.313280,1.297171,Annual,0,18.000000,424.037919,373.466385,13.541121,23.557662,22.593658,0.959079,9.000000,2.000000,7.000000,5.000000,71.000000,HarvestStat Africa v1.2,https://raw.githubusercontent.com/HarvestStat/HarvestStat-Africa/main/public/hvstat_africa_data_v1.2.csv,WFP HDX CHIRPS v2 dekadal indicators,https://data.humdata.org/dataset/ken-rainfall-subnational
Kakamega,KE037,0.497190,34.800929,2004,68884.000000,174909.990999,2.539196,Annual,0,18.000000,779.157890,951.356143,-18.100293,43.286549,29.204094,0.674669,16.000000,7.000000,1.000000,1.000000,71.000000,HarvestStat Africa v1.2,https://raw.githubusercontent.com/HarvestStat/HarvestStat-Africa/main/public/hvstat_africa_data_v1.2.csv,WFP HDX CHIRPS v2 dekadal indicators,https://data.humdata.org/dataset/ken-rainfall-subnational
Kericho,KE035,-0.316683,35.225997,2004,54190.000000,161055.000000,2.972043,Annual,0,18.000000,875.104489,795.027352,10.072249,48.616916,36.528505,0.751354,12.000000,8.000000,1.000000,1.000000,71.000000,HarvestStat Africa v1.2,https://raw.githubusercontent.com/HarvestStat/HarvestStat-Africa/main/public/hvstat_africa_data_v1.2.csv,WFP HDX CHIRPS v2 dekadal indicators,https://data.humdata.org/dataset/ken-rainfall-subnational
Kiambu,KE022,-1.034385,36.843216,2004,22140.000000,29599.000000,1.336902,Annual,0,18.000000,763.857157,695.396027,9.844912,42.436509,42.682594,1.005799,11.000000,4.000000,4.000000,3.000000,71.000000,HarvestStat Africa v1.2,https://raw.githubusercontent.com/HarvestStat/HarvestStat-Africa/main/public/hvstat_africa_data_v1.2.csv,WFP HDX CHIRPS v2 dekadal indicators,https://data.humdata.org/dataset/ken-rainfall-subnational
Kilifi,KE003,-3.152441,39.672708,2004,49216.000000,28436.273627,0.577785,Annual,0,18.000000,397.032178,488.607513,-18.742105,22.057343,21.444825,0.972231,6.000000,2.000000,7.000000,5.000000,92.000000,HarvestStat Africa v1.2,https://raw.githubusercontent.com/HarvestStat/HarvestStat-Africa/main/public/hvstat_africa_data_v1.2.csv,WFP HDX CHIRPS v2 dekadal indicators,https://data.humdata.org/dataset/ken-rainfall-subnational
Kirinyaga,KE020,-0.467350,37.301902,2004,25000.000000,19892.000000,0.795680,Annual,0,18.000000,404.208337,646.759723,-37.502550,22.456019,19.240134,0.856792,6.000000,2.000000,6.000000,2.000000,81.000000,HarvestStat Africa v1.2,https://raw.githubusercontent.com/HarvestStat/HarvestStat-Africa/main/public/hvstat_africa_data_v1.2.csv,WFP HDX CHIRPS v2 dekadal indicators,https://data.humdata.org/dataset/ken-rainfall-subnational
Kisii,KE045,-0.736677,34.753510,2004,48035.000000,113879.000000,2.370750,Annual,0,18.000000,816.374998,925.845013,-11.823795,45.354167,27.587083,0.608259,16.000000,7.000000,1.000000,1.000000,61.000000,HarvestStat Africa v1.2,https://raw.githubusercontent.com/HarvestStat/HarvestStat-Africa/main/public/hvstat_africa_data_v1.2.csv,WFP HDX CHIRPS v2 dekadal indicators,https://data.humdata.org/dataset/ken-rainfall-subnational
Kisumu,KE042,-0.194380,34.777329,2004,17367.000000,32338.000000,1.862037,Annual,0,18.000000,771.188407,816.425122,-5.540828,42.843800,29.493600,0.688398,13.000000,7.000000,1.000000,1.000000,71.000000,HarvestStat Africa v1.2,https://raw.githubusercontent.com/HarvestStat/HarvestStat-Africa/main/public/hvstat_africa_data_v1.2.csv,WFP HDX CHIRPS v2 dekadal indicators,https://data.humdata.org/dataset/ken-rainfall-subnational
Kitui,KE015,-1.560490,38.371810,2004,43720.522052,8462.646265,0.193562,Annual,0,18.000000,234.877634,272.434005,-13.785493,13.048757,14.580934,1.117419,4.000000,1.000000,11.000000,6.000000,81.000000,HarvestStat Africa v1.2,https://raw.githubusercontent.com/HarvestStat/HarvestStat-Africa/main/public/hvstat_africa_data_v1.2.csv,WFP HDX CHIRPS v2 dekadal indicators,https://data.humdata.org/dataset/ken-rainfall-subnational
Kwale,KE002,-4.120591,39.066136,2004,14146.900000,7365.616562,0.520652,Annual,0,18.000000,480.728626,541.885007,-11.285859,26.707146,24.058736,0.900835,7.000000,3.000000,5.000000,2.000000,92.000000,HarvestStat Africa v1.2,https://raw.githubusercontent.com/HarvestStat/HarvestStat-Africa/main/public/hvstat_africa_data_v1.2.csv,WFP HDX CHIRPS v2 dekadal indicators,https://data.humdata.org/dataset/ken-rainfall-subnational
Laikipia,KE031,0.289134,36.825248,2004,28000.000000,46535.000000,1.661964,Annual,0,18.000000,379.781464,361.774838,4.977302,21.098970,17.769383,0.842192,5.000000,2.000000,5.000000,3.000000,92.000000,HarvestStat Africa v1.2,https://raw.githubusercontent.com/HarvestStat/HarvestStat-Africa/main/public/hvstat_africa_data_v1.2.csv,WFP HDX CHIRPS v2 dekadal indicators,https://data.humdata.org/dataset/ken-rainfall-subnational
Lamu,KE005,-2.063679,40.545830,2004,6901.000000,8648.334833,1.253200,Annual,0,18.000000,409.748764,534.602138,-23.354447,22.763820,34.136634,1.499600,7.000000,2.000000,10.000000,9.000000,92.000000,HarvestStat Africa v1.2,https://raw.githubusercontent.com/HarvestStat/HarvestStat-Africa/main/public/hvstat_africa_data_v1.2.csv,WFP HDX CHIRPS v2 dekadal indicators,https://data.humdata.org/dataset/ken-rainfall-subnational
Machakos,KE016,-1.276237,37.394595,2004,108300.000000,27002.700270,0.249332,Annual,0,18.000000,384.847300,412.340392,-6.667572,21.380406,23.143625,1.082469,7.000000,2.000000,7.000000,3.000000,92.000000,HarvestStat Africa v1.2,https://raw.githubusercontent.com/HarvestStat/HarvestStat-Africa/main/public/hvstat_africa_data_v1.2.csv,WFP HDX CHIRPS v2 dekadal indicators,https://data.humdata.org/dataset/ken-rainfall-subnational
Makueni,KE017,-2.253637,37.876663,2004,87000.000000,11251.125113,0.129323,Annual,0,18.000000,353.859921,334.183265,5.887984,19.658885,19.628566,0.998458,6.000000,3.000000,10.000000,6.000000,81.000000,HarvestStat Africa v1.2,https://raw.githubusercontent.com/HarvestStat/HarvestStat-Africa/main/public/hvstat_africa_data_v1.2.csv,WFP HDX CHIRPS v2 dekadal indicators,https://data.humdata.org/dataset/ken-rainfall-subnational
Mandera,KE009,3.230964,40.711346,2004,1350.000000,369.036904,0.273361,Annual,0,18.000000,155.494065,189.924349,-18.128420,8.638559,15.775217,1.826140,2.000000,1.000000,15.000000,9.000000,92.000000,HarvestStat Africa v1.2,https://raw.githubusercontent.com/HarvestStat/HarvestStat-Africa/main/public/hvstat_africa_data_v1.2.csv,WFP HDX CHIRPS v2 dekadal indicators,https://data.humdata.org/dataset/ken-rainfall-subnational
Marsabit,KE010,2.860480,37.714884,2004,10100.000000,7980.198020,0.790119,Annual,0,18.000000,214.164928,184.486778,16.086871,11.898052,13.865294,1.165342,4.000000,0.000000,12.000000,7.000000,92.000000,HarvestStat Africa v1.2,https://raw.githubusercontent.com/HarvestStat/HarvestStat-Africa/main/public/hvstat_africa_data_v1.2.csv,WFP HDX CHIRPS v2 dekadal indicators,https://data.humdata.org/dataset/ken-rainfall-subnational
Meru,KE012,0.229055,37.776111,2004,118285.000000,97435.823582,0.823738,Annual,0,18.000000,508.233483,524.441410,-3.090512,28.235194,29.824192,1.056277,9.000000,2.000000,5.000000,3.000000,71.000000,HarvestStat Africa v1.2,https://raw.githubusercontent.com/HarvestStat/HarvestStat-Africa/main/public/hvstat_africa_data_v1.2.csv,WFP HDX CHIRPS v2 dekadal indicators,https://data.humdata.org/dataset/ken-rainfall-subnational
Migori,KE044,-1.018704,34.309173,2004,45860.000000,31184.800000,0.680000,Annual,0,18.000000,680.908048,753.103059,-9.586339,37.828225,25.948498,0.685956,14.000000,5.000000,2.000000,1.000000,61.000000,HarvestStat Africa v1.2,https://raw.githubusercontent.com/HarvestStat/HarvestStat-Africa/main/public/hvstat_africa_data_v1.2.csv,WFP HDX CHIRPS v2 dekadal indicators,https://data.humdata.org/dataset/ken-rainfall-subnational
Mombasa,KE001,-3.990448,39.701130,2004,759.000000,429.702970,0.566144,Annual,0,18.000000,497.700000,734.479994,-32.237773,27.650000,28.856142,1.043622,7.000000,4.000000,6.000000,5.000000,92.000000,HarvestStat Africa v1.2,https://raw.githubusercontent.com/HarvestStat/HarvestStat-Africa/main/public/hvstat_africa_data_v1.2.csv,WFP HDX CHIRPS v2 dekadal indicators,https://data.humdata.org/dataset/ken-rainfall-subnational
Murang'a,KE021,-0.828519,37.004173,2004,25066.000000,23056.000000,0.919812,Annual,0,18.000000,596.949585,695.837541,-14.211357,33.163866,35.262338,1.063276,9.000000,3.000000,4.000000,2.000000,81.000000,HarvestStat Africa v1.2,https://raw.githubusercontent.com/HarvestStat/HarvestStat-Africa/main/public/hvstat_africa_data_v1.2.csv,WFP HDX CHIRPS v2 dekadal indicators,https://data.humdata.org/dataset/ken-rainfall-subnational
Nakuru,KE032,-0.458448,36.100384,2004,68025.000000,174502.000000,2.565263,Annual,0,18.000000,584.084038,535.090196,9.156184,32.449113,25.898139,0.798115,10.000000,3.000000,1.000000,1.000000,71.000000,HarvestStat Africa v1.2,https://raw.githubusercontent.com/HarvestStat/HarvestStat-Africa/main/public/hvstat_africa_data_v1.2.csv,WFP HDX CHIRPS v2 dekadal indicators,https://data.humdata.org/dataset/ken-rainfall-subnational
Nandi,KE029,0.227352,35.123876,2004,42300.000000,114221.000000,2.700260,Annual,0,18.000000,815.340661,819.099630,-0.458915,45.296703,32.513846,0.717797,12.000000,7.000000,1.000000,1.000000,71.000000,HarvestStat Africa v1.2,https://raw.githubusercontent.com/HarvestStat/HarvestStat-Africa/main/public/hvstat_africa_data_v1.2.csv,WFP HDX CHIRPS v2 dekadal indicators,https://data.humdata.org/dataset/ken-rainfall-subnational
Narok,KE033,-1.279878,35.476358,2004,85310.000000,158920.000000,1.862853,Annual,0,18.000000,638.329328,591.197598,7.972247,35.462740,27.275756,0.769138,11.000000,4.000000,2.000000,2.000000,71.000000,HarvestStat Africa v1.2,https://raw.githubusercontent.com/HarvestStat/HarvestStat-Africa/main/public/hvstat_africa_data_v1.2.csv,WFP HDX CHIRPS v2 dekadal indicators,https://data.humdata.org/dataset/ken-rainfall-subnational
Nyamira,KE046,-0.649378,34.933398,2004,56365.000000,115592.000000,2.050776,Annual,0,18.000000,819.896553,912.716100,-10.169597,45.549808,30.236849,0.663819,14.000000,6.000000,1.000000,1.000000,71.000000,HarvestStat Africa v1.2,https://raw.githubusercontent.com/HarvestStat/HarvestStat-Africa/main/public/hvstat_africa_data_v1.2.csv,WFP HDX CHIRPS v2 dekadal indicators,https://data.humdata.org/dataset/ken-rainfall-subnational
Nyandarua,KE018,-0.389093,36.497431,2004,15590.000000,28713.000000,1.841758,Annual,0,18.000000,598.231477,598.538580,-0.051309,33.235082,26.886448,0.808978,11.000000,3.000000,1.000000,1.000000,81.000000,HarvestStat Africa v1.2,https://raw.githubusercontent.com/HarvestStat/HarvestStat-Africa/main/public/hvstat_africa_data_v1.2.csv,WFP HDX CHIRPS v2 dekadal indicators,https://data.humdata.org/dataset/ken-rainfall-subnational
Nyeri,KE019,-0.314375,36.930473,2004,26076.000000,16873.000000,0.647070,Annual,0,18.000000,516.954548,644.133946,-19.744247,28.719697,20.252324,0.705172,9.000000,3.000000,0.000000,0.000000,71.000000,HarvestStat Africa v1.2,https://raw.githubusercontent.com/HarvestStat/HarvestStat-Africa/main/public/hvstat_africa_data_v1.2.csv,WFP HDX CHIRPS v2 dekadal indicators,https://data.humdata.org/dataset/ken-rainfall-subnational
Samburu,KE025,1.541373,36.941540,2004,2360.000000,3726.000000,1.578814,Annual,0,18.000000,332.982474,270.988171,22.877125,18.499026,19.348688,1.045930,6.000000,2.000000,10.000000,5.000000,71.000000,HarvestStat Africa v1.2,https://raw.githubusercontent.com/HarvestStat/HarvestStat-Africa/main/public/hvstat_africa_data_v1.2.csv,WFP HDX CHIRPS v2 dekadal indicators,https://data.humdata.org/dataset/ken-rainfall-subnational
Siaya,KE041,-0.057674,34.199887,2004,59544.000000,60863.344734,1.022157,Annual,0,18.000000,664.750001,811.195420,-18.053038,36.930556,26.898190,0.728345,14.000000,3.000000,1.000000,1.000000,71.000000,HarvestStat Africa v1.2,https://raw.githubusercontent.com/HarvestStat/HarvestStat-Africa/main/public/hvstat_africa_data_v1.2.csv,WFP HDX CHIRPS v2 dekadal indicators,https://data.humdata.org/dataset/ken-rainfall-subnational
Taita Taveta,KE006,-3.405203,38.371760,2004,17464.000000,3797.569757,0.217451,Annual,0,18.000000,329.741530,310.607723,6.160120,18.318974,19.994419,1.091460,5.000000,2.000000,10.000000,7.000000,92.000000,HarvestStat Africa v1.2,https://raw.githubusercontent.com/HarvestStat/HarvestStat-Africa/main/public/hvstat_africa_data_v1.2.csv,WFP HDX CHIRPS v2 dekadal indicators,https://data.humdata.org/dataset/ken-rainfall-subnational
Tana River,KE004,-1.534918,39.550288,2004,1624.000000,1141.584158,0.702946,Annual,0,18.000000,163.157892,192.080568,-15.057575,9.064327,8.293564,0.914967,2.000000,0.000000,13.000000,6.000000,92.000000,HarvestStat Africa v1.2,https://raw.githubusercontent.com/HarvestStat/HarvestStat-Africa/main/public/hvstat_africa_data_v1.2.csv,WFP HDX CHIRPS v2 dekadal indicators,https://data.humdata.org/dataset/ken-rainfall-subnational
Tharaka-Nithi,KE013,-0.191445,37.960417,2004,3746.000000,2611.881188,0.697245,Annual,0,18.000000,429.392859,547.091662,-21.513544,23.855159,28.953774,1.213732,7.000000,2.000000,6.000000,3.000000,81.000000,HarvestStat Africa v1.2,https://raw.githubusercontent.com/HarvestStat/HarvestStat-Africa/main/public/hvstat_africa_data_v1.2.csv,WFP HDX CHIRPS v2 dekadal indicators,https://data.humdata.org/dataset/ken-rainfall-subnational
Trans Nzoia,KE026,1.045915,34.980778,2004,94700.000000,383573.000000,4.050401,Annual,0,18.000000,550.430376,634.237966,-13.213903,30.579465,24.241693,0.792744,8.000000,4.000000,2.000000,1.000000,81.000000,HarvestStat Africa v1.2,https://raw.githubusercontent.com/HarvestStat/HarvestStat-Africa/main/public/hvstat_africa_data_v1.2.csv,WFP HDX CHIRPS v2 dekadal indicators,https://data.humdata.org/dataset/ken-rainfall-subnational
Turkana,KE023,3.162488,35.313492,2004,2827.000000,4044.000000,1.430492,Annual,0,18.000000,157.624601,172.177661,-8.452351,8.756922,8.926639,1.019381,2.000000,0.000000,12.000000,7.000000,92.000000,HarvestStat Africa v1.2,https://raw.githubusercontent.com/HarvestStat/HarvestStat-Africa/main/public/hvstat_africa_data_v1.2.csv,WFP HDX CHIRPS v2 dekadal indicators,https://data.humdata.org/dataset/ken-rainfall-subnational
Uasin Gishu,KE027,0.478188,35.303799,2004,65758.000000,254509.000000,3.870388,Annual,0,18.000000,658.279280,606.721928,8.497690,36.571071,29.469727,0.805821,9.000000,6.000000,2.000000,1.000000,71.000000,HarvestStat Africa v1.2,https://raw.githubusercontent.com/HarvestStat/HarvestStat-Africa/main/public/hvstat_africa_data_v1.2.csv,WFP HDX CHIRPS v2 dekadal indicators,https://data.humdata.org/dataset/ken-rainfall-subnational
Vihiga,KE038,0.084857,34.707784,2004,20820.000000,37443.744374,1.798451,Annual,0,18.000000,833.736844,1006.033351,-17.126322,46.318714,32.949221,0.711359,13.000000,5.000000,1.000000,1.000000,61.000000,HarvestStat Africa v1.2,https://raw.githubusercontent.com/HarvestStat/HarvestStat-Africa/main/public/hvstat_africa_data_v1.2.csv,WFP HDX CHIRPS v2 dekadal indicators,https://data.humdata.org/dataset/ken-rainfall-subnational
Wajir,KE008,1.939715,40.024507,2004,2100.000000,108.010801,0.051434,Annual,0,18.000000,168.946456,193.539230,-12.706868,9.385914,15.917002,1.695839,3.000000,1.000000,15.000000,9.000000,92.000000,HarvestStat Africa v1.2,https://raw.githubusercontent.com/HarvestStat/HarvestStat-Africa/main/public/hvstat_africa_data_v1.2.csv,WFP HDX CHIRPS v2 dekadal indicators,https://data.humdata.org/dataset/ken-rainfall-subnational
West Pokot,KE024,1.893374,35.212768,2004,23785.000000,40676.000000,1.710153,Annual,0,18.000000,402.068031,443.095810,-9.259347,22.337113,20.692590,0.926377,6.000000,2.000000,7.000000,4.000000,81.000000,HarvestStat Africa v1.2,https://raw.githubusercontent.com/HarvestStat/HarvestStat-Africa/main/public/hvstat_africa_data_v1.2.csv,WFP HDX CHIRPS v2 dekadal indicators,https://data.humdata.org/dataset/ken-rainfall-subnational
Baringo,KE030,0.726352,36.018591,2005,20550.000000,46242.000000,2.250219,Annual,0,18.000000,511.487182,465.744538,9.821402,28.415955,27.848597,0.980034,11.000000,2.000000,4.000000,2.000000,70.000000,HarvestStat Africa v1.2,https://raw.githubusercontent.com/HarvestStat/HarvestStat-Africa/main/public/hvstat_africa_data_v1.2.csv,WFP HDX CHIRPS v2 dekadal indicators,https://data.humdata.org/dataset/ken-rainfall-subnational
Bomet,KE036,-0.716095,35.238459,2005,27457.000000,81908.000000,2.983137,Annual,0,18.000000,775.473682,842.724213,-7.980135,43.081871,30.260153,0.702387,14.000000,7.000000,3.000000,2.000000,60.000000,HarvestStat Africa v1.2,https://raw.githubusercontent.com/HarvestStat/HarvestStat-Africa/main/public/hvstat_africa_data_v1.2.csv,WFP HDX CHIRPS v2 dekadal indicators,https://data.humdata.org/dataset/ken-rainfall-subnational
Bungoma,KE039,0.785694,34.718757,2005,82742.000000,264076.147615,3.191561,Annual,0,18.000000,730.229994,854.742337,-14.567237,40.568333,27.564411,0.679456,13.000000,7.000000,4.000000,2.000000,70.000000,HarvestStat Africa v1.2,https://raw.githubusercontent.com/HarvestStat/HarvestStat-Africa/main/public/hvstat_africa_data_v1.2.csv,WFP HDX CHIRPS v2 dekadal indicators,https://data.humdata.org/dataset/ken-rainfall-subnational
Busia,KE040,0.375707,34.265111,2005,39570.000000,51865.436544,1.310726,Annual,0,18.000000,805.538467,900.425645,-10.538036,44.752137,32.604050,0.728547,14.000000,8.000000,3.000000,2.000000,70.000000,HarvestStat Africa v1.2,https://raw.githubusercontent.com/HarvestStat/HarvestStat-Africa/main/public/hvstat_africa_data_v1.2.csv,WFP HDX CHIRPS v2 dekadal indicators,https://data.humdata.org/dataset/ken-rainfall-subnational
Elgeyo-Marakwet,KE028,0.745102,35.560856,2005,35835.000000,111363.000000,3.107660,Annual,0,18.000000,738.949503,657.566659,12.376364,41.052750,38.838881,0.946073,14.000000,3.000000,4.000000,2.000000,70.000000,HarvestStat Africa v1.2,https://raw.githubusercontent.com/HarvestStat/HarvestStat-Africa/main/public/hvstat_africa_data_v1.2.csv,WFP HDX CHIRPS v2 dekadal indicators,https://data.humdata.org/dataset/ken-rainfall-subnational
Embu,KE014,-0.532830,37.664629,2005,46072.000000,49493.249325,1.074259,Annual,0,18.000000,425.648350,525.286081,-18.968279,23.647131,31.622441,1.337263,6.000000,3.000000,9.000000,4.000000,91.000000,HarvestStat Africa v1.2,https://raw.githubusercontent.com/HarvestStat/HarvestStat-Africa/main/public/hvstat_africa_data_v1.2.csv,WFP HDX CHIRPS v2 dekadal indicators,https://data.humdata.org/dataset/ken-rainfall-subnational
Garissa,KE007,-0.520490,40.355590,2005,670.000000,180.918092,0.270027,Annual,0,18.000000,176.347766,240.279175,-26.607137,9.797098,10.609541,1.082927,3.000000,0.000000,12.000000,9.000000,111.000000,HarvestStat Africa v1.2,https://raw.githubusercontent.com/HarvestStat/HarvestStat-Africa/main/public/hvstat_africa_data_v1.2.csv,WFP HDX CHIRPS v2 dekadal indicators,https://data.humdata.org/dataset/ken-rainfall-subnational
Homa Bay,KE043,-0.562403,34.314532,2005,36110.000000,47500.000000,1.315425,Annual,0,18.000000,747.229358,734.102143,1.788200,41.512742,35.665560,0.859147,13.000000,6.000000,3.000000,2.000000,60.000000,HarvestStat Africa v1.2,https://raw.githubusercontent.com/HarvestStat/HarvestStat-Africa/main/public/hvstat_africa_data_v1.2.csv,WFP HDX CHIRPS v2 dekadal indicators,https://data.humdata.org/dataset/ken-rainfall-subnational
Isiolo,KE011,1.006385,38.747651,2005,700.000000,477.047705,0.681497,Annual,0,18.000000,117.350601,173.962088,-32.542428,6.519478,9.740735,1.494097,1.000000,0.000000,14.000000,9.000000,182.000000,HarvestStat Africa v1.2,https://raw.githubusercontent.com/HarvestStat/HarvestStat-Africa/main/public/hvstat_africa_data_v1.2.csv,WFP HDX CHIRPS v2 dekadal indicators,https://data.humdata.org/dataset/ken-rainfall-subnational
Kajiado,KE034,-2.112369,36.777606,2005,35920.000000,26103.000000,0.726698,Annual,0,18.000000,342.252804,373.466385,-8.357802,19.014045,21.320951,1.121326,5.000000,3.000000,8.000000,3.000000,80.000000,HarvestStat Africa v1.2,https://raw.githubusercontent.com/HarvestStat/HarvestStat-Africa/main/public/hvstat_africa_data_v1.2.csv,WFP HDX CHIRPS v2 dekadal indicators,https://data.humdata.org/dataset/ken-rainfall-subnational
Kakamega,KE037,0.497190,34.800929,2005,70747.000000,185822.682268,2.626580,Annual,0,18.000000,878.231575,951.356143,-7.686351,48.790643,34.597988,0.709111,14.000000,8.000000,3.000000,2.000000,60.000000,HarvestStat Africa v1.2,https://raw.githubusercontent.com/HarvestStat/HarvestStat-Africa/main/public/hvstat_africa_data_v1.2.csv,WFP HDX CHIRPS v2 dekadal indicators,https://data.humdata.org/dataset/ken-rainfall-subnational
Kericho,KE035,-0.316683,35.225997,2005,41685.000000,146731.200000,3.520000,Annual,0,18.000000,800.373113,795.027352,0.672400,44.465173,32.231408,0.724869,14.000000,8.000000,3.000000,2.000000,60.000000,HarvestStat Africa v1.2,https://raw.githubusercontent.com/HarvestStat/HarvestStat-Africa/main/public/hvstat_africa_data_v1.2.csv,WFP HDX CHIRPS v2 dekadal indicators,https://data.humdata.org/dataset/ken-rainfall-subnational
Kiambu,KE022,-1.034385,36.843216,2005,23391.000000,29660.000000,1.268009,Annual,0,18.000000,677.285710,695.396027,-2.604317,37.626984,41.088845,1.092005,8.000000,6.000000,7.000000,3.000000,80.000000,HarvestStat Africa v1.2,https://raw.githubusercontent.com/HarvestStat/HarvestStat-Africa/main/public/hvstat_africa_data_v1.2.csv,WFP HDX CHIRPS v2 dekadal indicators,https://data.humdata.org/dataset/ken-rainfall-subnational
Kilifi,KE003,-3.152441,39.672708,2005,42169.000000,33457.155716,0.793406,Annual,0,18.000000,413.403464,488.607513,-15.391505,22.966859,19.106251,0.831905,9.000000,2.000000,5.000000,3.000000,80.000000,HarvestStat Africa v1.2,https://raw.githubusercontent.com/HarvestStat/HarvestStat-Africa/main/public/hvstat_africa_data_v1.2.csv,WFP HDX CHIRPS v2 dekadal indicators,https://data.humdata.org/dataset/ken-rainfall-subnational
Kirinyaga,KE020,-0.467350,37.301902,2005,24224.000000,31503.000000,1.300487,Annual,0,18.000000,541.166676,646.759723,-16.326472,30.064815,39.325928,1.308038,6.000000,4.000000,6.000000,3.000000,91.000000,HarvestStat Africa v1.2,https://raw.githubusercontent.com/HarvestStat/HarvestStat-Africa/main/public/hvstat_africa_data_v1.2.csv,WFP HDX CHIRPS v2 dekadal indicators,https://data.humdata.org/dataset/ken-rainfall-subnational
Kisii,KE045,-0.736677,34.753510,2005,50200.000000,112961.296130,2.250225,Annual,0,18.000000,885.749996,925.845013,-4.330640,49.208333,39.891346,0.810662,13.000000,7.000000,2.000000,1.000000,60.000000,HarvestStat Africa v1.2,https://raw.githubusercontent.com/HarvestStat/HarvestStat-Africa/main/public/hvstat_africa_data_v1.2.csv,WFP HDX CHIRPS v2 dekadal indicators,https://data.humdata.org/dataset/ken-rainfall-subnational
Kisumu,KE042,-0.194380,34.777329,2005,18750.000000,35996.849685,1.919832,Annual,0,18.000000,809.478265,816.425122,-0.850887,44.971015,37.540139,0.834763,13.000000,7.000000,2.000000,1.000000,60.000000,HarvestStat Africa v1.2,https://raw.githubusercontent.com/HarvestStat/HarvestStat-Africa/main/public/hvstat_africa_data_v1.2.csv,WFP HDX CHIRPS v2 dekadal indicators,https://data.humdata.org/dataset/ken-rainfall-subnational
Kitui,KE015,-1.560490,38.371810,2005,89713.188119,24519.441944,0.273309,Annual,0,18.000000,187.007021,272.434005,-31.356946,10.389279,11.827668,1.138449,4.000000,0.000000,12.000000,7.000000,91.000000,HarvestStat Africa v1.2,https://raw.githubusercontent.com/HarvestStat/HarvestStat-Africa/main/public/hvstat_africa_data_v1.2.csv,WFP HDX CHIRPS v2 dekadal indicators,https://data.humdata.org/dataset/ken-rainfall-subnational
Kwale,KE002,-4.120591,39.066136,2005,13203.000000,9791.539154,0.741615,Annual,0,18.000000,482.631964,541.885007,-10.934616,26.812887,28.453882,1.061202,11.000000,1.000000,5.000000,3.000000,80.000000,HarvestStat Africa v1.2,https://raw.githubusercontent.com/HarvestStat/HarvestStat-Africa/main/public/hvstat_africa_data_v1.2.csv,WFP HDX CHIRPS v2 dekadal indicators,https://data.humdata.org/dataset/ken-rainfall-subnational
Laikipia,KE031,0.289134,36.825248,2005,33903.000000,45209.000000,1.333481,Annual,0,18.000000,353.023178,361.774838,-2.419090,19.612399,19.234563,0.980735,5.000000,2.000000,5.000000,2.000000,91.000000,HarvestStat Africa v1.2,https://raw.githubusercontent.com/HarvestStat/HarvestStat-Africa/main/public/hvstat_africa_data_v1.2.csv,WFP HDX CHIRPS v2 dekadal indicators,https://data.humdata.org/dataset/ken-rainfall-subnational
Lamu,KE005,-2.063679,40.545830,2005,9425.000000,10180.018002,1.080108,Annual,0,18.000000,536.620690,534.602138,0.377580,29.812261,42.189269,1.415165,7.000000,4.000000,8.000000,7.000000,111.000000,HarvestStat Africa v1.2,https://raw.githubusercontent.com/HarvestStat/HarvestStat-Africa/main/public/hvstat_africa_data_v1.2.csv,WFP HDX CHIRPS v2 dekadal indicators,https://data.humdata.org/dataset/ken-rainfall-subnational
Machakos,KE016,-1.276237,37.394595,2005,186190.000000,118152.115212,0.634578,Annual,0,18.000000,384.152703,412.340392,-6.836024,21.341817,23.929080,1.121230,5.000000,3.000000,8.000000,3.000000,80.000000,HarvestStat Africa v1.2,https://raw.githubusercontent.com/HarvestStat/HarvestStat-Africa/main/public/hvstat_africa_data_v1.2.csv,WFP HDX CHIRPS v2 dekadal indicators,https://data.humdata.org/dataset/ken-rainfall-subnational
Makueni,KE017,-2.253637,37.876663,2005,85487.000000,26552.025203,0.310597,Annual,0,18.000000,274.245134,334.183265,-17.935707,15.235841,18.185952,1.193630,4.000000,2.000000,12.000000,4.000000,80.000000,HarvestStat Africa v1.2,https://raw.githubusercontent.com/HarvestStat/HarvestStat-Africa/main/public/hvstat_africa_data_v1.2.csv,WFP HDX CHIRPS v2 dekadal indicators,https://data.humdata.org/dataset/ken-rainfall-subnational
Mandera,KE009,3.230964,40.711346,2005,1500.000000,299.729973,0.199820,Annual,0,18.000000,157.359856,189.924349,-17.146034,8.742214,15.446403,1.766875,3.000000,1.000000,15.000000,10.000000,182.000000,HarvestStat Africa v1.2,https://raw.githubusercontent.com/HarvestStat/HarvestStat-Africa/main/public/hvstat_africa_data_v1.2.csv,WFP HDX CHIRPS v2 dekadal indicators,https://data.humdata.org/dataset/ken-rainfall-subnational
Marsabit,KE010,2.860480,37.714884,2005,7920.000000,2083.117912,0.263020,Annual,0,18.000000,157.482640,184.486778,-14.637438,8.749036,12.314438,1.407520,2.000000,0.000000,13.000000,9.000000,111.000000,HarvestStat Africa v1.2,https://raw.githubusercontent.com/HarvestStat/HarvestStat-Africa/main/public/hvstat_africa_data_v1.2.csv,WFP HDX CHIRPS v2 dekadal indicators,https://data.humdata.org/dataset/ken-rainfall-subnational
Meru,KE012,0.229055,37.776111,2005,83827.000000,74304.050405,0.886398,Annual,0,18.000000,447.859035,524.441410,-14.602656,24.881057,32.457676,1.304514,7.000000,3.000000,8.000000,3.000000,91.000000,HarvestStat Africa v1.2,https://raw.githubusercontent.com/HarvestStat/HarvestStat-Africa/main/public/hvstat_africa_data_v1.2.csv,WFP HDX CHIRPS v2 dekadal indicators,https://data.humdata.org/dataset/ken-rainfall-subnational
Migori,KE044,-1.018704,34.309173,2005,45280.000000,92421.000000,2.041100,Annual,0,18.000000,747.609190,753.103059,-0.729498,41.533844,35.430780,0.853058,12.000000,6.000000,4.000000,2.000000,60.000000,HarvestStat Africa v1.2,https://raw.githubusercontent.com/HarvestStat/HarvestStat-Africa/main/public/hvstat_africa_data_v1.2.csv,WFP HDX CHIRPS v2 dekadal indicators,https://data.humdata.org/dataset/ken-rainfall-subnational
Mombasa,KE001,-3.990448,39.701130,2005,861.000000,412.331233,0.478898,Annual,0,18.000000,582.500000,734.479994,-20.692190,32.361111,28.496845,0.880589,10.000000,4.000000,6.000000,4.000000,91.000000,HarvestStat Africa v1.2,https://raw.githubusercontent.com/HarvestStat/HarvestStat-Africa/main/public/hvstat_africa_data_v1.2.csv,WFP HDX CHIRPS v2 dekadal indicators,https://data.humdata.org/dataset/ken-rainfall-subnational
Murang'a,KE021,-0.828519,37.004173,2005,35100.000000,30486.000000,0.868547,Annual,0,18.000000,645.941174,695.837541,-7.170692,35.885621,40.829832,1.137777,8.000000,5.000000,6.000000,2.000000,80.000000,HarvestStat Africa v1.2,https://raw.githubusercontent.com/HarvestStat/HarvestStat-Africa/main/public/hvstat_africa_data_v1.2.csv,WFP HDX CHIRPS v2 dekadal indicators,https://data.humdata.org/dataset/ken-rainfall-subnational
Nairobi,KE047,-1.300489,36.827926,2005,2137.000000,1757.700000,0.822508,Annual,0,18.000000,501.153843,505.110248,-0.783276,27.841880,31.293156,1.123960,6.000000,4.000000,7.000000,3.000000,80.000000,HarvestStat Africa v1.2,https://raw.githubusercontent.com/HarvestStat/HarvestStat-Africa/main/public/hvstat_africa_data_v1.2.csv,WFP HDX CHIRPS v2 dekadal indicators,https://data.humdata.org/dataset/ken-rainfall-subnational
Nakuru,KE032,-0.458448,36.100384,2005,66451.000000,148180.000000,2.229914,Annual,0,18.000000,490.638657,535.090196,-8.307298,27.257703,19.836963,0.727756,10.000000,2.000000,4.000000,2.000000,80.000000,HarvestStat Africa v1.2,https://raw.githubusercontent.com/HarvestStat/HarvestStat-Africa/main/public/hvstat_africa_data_v1.2.csv,WFP HDX CHIRPS v2 dekadal indicators,https://data.humdata.org/dataset/ken-rainfall-subnational
Nandi,KE029,0.227352,35.123876,2005,36780.000000,123420.000000,3.355628,Annual,0,18.000000,840.516488,819.099630,2.614683,46.695360,35.226030,0.754380,14.000000,7.000000,2.000000,1.000000,70.000000,HarvestStat Africa v1.2,https://raw.githubusercontent.com/HarvestStat/HarvestStat-Africa/main/public/hvstat_africa_data_v1.2.csv,WFP HDX CHIRPS v2 dekadal indicators,https://data.humdata.org/dataset/ken-rainfall-subnational
Narok,KE033,-1.279878,35.476358,2005,88040.000000,166588.000000,1.892185,Annual,0,18.000000,541.518017,591.197598,-8.403211,30.084334,22.512719,0.748320,8.000000,5.000000,4.000000,2.000000,70.000000,HarvestStat Africa v1.2,https://raw.githubusercontent.com/HarvestStat/HarvestStat-Africa/main/public/hvstat_africa_data_v1.2.csv,WFP HDX CHIRPS v2 dekadal indicators,https://data.humdata.org/dataset/ken-rainfall-subnational
Nyamira,KE046,-0.649378,34.933398,2005,51185.000000,95247.974797,1.860857,Annual,0,18.000000,842.379308,912.716100,-7.706317,46.798850,35.718698,0.763239,13.000000,6.000000,2.000000,1.000000,60.000000,HarvestStat Africa v1.2,https://raw.githubusercontent.com/HarvestStat/HarvestStat-Africa/main/public/hvstat_africa_data_v1.2.csv,WFP HDX CHIRPS v2 dekadal indicators,https://data.humdata.org/dataset/ken-rainfall-subnational
Nyandarua,KE018,-0.389093,36.497431,2005,14300.000000,19307.000000,1.350140,Annual,0,18.000000,549.342587,598.538580,-8.219352,30.519033,24.791835,0.812340,11.000000,4.000000,4.000000,2.000000,80.000000,HarvestStat Africa v1.2,https://raw.githubusercontent.com/HarvestStat/HarvestStat-Africa/main/public/hvstat_africa_data_v1.2.csv,WFP HDX CHIRPS v2 dekadal indicators,https://data.humdata.org/dataset/ken-rainfall-subnational
Nyeri,KE019,-0.314375,36.930473,2005,27947.000000,27003.000000,0.966222,Annual,0,18.000000,564.772728,644.133946,-12.320608,31.376263,32.213865,1.026695,8.000000,4.000000,4.000000,2.000000,80.000000,HarvestStat Africa v1.2,https://raw.githubusercontent.com/HarvestStat/HarvestStat-Africa/main/public/hvstat_africa_data_v1.2.csv,WFP HDX CHIRPS v2 dekadal indicators,https://data.humdata.org/dataset/ken-rainfall-subnational
Samburu,KE025,1.541373,36.941540,2005,1369.000000,1232.000000,0.899927,Annual,0,18.000000,249.617515,270.988171,-7.886195,13.867640,16.115464,1.162091,3.000000,1.000000,10.000000,3.000000,91.000000,HarvestStat Africa v1.2,https://raw.githubusercontent.com/HarvestStat/HarvestStat-Africa/main/public/hvstat_africa_data_v1.2.csv,WFP HDX CHIRPS v2 dekadal indicators,https://data.humdata.org/dataset/ken-rainfall-subnational
Siaya,KE041,-0.057674,34.199887,2005,71530.000000,82530.153015,1.153784,Annual,0,18.000000,749.850000,811.195420,-7.562348,41.658333,35.878871,0.861265,13.000000,6.000000,3.000000,2.000000,70.000000,HarvestStat Africa v1.2,https://raw.githubusercontent.com/HarvestStat/HarvestStat-Africa/main/public/hvstat_africa_data_v1.2.csv,WFP HDX CHIRPS v2 dekadal indicators,https://data.humdata.org/dataset/ken-rainfall-subnational
Taita Taveta,KE006,-3.405203,38.371760,2005,21445.000000,15441.944194,0.720072,Annual,0,18.000000,230.021386,310.607723,-25.944730,12.778966,12.436817,0.973226,4.000000,0.000000,11.000000,4.000000,80.000000,HarvestStat Africa v1.2,https://raw.githubusercontent.com/HarvestStat/HarvestStat-Africa/main/public/hvstat_africa_data_v1.2.csv,WFP HDX CHIRPS v2 dekadal indicators,https://data.humdata.org/dataset/ken-rainfall-subnational
Tana River,KE004,-1.534918,39.550288,2005,1372.000000,988.298830,0.720334,Annual,0,18.000000,143.974090,192.080568,-25.044948,7.998561,7.060811,0.882760,1.000000,0.000000,13.000000,8.000000,111.000000,HarvestStat Africa v1.2,https://raw.githubusercontent.com/HarvestStat/HarvestStat-Africa/main/public/hvstat_africa_data_v1.2.csv,WFP HDX CHIRPS v2 dekadal indicators,https://data.humdata.org/dataset/ken-rainfall-subnational
Tharaka-Nithi,KE013,-0.191445,37.960417,2005,4886.000000,3493.609361,0.715024,Annual,0,18.000000,453.845235,547.091662,-17.044023,25.213624,35.878164,1.422967,6.000000,3.000000,8.000000,3.000000,91.000000,HarvestStat Africa v1.2,https://raw.githubusercontent.com/HarvestStat/HarvestStat-Africa/main/public/hvstat_africa_data_v1.2.csv,WFP HDX CHIRPS v2 dekadal indicators,https://data.humdata.org/dataset/ken-rainfall-subnational
Trans Nzoia,KE026,1.045915,34.980778,2005,95400.000000,392574.000000,4.115031,Annual,0,18.000000,561.632916,634.237966,-11.447604,31.201829,23.822820,0.763507,12.000000,3.000000,5.000000,2.000000,70.000000,HarvestStat Africa v1.2,https://raw.githubusercontent.com/HarvestStat/HarvestStat-Africa/main/public/hvstat_africa_data_v1.2.csv,WFP HDX CHIRPS v2 dekadal indicators,https://data.humdata.org/dataset/ken-rainfall-subnational
Turkana,KE023,3.162488,35.313492,2005,2590.000000,3227.000000,1.245946,Annual,0,18.000000,178.506361,172.177661,3.675680,9.917020,11.077113,1.116980,2.000000,0.000000,12.000000,7.000000,182.000000,HarvestStat Africa v1.2,https://raw.githubusercontent.com/HarvestStat/HarvestStat-Africa/main/public/hvstat_africa_data_v1.2.csv,WFP HDX CHIRPS v2 dekadal indicators,https://data.humdata.org/dataset/ken-rainfall-subnational
Uasin Gishu,KE027,0.478188,35.303799,2005,66000.000000,267327.000000,4.050409,Annual,0,18.000000,622.648643,606.721928,2.625044,34.591591,27.671238,0.799941,13.000000,3.000000,4.000000,2.000000,70.000000,HarvestStat Africa v1.2,https://raw.githubusercontent.com/HarvestStat/HarvestStat-Africa/main/public/hvstat_africa_data_v1.2.csv,WFP HDX CHIRPS v2 dekadal indicators,https://data.humdata.org/dataset/ken-rainfall-subnational
Vihiga,KE038,0.084857,34.707784,2005,22100.000000,26993.699370,1.221434,Annual,0,18.000000,929.842096,1006.033351,-7.573432,51.657894,39.893714,0.772268,14.000000,7.000000,2.000000,1.000000,60.000000,HarvestStat Africa v1.2,https://raw.githubusercontent.com/HarvestStat/HarvestStat-Africa/main/public/hvstat_africa_data_v1.2.csv,WFP HDX CHIRPS v2 dekadal indicators,https://data.humdata.org/dataset/ken-rainfall-subnational
Wajir,KE008,1.939715,40.024507,2005,1960.000000,393.339334,0.200683,Annual,0,18.000000,130.723634,193.539230,-32.456260,7.262424,12.361141,1.702068,2.000000,0.000000,14.000000,9.000000,182.000000,HarvestStat Africa v1.2,https://raw.githubusercontent.com/HarvestStat/HarvestStat-Africa/main/public/hvstat_africa_data_v1.2.csv,WFP HDX CHIRPS v2 dekadal indicators,https://data.humdata.org/dataset/ken-rainfall-subnational
West Pokot,KE024,1.893374,35.212768,2005,24108.000000,34450.000000,1.428986,Annual,0,18.000000,442.999999,443.095810,-0.021623,24.611111,24.260041,0.985735,8.000000,2.000000,4.000000,2.000000,111.000000,HarvestStat Africa v1.2,https://raw.githubusercontent.com/HarvestStat/HarvestStat-Africa/main/public/hvstat_africa_data_v1.2.csv,WFP HDX CHIRPS v2 dekadal indicators,https://data.humdata.org/dataset/ken-rainfall-subnational
Baringo,KE030,0.726352,36.018591,2006,28340.000000,76518.000000,2.700000,Annual,0,18.000000,422.980051,465.744538,-9.181962,23.498892,18.665474,0.794313,9.000000,2.000000,5.000000,5.000000,60.000000,HarvestStat Africa v1.2,https://raw.githubusercontent.com/HarvestStat/HarvestStat-Africa/main/public/hvstat_africa_data_v1.2.csv,WFP HDX CHIRPS v2 dekadal indicators,https://data.humdata.org/dataset/ken-rainfall-subnational
Bomet,KE036,-0.716095,35.238459,2006,26310.000000,71058.600000,2.700821,Annual,0,18.000000,901.042108,842.724213,6.920164,50.057895,34.673913,0.692676,15.000000,8.000000,2.000000,1.000000,60.000000,HarvestStat Africa v1.2,https://raw.githubusercontent.com/HarvestStat/HarvestStat-Africa/main/public/hvstat_africa_data_v1.2.csv,WFP HDX CHIRPS v2 dekadal indicators,https://data.humdata.org/dataset/ken-rainfall-subnational
Bungoma,KE039,0.785694,34.718757,2006,76545.000000,213560.550000,2.790000,Annual,0,18.000000,949.269996,854.742337,11.059199,52.737222,33.438251,0.634054,14.000000,10.000000,3.000000,2.000000,60.000000,HarvestStat Africa v1.2,https://raw.githubusercontent.com/HarvestStat/HarvestStat-Africa/main/public/hvstat_africa_data_v1.2.csv,WFP HDX CHIRPS v2 dekadal indicators,https://data.humdata.org/dataset/ken-rainfall-subnational
Busia,KE040,0.375707,34.265111,2006,36362.000000,45088.880000,1.240000,Annual,0,18.000000,1054.730764,900.425645,17.136908,58.596154,36.632274,0.625165,15.000000,9.000000,3.000000,2.000000,60.000000,HarvestStat Africa v1.2,https://raw.githubusercontent.com/HarvestStat/HarvestStat-Africa/main/public/hvstat_africa_data_v1.2.csv,WFP HDX CHIRPS v2 dekadal indicators,https://data.humdata.org/dataset/ken-rainfall-subnational
Elgeyo-Marakwet,KE028,0.745102,35.560856,2006,34250.000000,118145.700000,3.449509,Annual,0,18.000000,643.080809,657.566659,-2.202948,35.726712,27.858074,0.779755,11.000000,6.000000,3.000000,2.000000,60.000000,HarvestStat Africa v1.2,https://raw.githubusercontent.com/HarvestStat/HarvestStat-Africa/main/public/hvstat_africa_data_v1.2.csv,WFP HDX CHIRPS v2 dekadal indicators,https://data.humdata.org/dataset/ken-rainfall-subnational
Embu,KE014,-0.532830,37.664629,2006,46072.000000,54987.000000,1.193501,Annual,0,18.000000,542.362637,525.286081,3.250906,30.131258,36.270292,1.203743,7.000000,5.000000,8.000000,5.000000,60.000000,HarvestStat Africa v1.2,https://raw.githubusercontent.com/HarvestStat/HarvestStat-Africa/main/public/hvstat_africa_data_v1.2.csv,WFP HDX CHIRPS v2 dekadal indicators,https://data.humdata.org/dataset/ken-rainfall-subnational
Garissa,KE007,-0.520490,40.355590,2006,990.000000,422.162162,0.426426,Annual,0,18.000000,256.739517,240.279175,6.850507,14.263306,16.838925,1.180577,4.000000,1.000000,11.000000,7.000000,91.000000,HarvestStat Africa v1.2,https://raw.githubusercontent.com/HarvestStat/HarvestStat-Africa/main/public/hvstat_africa_data_v1.2.csv,WFP HDX CHIRPS v2 dekadal indicators,https://data.humdata.org/dataset/ken-rainfall-subnational
Homa Bay,KE043,-0.562403,34.314532,2006,47345.000000,78423.500000,1.656426,Annual,0,18.000000,866.201834,734.102143,17.994729,48.122324,30.641954,0.636751,14.000000,8.000000,3.000000,2.000000,60.000000,HarvestStat Africa v1.2,https://raw.githubusercontent.com/HarvestStat/HarvestStat-Africa/main/public/hvstat_africa_data_v1.2.csv,WFP HDX CHIRPS v2 dekadal indicators,https://data.humdata.org/dataset/ken-rainfall-subnational
Isiolo,KE011,1.006385,38.747651,2006,700.000000,560.000000,0.800000,Annual,0,18.000000,144.451810,173.962088,-16.963626,8.025101,16.703135,2.081361,2.000000,1.000000,16.000000,9.000000,182.000000,HarvestStat Africa v1.2,https://raw.githubusercontent.com/HarvestStat/HarvestStat-Africa/main/public/hvstat_africa_data_v1.2.csv,WFP HDX CHIRPS v2 dekadal indicators,https://data.humdata.org/dataset/ken-rainfall-subnational
Kajiado,KE034,-2.112369,36.777606,2006,35900.000000,66825.000000,1.861421,Annual,0,18.000000,404.907304,373.466385,8.418674,22.494850,26.555438,1.180512,7.000000,2.000000,9.000000,5.000000,60.000000,HarvestStat Africa v1.2,https://raw.githubusercontent.com/HarvestStat/HarvestStat-Africa/main/public/hvstat_africa_data_v1.2.csv,WFP HDX CHIRPS v2 dekadal indicators,https://data.humdata.org/dataset/ken-rainfall-subnational
Kakamega,KE037,0.497190,34.800929,2006,50084.000000,199261.000000,3.978536,Annual,0,18.000000,1051.957898,951.356143,10.574563,58.442105,35.183890,0.602030,15.000000,10.000000,3.000000,2.000000,60.000000,HarvestStat Africa v1.2,https://raw.githubusercontent.com/HarvestStat/HarvestStat-Africa/main/public/hvstat_africa_data_v1.2.csv,WFP HDX CHIRPS v2 dekadal indicators,https://data.humdata.org/dataset/ken-rainfall-subnational
Kericho,KE035,-0.316683,35.225997,2006,63895.000000,224838.000000,3.518867,Annual,0,18.000000,849.208958,795.027352,6.815062,47.178275,29.691919,0.629356,14.000000,9.000000,3.000000,2.000000,60.000000,HarvestStat Africa v1.2,https://raw.githubusercontent.com/HarvestStat/HarvestStat-Africa/main/public/hvstat_africa_data_v1.2.csv,WFP HDX CHIRPS v2 dekadal indicators,https://data.humdata.org/dataset/ken-rainfall-subnational
Kiambu,KE022,-1.034385,36.843216,2006,26293.300000,17616.511000,0.670000,Annual,0,18.000000,667.166670,695.396027,-4.059465,37.064815,43.364752,1.169971,8.000000,6.000000,9.000000,5.000000,91.000000,HarvestStat Africa v1.2,https://raw.githubusercontent.com/HarvestStat/HarvestStat-Africa/main/public/hvstat_africa_data_v1.2.csv,WFP HDX CHIRPS v2 dekadal indicators,https://data.humdata.org/dataset/ken-rainfall-subnational
Kilifi,KE003,-3.152441,39.672708,2006,37836.000000,22625.928000,0.598000,Annual,0,18.000000,515.126238,488.607513,5.427408,28.618124,28.891206,1.009542,9.000000,5.000000,7.000000,7.000000,80.000000,HarvestStat Africa v1.2,https://raw.githubusercontent.com/HarvestStat/HarvestStat-Africa/main/public/hvstat_africa_data_v1.2.csv,WFP HDX CHIRPS v2 dekadal indicators,https://data.humdata.org/dataset/ken-rainfall-subnational
Kirinyaga,KE020,-0.467350,37.301902,2006,18932.000000,43075.000000,2.275248,Annual,0,18.000000,630.770841,646.759723,-2.472152,35.042824,36.759210,1.048980,9.000000,5.000000,7.000000,5.000000,60.000000,HarvestStat Africa v1.2,https://raw.githubusercontent.com/HarvestStat/HarvestStat-Africa/main/public/hvstat_africa_data_v1.2.csv,WFP HDX CHIRPS v2 dekadal indicators,https://data.humdata.org/dataset/ken-rainfall-subnational
Kisii,KE045,-0.736677,34.753510,2006,48750.000000,155025.000000,3.180000,Annual,0,18.000000,1066.600002,925.845013,15.202867,59.255556,36.398908,0.614270,15.000000,9.000000,2.000000,1.000000,60.000000,HarvestStat Africa v1.2,https://raw.githubusercontent.com/HarvestStat/HarvestStat-Africa/main/public/hvstat_africa_data_v1.2.csv,WFP HDX CHIRPS v2 dekadal indicators,https://data.humdata.org/dataset/ken-rainfall-subnational
Kisumu,KE042,-0.194380,34.777329,2006,22450.000000,42314.000000,1.884811,Annual,0,18.000000,924.115946,816.425122,13.190533,51.339775,29.831395,0.581058,15.000000,8.000000,3.000000,2.000000,60.000000,HarvestStat Africa v1.2,https://raw.githubusercontent.com/HarvestStat/HarvestStat-Africa/main/public/hvstat_africa_data_v1.2.csv,WFP HDX CHIRPS v2 dekadal indicators,https://data.humdata.org/dataset/ken-rainfall-subnational
Kitui,KE015,-1.560490,38.371810,2006,40583.200000,54891.000000,1.352555,Annual,0,18.000000,297.593785,272.434005,9.235183,16.532988,23.412020,1.416079,7.000000,1.000000,11.000000,6.000000,60.000000,HarvestStat Africa v1.2,https://raw.githubusercontent.com/HarvestStat/HarvestStat-Africa/main/public/hvstat_africa_data_v1.2.csv,WFP HDX CHIRPS v2 dekadal indicators,https://data.humdata.org/dataset/ken-rainfall-subnational
Kwale,KE002,-4.120591,39.066136,2006,8233.000000,4939.800000,0.600000,Annual,0,18.000000,655.405206,541.885007,20.949131,36.411400,38.656010,1.061646,9.000000,5.000000,6.000000,6.000000,80.000000,HarvestStat Africa v1.2,https://raw.githubusercontent.com/HarvestStat/HarvestStat-Africa/main/public/hvstat_africa_data_v1.2.csv,WFP HDX CHIRPS v2 dekadal indicators,https://data.humdata.org/dataset/ken-rainfall-subnational
Laikipia,KE031,0.289134,36.825248,2006,36300.000000,65340.000000,1.800000,Annual,0,18.000000,304.622516,361.774838,-15.797760,16.923473,16.050078,0.948391,3.000000,2.000000,9.000000,5.000000,91.000000,HarvestStat Africa v1.2,https://raw.githubusercontent.com/HarvestStat/HarvestStat-Africa/main/public/hvstat_africa_data_v1.2.csv,WFP HDX CHIRPS v2 dekadal indicators,https://data.humdata.org/dataset/ken-rainfall-subnational
Lamu,KE005,-2.063679,40.545830,2006,7140.000000,9139.200000,1.280000,Annual,0,18.000000,523.891626,534.602138,-2.003455,29.105090,31.422753,1.079631,9.000000,5.000000,9.000000,9.000000,91.000000,HarvestStat Africa v1.2,https://raw.githubusercontent.com/HarvestStat/HarvestStat-Africa/main/public/hvstat_africa_data_v1.2.csv,WFP HDX CHIRPS v2 dekadal indicators,https://data.humdata.org/dataset/ken-rainfall-subnational
Machakos,KE016,-1.276237,37.394595,2006,186190.000000,131267.000000,0.705016,Annual,0,18.000000,436.315273,412.340392,5.814342,24.239737,31.602410,1.303744,6.000000,2.000000,9.000000,5.000000,60.000000,HarvestStat Africa v1.2,https://raw.githubusercontent.com/HarvestStat/HarvestStat-Africa/main/public/hvstat_africa_data_v1.2.csv,WFP HDX CHIRPS v2 dekadal indicators,https://data.humdata.org/dataset/ken-rainfall-subnational
Makueni,KE017,-2.253637,37.876663,2006,85487.000000,26185.000000,0.306304,Annual,0,18.000000,360.929955,334.183265,8.003600,20.051664,25.855083,1.289423,6.000000,2.000000,9.000000,5.000000,60.000000,HarvestStat Africa v1.2,https://raw.githubusercontent.com/HarvestStat/HarvestStat-Africa/main/public/hvstat_africa_data_v1.2.csv,WFP HDX CHIRPS v2 dekadal indicators,https://data.humdata.org/dataset/ken-rainfall-subnational
Mandera,KE009,3.230964,40.711346,2006,1695.000000,1984.414414,1.170746,Annual,0,18.000000,210.166272,189.924349,10.657887,11.675904,21.821832,1.868963,3.000000,1.000000,13.000000,9.000000,91.000000,HarvestStat Africa v1.2,https://raw.githubusercontent.com/HarvestStat/HarvestStat-Africa/main/public/hvstat_africa_data_v1.2.csv,WFP HDX CHIRPS v2 dekadal indicators,https://data.humdata.org/dataset/ken-rainfall-subnational
Marsabit,KE010,2.860480,37.714884,2006,5928.000000,1541.280000,0.260000,Annual,0,18.000000,193.768661,184.486778,5.031192,10.764926,21.517795,1.998880,1.000000,1.000000,14.000000,8.000000,91.000000,HarvestStat Africa v1.2,https://raw.githubusercontent.com/HarvestStat/HarvestStat-Africa/main/public/hvstat_africa_data_v1.2.csv,WFP HDX CHIRPS v2 dekadal indicators,https://data.humdata.org/dataset/ken-rainfall-subnational
Meru,KE012,0.229055,37.776111,2006,81727.000000,35142.610000,0.430000,Annual,0,18.000000,541.246701,524.441410,3.204417,30.069261,41.766903,1.389023,7.000000,3.000000,9.000000,5.000000,91.000000,HarvestStat Africa v1.2,https://raw.githubusercontent.com/HarvestStat/HarvestStat-Africa/main/public/hvstat_africa_data_v1.2.csv,WFP HDX CHIRPS v2 dekadal indicators,https://data.humdata.org/dataset/ken-rainfall-subnational
Migori,KE044,-1.018704,34.309173,2006,31860.000000,74552.400000,2.340000,Annual,0,18.000000,851.609195,753.103059,13.080034,47.311622,32.521791,0.687395,13.000000,8.000000,2.000000,1.000000,60.000000,HarvestStat Africa v1.2,https://raw.githubusercontent.com/HarvestStat/HarvestStat-Africa/main/public/hvstat_africa_data_v1.2.csv,WFP HDX CHIRPS v2 dekadal indicators,https://data.humdata.org/dataset/ken-rainfall-subnational
Mombasa,KE001,-3.990448,39.701130,2006,281.000000,281.000000,1.000000,Annual,0,18.000000,981.700000,734.479994,33.659189,54.538889,70.772446,1.297651,10.000000,6.000000,7.000000,7.000000,80.000000,HarvestStat Africa v1.2,https://raw.githubusercontent.com/HarvestStat/HarvestStat-Africa/main/public/hvstat_africa_data_v1.2.csv,WFP HDX CHIRPS v2 dekadal indicators,https://data.humdata.org/dataset/ken-rainfall-subnational
Murang'a,KE021,-0.828519,37.004173,2006,35680.000000,31230.900000,0.875305,Annual,0,18.000000,623.924368,695.837541,-10.334765,34.662465,38.308245,1.105179,9.000000,5.000000,9.000000,5.000000,80.000000,HarvestStat Africa v1.2,https://raw.githubusercontent.com/HarvestStat/HarvestStat-Africa/main/public/hvstat_africa_data_v1.2.csv,WFP HDX CHIRPS v2 dekadal indicators,https://data.humdata.org/dataset/ken-rainfall-subnational
Nairobi,KE047,-1.300489,36.827926,2006,1365.000000,2093.900000,1.533993,Annual,0,18.000000,493.461537,505.110248,-2.306172,27.414530,32.709228,1.193135,8.000000,4.000000,9.000000,5.000000,91.000000,HarvestStat Africa v1.2,https://raw.githubusercontent.com/HarvestStat/HarvestStat-Africa/main/public/hvstat_africa_data_v1.2.csv,WFP HDX CHIRPS v2 dekadal indicators,https://data.humdata.org/dataset/ken-rainfall-subnational
Nakuru,KE032,-0.458448,36.100384,2006,69881.000000,169767.630000,2.429382,Annual,0,18.000000,510.710085,535.090196,-4.556262,28.372783,23.149560,0.815907,9.000000,5.000000,4.000000,3.000000,60.000000,HarvestStat Africa v1.2,https://raw.githubusercontent.com/HarvestStat/HarvestStat-Africa/main/public/hvstat_africa_data_v1.2.csv,WFP HDX CHIRPS v2 dekadal indicators,https://data.humdata.org/dataset/ken-rainfall-subnational
Narok,KE033,-1.279878,35.476358,2006,75520.000000,238248.000000,3.154767,Annual,0,18.000000,620.958842,591.197598,5.034060,34.497713,28.129071,0.815389,10.000000,5.000000,2.000000,1.000000,60.000000,HarvestStat Africa v1.2,https://raw.githubusercontent.com/HarvestStat/HarvestStat-Africa/main/public/hvstat_africa_data_v1.2.csv,WFP HDX CHIRPS v2 dekadal indicators,https://data.humdata.org/dataset/ken-rainfall-subnational
Nyamira,KE046,-0.649378,34.933398,2006,48030.000000,98363.000000,2.047949,Annual,0,18.000000,993.896545,912.716100,8.894381,55.216475,34.644684,0.627434,15.000000,9.000000,2.000000,1.000000,60.000000,HarvestStat Africa v1.2,https://raw.githubusercontent.com/HarvestStat/HarvestStat-Africa/main/public/hvstat_africa_data_v1.2.csv,WFP HDX CHIRPS v2 dekadal indicators,https://data.humdata.org/dataset/ken-rainfall-subnational
Nyandarua,KE018,-0.389093,36.497431,2006,20900.000000,27822.600000,1.331225,Annual,0,18.000000,550.287030,598.538580,-8.061561,30.571502,27.235804,0.890889,9.000000,5.000000,6.000000,5.000000,91.000000,HarvestStat Africa v1.2,https://raw.githubusercontent.com/HarvestStat/HarvestStat-Africa/main/public/hvstat_africa_data_v1.2.csv,WFP HDX CHIRPS v2 dekadal indicators,https://data.humdata.org/dataset/ken-rainfall-subnational
Nyeri,KE019,-0.314375,36.930473,2006,38075.000000,65875.000000,1.730138,Annual,0,18.000000,586.172732,644.133946,-8.998317,32.565152,30.725173,0.943499,9.000000,4.000000,4.000000,2.000000,60.000000,HarvestStat Africa v1.2,https://raw.githubusercontent.com/HarvestStat/HarvestStat-Africa/main/public/hvstat_africa_data_v1.2.csv,WFP HDX CHIRPS v2 dekadal indicators,https://data.humdata.org/dataset/ken-rainfall-subnational
Samburu,KE025,1.541373,36.941540,2006,2200.000000,5940.000000,2.700000,Annual,0,18.000000,230.156204,270.988171,-15.067804,12.786456,19.255171,1.505904,2.000000,1.000000,12.000000,5.000000,91.000000,HarvestStat Africa v1.2,https://raw.githubusercontent.com/HarvestStat/HarvestStat-Africa/main/public/hvstat_africa_data_v1.2.csv,WFP HDX CHIRPS v2 dekadal indicators,https://data.humdata.org/dataset/ken-rainfall-subnational
Siaya,KE041,-0.057674,34.199887,2006,67870.000000,117049.000000,1.724606,Annual,0,18.000000,936.424999,811.195420,15.437659,52.023611,33.618392,0.646214,14.000000,9.000000,3.000000,2.000000,60.000000,HarvestStat Africa v1.2,https://raw.githubusercontent.com/HarvestStat/HarvestStat-Africa/main/public/hvstat_africa_data_v1.2.csv,WFP HDX CHIRPS v2 dekadal indicators,https://data.humdata.org/dataset/ken-rainfall-subnational
Taita Taveta,KE006,-3.405203,38.371760,2006,17464.000000,24798.880000,1.420000,Annual,0,18.000000,340.322636,310.607723,9.566702,18.906813,19.279399,1.019706,7.000000,2.000000,10.000000,6.000000,60.000000,HarvestStat Africa v1.2,https://raw.githubusercontent.com/HarvestStat/HarvestStat-Africa/main/public/hvstat_africa_data_v1.2.csv,WFP HDX CHIRPS v2 dekadal indicators,https://data.humdata.org/dataset/ken-rainfall-subnational
Tana River,KE004,-1.534918,39.550288,2006,976.000000,683.200000,0.700000,Annual,0,18.000000,176.745750,192.080568,-7.983534,9.819208,10.058829,1.024403,2.000000,0.000000,11.000000,7.000000,91.000000,HarvestStat Africa v1.2,https://raw.githubusercontent.com/HarvestStat/HarvestStat-Africa/main/public/hvstat_africa_data_v1.2.csv,WFP HDX CHIRPS v2 dekadal indicators,https://data.humdata.org/dataset/ken-rainfall-subnational
Tharaka-Nithi,KE013,-0.191445,37.960417,2006,4886.000000,3840.000000,0.785919,Annual,0,18.000000,598.940474,547.091662,9.477171,33.274471,47.533985,1.428542,6.000000,3.000000,8.000000,5.000000,60.000000,HarvestStat Africa v1.2,https://raw.githubusercontent.com/HarvestStat/HarvestStat-Africa/main/public/hvstat_africa_data_v1.2.csv,WFP HDX CHIRPS v2 dekadal indicators,https://data.humdata.org/dataset/ken-rainfall-subnational
Trans Nzoia,KE026,1.045915,34.980778,2006,101500.000000,456750.000000,4.500000,Annual,0,18.000000,599.746834,634.237966,-5.438200,33.319269,23.194416,0.696126,13.000000,2.000000,3.000000,2.000000,60.000000,HarvestStat Africa v1.2,https://raw.githubusercontent.com/HarvestStat/HarvestStat-Africa/main/public/hvstat_africa_data_v1.2.csv,WFP HDX CHIRPS v2 dekadal indicators,https://data.humdata.org/dataset/ken-rainfall-subnational
Turkana,KE023,3.162488,35.313492,2006,2200.000000,3825.000000,1.738636,Annual,0,18.000000,155.767764,172.177661,-9.530793,8.653765,8.428528,0.973972,1.000000,0.000000,12.000000,6.000000,91.000000,HarvestStat Africa v1.2,https://raw.githubusercontent.com/HarvestStat/HarvestStat-Africa/main/public/hvstat_africa_data_v1.2.csv,WFP HDX CHIRPS v2 dekadal indicators,https://data.humdata.org/dataset/ken-rainfall-subnational
Uasin Gishu,KE027,0.478188,35.303799,2006,85706.000000,385677.000000,4.500000,Annual,0,18.000000,624.333328,606.721928,2.902713,34.685185,26.478750,0.763402,13.000000,4.000000,3.000000,2.000000,60.000000,HarvestStat Africa v1.2,https://raw.githubusercontent.com/HarvestStat/HarvestStat-Africa/main/public/hvstat_africa_data_v1.2.csv,WFP HDX CHIRPS v2 dekadal indicators,https://data.humdata.org/dataset/ken-rainfall-subnational
Vihiga,KE038,0.084857,34.707784,2006,13900.000000,22240.000000,1.600000,Annual,0,18.000000,1159.578947,1006.033351,15.262476,64.421053,41.115673,0.638233,15.000000,10.000000,3.000000,2.000000,60.000000,HarvestStat Africa v1.2,https://raw.githubusercontent.com/HarvestStat/HarvestStat-Africa/main/public/hvstat_africa_data_v1.2.csv,WFP HDX CHIRPS v2 dekadal indicators,https://data.humdata.org/dataset/ken-rainfall-subnational
Wajir,KE008,1.939715,40.024507,2006,2158.000000,289.172000,0.134000,Annual,0,18.000000,226.680905,193.539230,17.124009,12.593384,30.668570,2.435292,2.000000,1.000000,15.000000,9.000000,91.000000,HarvestStat Africa v1.2,https://raw.githubusercontent.com/HarvestStat/HarvestStat-Africa/main/public/hvstat_africa_data_v1.2.csv,WFP HDX CHIRPS v2 dekadal indicators,https://data.humdata.org/dataset/ken-rainfall-subnational
West Pokot,KE024,1.893374,35.212768,2006,24150.000000,55836.000000,2.312050,Annual,0,18.000000,411.867348,443.095810,-7.047790,22.881519,19.925807,0.870825,8.000000,1.000000,5.000000,5.000000,60.000000,HarvestStat Africa v1.2,https://raw.githubusercontent.com/HarvestStat/HarvestStat-Africa/main/public/hvstat_africa_data_v1.2.csv,WFP HDX CHIRPS v2 dekadal indicators,https://data.humdata.org/dataset/ken-rainfall-subnational
Baringo,KE030,0.726352,36.018591,2007,20966.533302,47193.615343,2.250902,Annual,0,18.000000,590.980055,465.744538,26.889315,32.832225,27.428747,0.835422,10.000000,5.000000,5.000000,2.000000,131.000000,HarvestStat Africa v1.2,https://raw.githubusercontent.com/HarvestStat/HarvestStat-Africa/main/public/hvstat_africa_data_v1.2.csv,WFP HDX CHIRPS v2 dekadal indicators,https://data.humdata.org/dataset/ken-rainfall-subnational
Bomet,KE036,-0.716095,35.238459,2007,27891.143804,64597.857581,2.316071,Annual,0,18.000000,848.673687,842.724213,0.705981,47.148538,23.473313,0.497859,16.000000,6.000000,0.000000,0.000000,60.000000,HarvestStat Africa v1.2,https://raw.githubusercontent.com/HarvestStat/HarvestStat-Africa/main/public/hvstat_africa_data_v1.2.csv,WFP HDX CHIRPS v2 dekadal indicators,https://data.humdata.org/dataset/ken-rainfall-subnational
Bungoma,KE039,0.785694,34.718757,2007,76656.385704,226136.337826,2.950000,Annual,0,18.000000,843.689996,854.742337,-1.293061,46.871666,36.602157,0.780902,15.000000,8.000000,2.000000,1.000000,70.000000,HarvestStat Africa v1.2,https://raw.githubusercontent.com/HarvestStat/HarvestStat-Africa/main/public/hvstat_africa_data_v1.2.csv,WFP HDX CHIRPS v2 dekadal indicators,https://data.humdata.org/dataset/ken-rainfall-subnational
Busia,KE040,0.375707,34.265111,2007,28782.108105,12376.306485,0.430000,Annual,0,18.000000,883.000000,900.425645,-1.935267,49.055556,36.728483,0.748712,13.000000,5.000000,2.000000,1.000000,60.000000,HarvestStat Africa v1.2,https://raw.githubusercontent.com/HarvestStat/HarvestStat-Africa/main/public/hvstat_africa_data_v1.2.csv,WFP HDX CHIRPS v2 dekadal indicators,https://data.humdata.org/dataset/ken-rainfall-subnational
Elgeyo-Marakwet,KE028,0.745102,35.560856,2007,32811.968740,90957.191277,2.772074,Annual,0,18.000000,861.959606,657.566659,31.083229,47.886645,40.925561,0.854634,13.000000,7.000000,2.000000,1.000000,70.000000,HarvestStat Africa v1.2,https://raw.githubusercontent.com/HarvestStat/HarvestStat-Africa/main/public/hvstat_africa_data_v1.2.csv,WFP HDX CHIRPS v2 dekadal indicators,https://data.humdata.org/dataset/ken-rainfall-subnational
Embu,KE014,-0.532830,37.664629,2007,42254.800000,13944.084000,0.330000,Annual,0,18.000000,475.120879,525.286081,-9.550073,26.395604,28.436750,1.077329,8.000000,3.000000,7.000000,3.000000,70.000000,HarvestStat Africa v1.2,https://raw.githubusercontent.com/HarvestStat/HarvestStat-Africa/main/public/hvstat_africa_data_v1.2.csv,WFP HDX CHIRPS v2 dekadal indicators,https://data.humdata.org/dataset/ken-rainfall-subnational
Garissa,KE007,-0.520490,40.355590,2007,1050.600000,378.263576,0.360045,Annual,0,18.000000,226.676288,240.279175,-5.661284,12.593127,14.412264,1.144455,5.000000,0.000000,13.000000,10.000000,101.000000,HarvestStat Africa v1.2,https://raw.githubusercontent.com/HarvestStat/HarvestStat-Africa/main/public/hvstat_africa_data_v1.2.csv,WFP HDX CHIRPS v2 dekadal indicators,https://data.humdata.org/dataset/ken-rainfall-subnational
Homa Bay,KE043,-0.562403,34.314532,2007,41605.800000,28869.380000,0.693879,Annual,0,18.000000,796.211012,734.102143,8.460521,44.233945,26.443189,0.597803,14.000000,5.000000,0.000000,0.000000,60.000000,HarvestStat Africa v1.2,https://raw.githubusercontent.com/HarvestStat/HarvestStat-Africa/main/public/hvstat_africa_data_v1.2.csv,WFP HDX CHIRPS v2 dekadal indicators,https://data.humdata.org/dataset/ken-rainfall-subnational
Isiolo,KE011,1.006385,38.747651,2007,1136.400000,750.024000,0.660000,Annual,0,18.000000,118.609639,173.962088,-31.818685,6.589424,9.850936,1.494961,1.000000,0.000000,16.000000,7.000000,182.000000,HarvestStat Africa v1.2,https://raw.githubusercontent.com/HarvestStat/HarvestStat-Africa/main/public/hvstat_africa_data_v1.2.csv,WFP HDX CHIRPS v2 dekadal indicators,https://data.humdata.org/dataset/ken-rainfall-subnational
Kajiado,KE034,-2.112369,36.777606,2007,35670.417244,48174.313912,1.350540,Annual,0,18.000000,293.792138,373.466385,-21.333713,16.321785,12.084738,0.740405,6.000000,1.000000,6.000000,4.000000,101.000000,HarvestStat Africa v1.2,https://raw.githubusercontent.com/HarvestStat/HarvestStat-Africa/main/public/hvstat_africa_data_v1.2.csv,WFP HDX CHIRPS v2 dekadal indicators,https://data.humdata.org/dataset/ken-rainfall-subnational
Kakamega,KE037,0.497190,34.800929,2007,64413.282370,54686.876732,0.849000,Annual,0,18.000000,876.484209,951.356143,-7.870022,48.693567,35.721851,0.733605,14.000000,8.000000,2.000000,1.000000,70.000000,HarvestStat Africa v1.2,https://raw.githubusercontent.com/HarvestStat/HarvestStat-Africa/main/public/hvstat_africa_data_v1.2.csv,WFP HDX CHIRPS v2 dekadal indicators,https://data.humdata.org/dataset/ken-rainfall-subnational
Kericho,KE035,-0.316683,35.225997,2007,52077.764125,167501.249614,3.216368,Annual,0,18.000000,831.985062,795.027352,4.648609,46.221392,30.863666,0.667736,14.000000,8.000000,0.000000,0.000000,70.000000,HarvestStat Africa v1.2,https://raw.githubusercontent.com/HarvestStat/HarvestStat-Africa/main/public/hvstat_africa_data_v1.2.csv,WFP HDX CHIRPS v2 dekadal indicators,https://data.humdata.org/dataset/ken-rainfall-subnational
Kiambu,KE022,-1.034385,36.843216,2007,30603.000000,23976.900000,0.783482,Annual,0,18.000000,606.119039,695.396027,-12.838294,33.673280,30.579196,0.908115,11.000000,3.000000,2.000000,1.000000,91.000000,HarvestStat Africa v1.2,https://raw.githubusercontent.com/HarvestStat/HarvestStat-Africa/main/public/hvstat_africa_data_v1.2.csv,WFP HDX CHIRPS v2 dekadal indicators,https://data.humdata.org/dataset/ken-rainfall-subnational
Kilifi,KE003,-3.152441,39.672708,2007,39864.800000,69543.172997,1.744476,Annual,1,18.000000,589.801983,488.607513,20.710789,32.766777,47.522834,1.450336,7.000000,4.000000,6.000000,6.000000,101.000000,HarvestStat Africa v1.2,https://raw.githubusercontent.com/HarvestStat/HarvestStat-Africa/main/public/hvstat_africa_data_v1.2.csv,WFP HDX CHIRPS v2 dekadal indicators,https://data.humdata.org/dataset/ken-rainfall-subnational
Kirinyaga,KE020,-0.467350,37.301902,2007,23545.000000,82101.600000,3.487008,Annual,0,18.000000,606.833333,646.759723,-6.173296,33.712963,33.176381,0.984084,8.000000,5.000000,4.000000,3.000000,80.000000,HarvestStat Africa v1.2,https://raw.githubusercontent.com/HarvestStat/HarvestStat-Africa/main/public/hvstat_africa_data_v1.2.csv,WFP HDX CHIRPS v2 dekadal indicators,https://data.humdata.org/dataset/ken-rainfall-subnational
Kisii,KE045,-0.736677,34.753510,2007,49158.000000,41784.300000,0.850000,Annual,0,18.000000,940.350000,925.845013,1.566675,52.241667,26.091821,0.499445,17.000000,9.000000,0.000000,0.000000,60.000000,HarvestStat Africa v1.2,https://raw.githubusercontent.com/HarvestStat/HarvestStat-Africa/main/public/hvstat_africa_data_v1.2.csv,WFP HDX CHIRPS v2 dekadal indicators,https://data.humdata.org/dataset/ken-rainfall-subnational
Kisumu,KE042,-0.194380,34.777329,2007,18888.400000,10955.272000,0.580000,Annual,0,18.000000,793.420285,816.425122,-2.817752,44.078905,28.876069,0.655100,15.000000,5.000000,1.000000,1.000000,60.000000,HarvestStat Africa v1.2,https://raw.githubusercontent.com/HarvestStat/HarvestStat-Africa/main/public/hvstat_africa_data_v1.2.csv,WFP HDX CHIRPS v2 dekadal indicators,https://data.humdata.org/dataset/ken-rainfall-subnational
Kitui,KE015,-1.560490,38.371810,2007,39361.374077,28736.595680,0.730071,Annual,0,18.000000,199.091273,272.434005,-26.921284,11.060626,9.077324,0.820688,3.000000,0.000000,9.000000,5.000000,101.000000,HarvestStat Africa v1.2,https://raw.githubusercontent.com/HarvestStat/HarvestStat-Africa/main/public/hvstat_africa_data_v1.2.csv,WFP HDX CHIRPS v2 dekadal indicators,https://data.humdata.org/dataset/ken-rainfall-subnational
Kwale,KE002,-4.120591,39.066136,2007,11296.860000,16856.048605,1.492100,Annual,0,18.000000,626.832699,541.885007,15.676332,34.824039,45.791856,1.314950,8.000000,5.000000,9.000000,7.000000,101.000000,HarvestStat Africa v1.2,https://raw.githubusercontent.com/HarvestStat/HarvestStat-Africa/main/public/hvstat_africa_data_v1.2.csv,WFP HDX CHIRPS v2 dekadal indicators,https://data.humdata.org/dataset/ken-rainfall-subnational
Laikipia,KE031,0.289134,36.825248,2007,27924.245428,42120.459556,1.508383,Annual,0,18.000000,379.387416,361.774838,4.868381,21.077079,16.622535,0.788655,8.000000,1.000000,5.000000,1.000000,101.000000,HarvestStat Africa v1.2,https://raw.githubusercontent.com/HarvestStat/HarvestStat-Africa/main/public/hvstat_africa_data_v1.2.csv,WFP HDX CHIRPS v2 dekadal indicators,https://data.humdata.org/dataset/ken-rainfall-subnational
Lamu,KE005,-2.063679,40.545830,2007,6646.200000,10301.610000,1.550000,Annual,0,18.000000,659.009842,534.602138,23.271082,36.611658,62.949440,1.719382,8.000000,3.000000,9.000000,9.000000,101.000000,HarvestStat Africa v1.2,https://raw.githubusercontent.com/HarvestStat/HarvestStat-Africa/main/public/hvstat_africa_data_v1.2.csv,WFP HDX CHIRPS v2 dekadal indicators,https://data.humdata.org/dataset/ken-rainfall-subnational
Machakos,KE016,-1.276237,37.394595,2007,157236.000000,75722.409901,0.481584,Annual,0,18.000000,363.428574,412.340392,-11.862000,20.190476,19.185003,0.950201,6.000000,1.000000,6.000000,3.000000,91.000000,HarvestStat Africa v1.2,https://raw.githubusercontent.com/HarvestStat/HarvestStat-Africa/main/public/hvstat_africa_data_v1.2.csv,WFP HDX CHIRPS v2 dekadal indicators,https://data.humdata.org/dataset/ken-rainfall-subnational
Makueni,KE017,-2.253637,37.876663,2007,89194.800000,36569.868000,0.410000,Annual,0,18.000000,212.688718,334.183265,-36.355665,11.816040,8.574762,0.725688,2.000000,0.000000,9.000000,4.000000,101.000000,HarvestStat Africa v1.2,https://raw.githubusercontent.com/HarvestStat/HarvestStat-Africa/main/public/hvstat_africa_data_v1.2.csv,WFP HDX CHIRPS v2 dekadal indicators,https://data.humdata.org/dataset/ken-rainfall-subnational
Mandera,KE009,3.230964,40.711346,2007,1529.000000,1237.636258,0.809442,Annual,0,18.000000,160.476246,189.924349,-15.505175,8.915347,13.029856,1.461509,3.000000,1.000000,13.000000,9.000000,101.000000,HarvestStat Africa v1.2,https://raw.githubusercontent.com/HarvestStat/HarvestStat-Africa/main/public/hvstat_africa_data_v1.2.csv,WFP HDX CHIRPS v2 dekadal indicators,https://data.humdata.org/dataset/ken-rainfall-subnational
Marsabit,KE010,2.860480,37.714884,2007,7661.600000,6700.241944,0.874523,Annual,0,18.000000,151.708767,184.486778,-17.767133,8.428265,13.215017,1.567940,2.000000,1.000000,15.000000,7.000000,101.000000,HarvestStat Africa v1.2,https://raw.githubusercontent.com/HarvestStat/HarvestStat-Africa/main/public/hvstat_africa_data_v1.2.csv,WFP HDX CHIRPS v2 dekadal indicators,https://data.humdata.org/dataset/ken-rainfall-subnational
Meru,KE012,0.229055,37.776111,2007,101567.800000,150442.204824,1.481200,Annual,0,18.000000,483.237893,524.441410,-7.856648,26.846550,29.904801,1.113916,7.000000,2.000000,5.000000,3.000000,70.000000,HarvestStat Africa v1.2,https://raw.githubusercontent.com/HarvestStat/HarvestStat-Africa/main/public/hvstat_africa_data_v1.2.csv,WFP HDX CHIRPS v2 dekadal indicators,https://data.humdata.org/dataset/ken-rainfall-subnational
Migori,KE044,-1.018704,34.309173,2007,42031.000000,30682.630000,0.730000,Annual,0,18.000000,841.172413,753.103059,11.694197,46.731801,25.276153,0.540877,15.000000,7.000000,0.000000,0.000000,60.000000,HarvestStat Africa v1.2,https://raw.githubusercontent.com/HarvestStat/HarvestStat-Africa/main/public/hvstat_africa_data_v1.2.csv,WFP HDX CHIRPS v2 dekadal indicators,https://data.humdata.org/dataset/ken-rainfall-subnational
Mombasa,KE001,-3.990448,39.701130,2007,552.400000,853.314131,1.544740,Annual,0,18.000000,1073.700000,734.479994,46.185057,59.650000,98.990938,1.659530,8.000000,5.000000,8.000000,7.000000,101.000000,HarvestStat Africa v1.2,https://raw.githubusercontent.com/HarvestStat/HarvestStat-Africa/main/public/hvstat_africa_data_v1.2.csv,WFP HDX CHIRPS v2 dekadal indicators,https://data.humdata.org/dataset/ken-rainfall-subnational
Murang'a,KE021,-0.828519,37.004173,2007,34425.000000,8251.020000,0.239681,Annual,0,18.000000,633.319325,695.837541,-8.984600,35.184407,33.141777,0.941945,8.000000,4.000000,2.000000,1.000000,91.000000,HarvestStat Africa v1.2,https://raw.githubusercontent.com/HarvestStat/HarvestStat-Africa/main/public/hvstat_africa_data_v1.2.csv,WFP HDX CHIRPS v2 dekadal indicators,https://data.humdata.org/dataset/ken-rainfall-subnational
Nairobi,KE047,-1.300489,36.827926,2007,1365.000000,2093.900000,1.533993,Annual,0,18.000000,425.807690,505.110248,-15.700049,23.655983,20.133779,0.851107,7.000000,1.000000,3.000000,2.000000,91.000000,HarvestStat Africa v1.2,https://raw.githubusercontent.com/HarvestStat/HarvestStat-Africa/main/public/hvstat_africa_data_v1.2.csv,WFP HDX CHIRPS v2 dekadal indicators,https://data.humdata.org/dataset/ken-rainfall-subnational
Nakuru,KE032,-0.458448,36.100384,2007,64049.655881,137713.231854,2.150101,Annual,0,18.000000,554.424363,535.090196,3.613254,30.801353,19.690265,0.639266,13.000000,1.000000,1.000000,1.000000,101.000000,HarvestStat Africa v1.2,https://raw.githubusercontent.com/HarvestStat/HarvestStat-Africa/main/public/hvstat_africa_data_v1.2.csv,WFP HDX CHIRPS v2 dekadal indicators,https://data.humdata.org/dataset/ken-rainfall-subnational
Narok,KE033,-1.279878,35.476358,2007,76981.884816,169368.045825,2.200103,Annual,0,18.000000,613.123501,591.197598,3.708727,34.062417,17.507404,0.513980,14.000000,2.000000,0.000000,0.000000,70.000000,HarvestStat Africa v1.2,https://raw.githubusercontent.com/HarvestStat/HarvestStat-Africa/main/public/hvstat_africa_data_v1.2.csv,WFP HDX CHIRPS v2 dekadal indicators,https://data.humdata.org/dataset/ken-rainfall-subnational
Nyamira,KE046,-0.649378,34.933398,2007,42063.000000,26895.794959,0.639417,Annual,0,18.000000,908.724132,912.716100,-0.437372,50.484674,25.036053,0.495914,16.000000,8.000000,0.000000,0.000000,60.000000,HarvestStat Africa v1.2,https://raw.githubusercontent.com/HarvestStat/HarvestStat-Africa/main/public/hvstat_africa_data_v1.2.csv,WFP HDX CHIRPS v2 dekadal indicators,https://data.humdata.org/dataset/ken-rainfall-subnational
Nyandarua,KE018,-0.389093,36.497431,2007,14031.000000,8965.809000,0.639000,Annual,0,18.000000,614.990734,598.538580,2.748721,34.166152,24.550941,0.718575,13.000000,3.000000,2.000000,1.000000,101.000000,HarvestStat Africa v1.2,https://raw.githubusercontent.com/HarvestStat/HarvestStat-Africa/main/public/hvstat_africa_data_v1.2.csv,WFP HDX CHIRPS v2 dekadal indicators,https://data.humdata.org/dataset/ken-rainfall-subnational
Nyeri,KE019,-0.314375,36.930473,2007,18835.000000,26993.700000,1.433167,Annual,0,18.000000,653.390909,644.133946,1.437118,36.299495,26.414063,0.727670,12.000000,4.000000,1.000000,1.000000,101.000000,HarvestStat Africa v1.2,https://raw.githubusercontent.com/HarvestStat/HarvestStat-Africa/main/public/hvstat_africa_data_v1.2.csv,WFP HDX CHIRPS v2 dekadal indicators,https://data.humdata.org/dataset/ken-rainfall-subnational
Samburu,KE025,1.541373,36.941540,2007,2103.199487,2988.083138,1.420732,Annual,0,18.000000,262.743074,270.988171,-3.042604,14.596837,18.770026,1.285897,2.000000,1.000000,10.000000,5.000000,101.000000,HarvestStat Africa v1.2,https://raw.githubusercontent.com/HarvestStat/HarvestStat-Africa/main/public/hvstat_africa_data_v1.2.csv,WFP HDX CHIRPS v2 dekadal indicators,https://data.humdata.org/dataset/ken-rainfall-subnational
Siaya,KE041,-0.057674,34.199887,2007,63576.800000,29094.499550,0.457628,Annual,0,18.000000,786.550002,811.195420,-3.038160,43.697222,33.316283,0.762435,13.000000,5.000000,1.000000,1.000000,60.000000,HarvestStat Africa v1.2,https://raw.githubusercontent.com/HarvestStat/HarvestStat-Africa/main/public/hvstat_africa_data_v1.2.csv,WFP HDX CHIRPS v2 dekadal indicators,https://data.humdata.org/dataset/ken-rainfall-subnational
Taita Taveta,KE006,-3.405203,38.371760,2007,15714.600000,14682.484428,0.934321,Annual,0,18.000000,205.420679,310.607723,-33.864916,11.412260,9.530940,0.835149,2.000000,0.000000,11.000000,6.000000,70.000000,HarvestStat Africa v1.2,https://raw.githubusercontent.com/HarvestStat/HarvestStat-Africa/main/public/hvstat_africa_data_v1.2.csv,WFP HDX CHIRPS v2 dekadal indicators,https://data.humdata.org/dataset/ken-rainfall-subnational
Tana River,KE004,-1.534918,39.550288,2007,1363.600000,2378.618902,1.744367,Annual,0,18.000000,158.813767,192.080568,-17.319191,8.822987,6.773971,0.767764,1.000000,0.000000,11.000000,6.000000,182.000000,HarvestStat Africa v1.2,https://raw.githubusercontent.com/HarvestStat/HarvestStat-Africa/main/public/hvstat_africa_data_v1.2.csv,WFP HDX CHIRPS v2 dekadal indicators,https://data.humdata.org/dataset/ken-rainfall-subnational
Tharaka-Nithi,KE013,-0.191445,37.960417,2007,4757.800000,5138.424000,1.080000,Annual,0,18.000000,482.023806,547.091662,-11.893410,26.779100,33.174468,1.238819,9.000000,2.000000,7.000000,4.000000,70.000000,HarvestStat Africa v1.2,https://raw.githubusercontent.com/HarvestStat/HarvestStat-Africa/main/public/hvstat_africa_data_v1.2.csv,WFP HDX CHIRPS v2 dekadal indicators,https://data.humdata.org/dataset/ken-rainfall-subnational
Trans Nzoia,KE026,1.045915,34.980778,2007,93949.555921,339883.420465,3.617722,Annual,0,18.000000,713.037971,634.237966,12.424359,39.613221,35.777083,0.903160,11.000000,6.000000,2.000000,1.000000,70.000000,HarvestStat Africa v1.2,https://raw.githubusercontent.com/HarvestStat/HarvestStat-Africa/main/public/hvstat_africa_data_v1.2.csv,WFP HDX CHIRPS v2 dekadal indicators,https://data.humdata.org/dataset/ken-rainfall-subnational
Turkana,KE023,3.162488,35.313492,2007,1819.424936,2508.275845,1.378609,Annual,0,18.000000,273.797983,172.177661,59.020619,15.210999,16.442290,1.080947,5.000000,1.000000,10.000000,3.000000,152.000000,HarvestStat Africa v1.2,https://raw.githubusercontent.com/HarvestStat/HarvestStat-Africa/main/public/hvstat_africa_data_v1.2.csv,WFP HDX CHIRPS v2 dekadal indicators,https://data.humdata.org/dataset/ken-rainfall-subnational
Uasin Gishu,KE027,0.478188,35.303799,2007,65262.539531,242875.031502,3.721508,Annual,0,18.000000,670.333334,606.721928,10.484442,37.240741,34.119941,0.916199,10.000000,6.000000,4.000000,2.000000,101.000000,HarvestStat Africa v1.2,https://raw.githubusercontent.com/HarvestStat/HarvestStat-Africa/main/public/hvstat_africa_data_v1.2.csv,WFP HDX CHIRPS v2 dekadal indicators,https://data.humdata.org/dataset/ken-rainfall-subnational
Vihiga,KE038,0.084857,34.707784,2007,20312.623821,7312.544576,0.360000,Annual,0,18.000000,912.894732,1006.033351,-9.258005,50.716374,35.742624,0.704755,16.000000,6.000000,1.000000,1.000000,60.000000,HarvestStat Africa v1.2,https://raw.githubusercontent.com/HarvestStat/HarvestStat-Africa/main/public/hvstat_africa_data_v1.2.csv,WFP HDX CHIRPS v2 dekadal indicators,https://data.humdata.org/dataset/ken-rainfall-subnational
Wajir,KE008,1.939715,40.024507,2007,2277.600000,1083.991899,0.475936,Annual,0,18.000000,155.872905,193.539230,-19.461855,8.659606,13.305888,1.536547,3.000000,1.000000,14.000000,9.000000,101.000000,HarvestStat Africa v1.2,https://raw.githubusercontent.com/HarvestStat/HarvestStat-Africa/main/public/hvstat_africa_data_v1.2.csv,WFP HDX CHIRPS v2 dekadal indicators,https://data.humdata.org/dataset/ken-rainfall-subnational
West Pokot,KE024,1.893374,35.212768,2007,22404.946026,36022.009279,1.607770,Annual,0,18.000000,606.891160,443.095810,36.966125,33.716176,31.752939,0.941772,8.000000,5.000000,4.000000,2.000000,70.000000,HarvestStat Africa v1.2,https://raw.githubusercontent.com/HarvestStat/HarvestStat-Africa/main/public/hvstat_africa_data_v1.2.csv,WFP HDX CHIRPS v2 dekadal indicators,https://data.humdata.org/dataset/ken-rainfall-subnational
Baringo,KE030,0.726352,36.018591,2008,27231.000000,33066.990000,1.214314,Annual,0,18.000000,295.829062,465.744538,-36.482548,16.434948,14.492557,0.881813,5.000000,1.000000,8.000000,3.000000,71.000000,HarvestStat Africa v1.2,https://raw.githubusercontent.com/HarvestStat/HarvestStat-Africa/main/public/hvstat_africa_data_v1.2.csv,WFP HDX CHIRPS v2 dekadal indicators,https://data.humdata.org/dataset/ken-rainfall-subnational
Bomet,KE036,-0.716095,35.238459,2008,41672.000000,90094.050000,2.161980,Annual,0,18.000000,683.610535,842.724213,-18.880872,37.978363,29.657602,0.780908,13.000000,5.000000,2.000000,1.000000,71.000000,HarvestStat Africa v1.2,https://raw.githubusercontent.com/HarvestStat/HarvestStat-Africa/main/public/hvstat_africa_data_v1.2.csv,WFP HDX CHIRPS v2 dekadal indicators,https://data.humdata.org/dataset/ken-rainfall-subnational
Bungoma,KE039,0.785694,34.718757,2008,93915.000000,186493.500000,1.985769,Annual,0,18.000000,697.830007,854.742337,-18.357852,38.768334,30.938279,0.798030,10.000000,5.000000,2.000000,1.000000,71.000000,HarvestStat Africa v1.2,https://raw.githubusercontent.com/HarvestStat/HarvestStat-Africa/main/public/hvstat_africa_data_v1.2.csv,WFP HDX CHIRPS v2 dekadal indicators,https://data.humdata.org/dataset/ken-rainfall-subnational
Busia,KE040,0.375707,34.265111,2008,25229.000000,31707.360000,1.256782,Annual,0,18.000000,792.519227,900.425645,-11.983934,44.028846,35.200116,0.799479,10.000000,7.000000,3.000000,1.000000,71.000000,HarvestStat Africa v1.2,https://raw.githubusercontent.com/HarvestStat/HarvestStat-Africa/main/public/hvstat_africa_data_v1.2.csv,WFP HDX CHIRPS v2 dekadal indicators,https://data.humdata.org/dataset/ken-rainfall-subnational
Elgeyo-Marakwet,KE028,0.745102,35.560856,2008,35766.000000,57179.070000,1.598699,Annual,0,18.000000,462.454547,657.566659,-29.671838,25.691919,18.463650,0.718656,10.000000,1.000000,4.000000,2.000000,71.000000,HarvestStat Africa v1.2,https://raw.githubusercontent.com/HarvestStat/HarvestStat-Africa/main/public/hvstat_africa_data_v1.2.csv,WFP HDX CHIRPS v2 dekadal indicators,https://data.humdata.org/dataset/ken-rainfall-subnational
Embu,KE014,-0.532830,37.664629,2008,52209.000000,57778.560000,1.106678,Annual,0,18.000000,442.428581,525.286081,-15.773786,24.579366,30.970933,1.260038,5.000000,3.000000,9.000000,3.000000,81.000000,HarvestStat Africa v1.2,https://raw.githubusercontent.com/HarvestStat/HarvestStat-Africa/main/public/hvstat_africa_data_v1.2.csv,WFP HDX CHIRPS v2 dekadal indicators,https://data.humdata.org/dataset/ken-rainfall-subnational
Garissa,KE007,-0.520490,40.355590,2008,375.000000,90.720000,0.241920,Annual,0,18.000000,279.516151,240.279175,16.329745,15.528675,15.826914,1.019206,4.000000,1.000000,10.000000,6.000000,81.000000,HarvestStat Africa v1.2,https://raw.githubusercontent.com/HarvestStat/HarvestStat-Africa/main/public/hvstat_africa_data_v1.2.csv,WFP HDX CHIRPS v2 dekadal indicators,https://data.humdata.org/dataset/ken-rainfall-subnational
Homa Bay,KE043,-0.562403,34.314532,2008,43614.000000,58363.200000,1.338176,Annual,0,18.000000,648.577981,734.102143,-11.650172,36.032110,28.269260,0.784557,10.000000,5.000000,4.000000,2.000000,71.000000,HarvestStat Africa v1.2,https://raw.githubusercontent.com/HarvestStat/HarvestStat-Africa/main/public/hvstat_africa_data_v1.2.csv,WFP HDX CHIRPS v2 dekadal indicators,https://data.humdata.org/dataset/ken-rainfall-subnational
Isiolo,KE011,1.006385,38.747651,2008,577.000000,240.768000,0.417276,Annual,0,18.000000,151.098796,173.962088,-13.142686,8.394378,14.397186,1.715099,3.000000,1.000000,14.000000,6.000000,102.000000,HarvestStat Africa v1.2,https://raw.githubusercontent.com/HarvestStat/HarvestStat-Africa/main/public/hvstat_africa_data_v1.2.csv,WFP HDX CHIRPS v2 dekadal indicators,https://data.humdata.org/dataset/ken-rainfall-subnational
Kajiado,KE034,-2.112369,36.777606,2008,7357.000000,6073.380000,0.825524,Annual,0,18.000000,386.821628,373.466385,3.576023,21.490090,32.314848,1.503709,5.000000,1.000000,7.000000,3.000000,71.000000,HarvestStat Africa v1.2,https://raw.githubusercontent.com/HarvestStat/HarvestStat-Africa/main/public/hvstat_africa_data_v1.2.csv,WFP HDX CHIRPS v2 dekadal indicators,https://data.humdata.org/dataset/ken-rainfall-subnational
Kakamega,KE037,0.497190,34.800929,2008,82317.000000,160347.150000,1.947923,Annual,0,18.000000,817.863161,951.356143,-14.031862,45.436842,36.398831,0.801086,12.000000,6.000000,2.000000,1.000000,71.000000,HarvestStat Africa v1.2,https://raw.githubusercontent.com/HarvestStat/HarvestStat-Africa/main/public/hvstat_africa_data_v1.2.csv,WFP HDX CHIRPS v2 dekadal indicators,https://data.humdata.org/dataset/ken-rainfall-subnational
Kericho,KE035,-0.316683,35.225997,2008,48223.000000,102205.800000,2.119441,Annual,0,18.000000,634.835815,795.027352,-20.149186,35.268656,27.233662,0.772177,12.000000,5.000000,3.000000,2.000000,71.000000,HarvestStat Africa v1.2,https://raw.githubusercontent.com/HarvestStat/HarvestStat-Africa/main/public/hvstat_africa_data_v1.2.csv,WFP HDX CHIRPS v2 dekadal indicators,https://data.humdata.org/dataset/ken-rainfall-subnational
Kiambu,KE022,-1.034385,36.843216,2008,41984.000000,20000.160000,0.476376,Annual,0,18.000000,493.047609,695.396027,-29.098299,27.391534,31.583495,1.153039,8.000000,2.000000,6.000000,3.000000,71.000000,HarvestStat Africa v1.2,https://raw.githubusercontent.com/HarvestStat/HarvestStat-Africa/main/public/hvstat_africa_data_v1.2.csv,WFP HDX CHIRPS v2 dekadal indicators,https://data.humdata.org/dataset/ken-rainfall-subnational
Kilifi,KE003,-3.152441,39.672708,2008,49554.000000,32800.590000,0.661916,Annual,0,18.000000,529.730199,488.607513,8.416303,29.429456,25.779870,0.875989,11.000000,2.000000,5.000000,4.000000,61.000000,HarvestStat Africa v1.2,https://raw.githubusercontent.com/HarvestStat/HarvestStat-Africa/main/public/hvstat_africa_data_v1.2.csv,WFP HDX CHIRPS v2 dekadal indicators,https://data.humdata.org/dataset/ken-rainfall-subnational
Kirinyaga,KE020,-0.467350,37.301902,2008,31935.000000,54778.770000,1.715321,Annual,0,18.000000,513.458322,646.759723,-20.610653,28.525462,31.509718,1.104617,6.000000,3.000000,5.000000,2.000000,81.000000,HarvestStat Africa v1.2,https://raw.githubusercontent.com/HarvestStat/HarvestStat-Africa/main/public/hvstat_africa_data_v1.2.csv,WFP HDX CHIRPS v2 dekadal indicators,https://data.humdata.org/dataset/ken-rainfall-subnational
Kisii,KE045,-0.736677,34.753510,2008,54380.000000,112597.650000,2.070571,Annual,0,18.000000,815.999989,925.845013,-11.864299,45.333333,35.008986,0.772257,12.000000,7.000000,3.000000,1.000000,71.000000,HarvestStat Africa v1.2,https://raw.githubusercontent.com/HarvestStat/HarvestStat-Africa/main/public/hvstat_africa_data_v1.2.csv,WFP HDX CHIRPS v2 dekadal indicators,https://data.humdata.org/dataset/ken-rainfall-subnational
Kisumu,KE042,-0.194380,34.777329,2008,26013.000000,37736.280000,1.450670,Annual,0,18.000000,691.869564,816.425122,-15.256213,38.437198,28.103022,0.731141,11.000000,6.000000,4.000000,2.000000,71.000000,HarvestStat Africa v1.2,https://raw.githubusercontent.com/HarvestStat/HarvestStat-Africa/main/public/hvstat_africa_data_v1.2.csv,WFP HDX CHIRPS v2 dekadal indicators,https://data.humdata.org/dataset/ken-rainfall-subnational
Kitui,KE015,-1.560490,38.371810,2008,95863.380000,92841.480000,0.968477,Annual,0,18.000000,278.168505,272.434005,2.104914,15.453806,23.263436,1.505353,5.000000,1.000000,10.000000,6.000000,81.000000,HarvestStat Africa v1.2,https://raw.githubusercontent.com/HarvestStat/HarvestStat-Africa/main/public/hvstat_africa_data_v1.2.csv,WFP HDX CHIRPS v2 dekadal indicators,https://data.humdata.org/dataset/ken-rainfall-subnational
Kwale,KE002,-4.120591,39.066136,2008,31315.000000,44912.790000,1.434226,Annual,0,18.000000,561.167279,541.885007,3.558370,31.175960,23.418806,0.751182,12.000000,3.000000,5.000000,3.000000,81.000000,HarvestStat Africa v1.2,https://raw.githubusercontent.com/HarvestStat/HarvestStat-Africa/main/public/hvstat_africa_data_v1.2.csv,WFP HDX CHIRPS v2 dekadal indicators,https://data.humdata.org/dataset/ken-rainfall-subnational
Laikipia,KE031,0.289134,36.825248,2008,8365.000000,6969.960000,0.833229,Annual,0,18.000000,222.589404,361.774838,-38.472945,12.366078,10.119161,0.818300,2.000000,0.000000,10.000000,3.000000,182.000000,HarvestStat Africa v1.2,https://raw.githubusercontent.com/HarvestStat/HarvestStat-Africa/main/public/hvstat_africa_data_v1.2.csv,WFP HDX CHIRPS v2 dekadal indicators,https://data.humdata.org/dataset/ken-rainfall-subnational
Lamu,KE005,-2.063679,40.545830,2008,16039.000000,24539.670000,1.530000,Annual,0,18.000000,603.137936,534.602138,12.819963,33.507663,44.403053,1.325161,10.000000,3.000000,8.000000,8.000000,81.000000,HarvestStat Africa v1.2,https://raw.githubusercontent.com/HarvestStat/HarvestStat-Africa/main/public/hvstat_africa_data_v1.2.csv,WFP HDX CHIRPS v2 dekadal indicators,https://data.humdata.org/dataset/ken-rainfall-subnational
Machakos,KE016,-1.276237,37.394595,2008,114202.000000,108582.066000,0.950790,Annual,0,18.000000,384.660101,412.340392,-6.712971,21.370006,27.447259,1.284382,6.000000,2.000000,8.000000,3.000000,71.000000,HarvestStat Africa v1.2,https://raw.githubusercontent.com/HarvestStat/HarvestStat-Africa/main/public/hvstat_africa_data_v1.2.csv,WFP HDX CHIRPS v2 dekadal indicators,https://data.humdata.org/dataset/ken-rainfall-subnational
Makueni,KE017,-2.253637,37.876663,2008,81354.000000,65081.890800,0.799984,Annual,0,18.000000,360.319066,334.183265,7.820799,20.017726,34.600591,1.728498,4.000000,1.000000,10.000000,6.000000,71.000000,HarvestStat Africa v1.2,https://raw.githubusercontent.com/HarvestStat/HarvestStat-Africa/main/public/hvstat_africa_data_v1.2.csv,WFP HDX CHIRPS v2 dekadal indicators,https://data.humdata.org/dataset/ken-rainfall-subnational
Marsabit,KE010,2.860480,37.714884,2008,827.000000,120.483000,0.145687,Annual,0,18.000000,163.134113,184.486778,-11.574089,9.063006,12.693023,1.400531,3.000000,0.000000,14.000000,6.000000,102.000000,HarvestStat Africa v1.2,https://raw.githubusercontent.com/HarvestStat/HarvestStat-Africa/main/public/hvstat_africa_data_v1.2.csv,WFP HDX CHIRPS v2 dekadal indicators,https://data.humdata.org/dataset/ken-rainfall-subnational
Meru,KE012,0.229055,37.776111,2008,110333.000000,214982.226000,1.948485,Annual,0,18.000000,399.863439,524.441410,-23.754412,22.214636,28.368228,1.277006,4.000000,3.000000,9.000000,3.000000,81.000000,HarvestStat Africa v1.2,https://raw.githubusercontent.com/HarvestStat/HarvestStat-Africa/main/public/hvstat_africa_data_v1.2.csv,WFP HDX CHIRPS v2 dekadal indicators,https://data.humdata.org/dataset/ken-rainfall-subnational
Migori,KE044,-1.018704,34.309173,2008,65550.000000,94747.500000,1.445423,Annual,0,18.000000,685.770124,753.103059,-8.940733,38.098340,28.962303,0.760199,11.000000,6.000000,4.000000,2.000000,71.000000,HarvestStat Africa v1.2,https://raw.githubusercontent.com/HarvestStat/HarvestStat-Africa/main/public/hvstat_africa_data_v1.2.csv,WFP HDX CHIRPS v2 dekadal indicators,https://data.humdata.org/dataset/ken-rainfall-subnational
Mombasa,KE001,-3.990448,39.701130,2008,1335.500000,382.590000,0.286477,Annual,0,18.000000,655.900000,734.479994,-10.698725,36.438889,32.061367,0.879867,10.000000,5.000000,6.000000,5.000000,81.000000,HarvestStat Africa v1.2,https://raw.githubusercontent.com/HarvestStat/HarvestStat-Africa/main/public/hvstat_africa_data_v1.2.csv,WFP HDX CHIRPS v2 dekadal indicators,https://data.humdata.org/dataset/ken-rainfall-subnational
Murang'a,KE021,-0.828519,37.004173,2008,50444.000000,10593.240000,0.210000,Annual,0,18.000000,529.529417,695.837541,-23.900424,29.418301,31.637889,1.075449,9.000000,3.000000,6.000000,3.000000,71.000000,HarvestStat Africa v1.2,https://raw.githubusercontent.com/HarvestStat/HarvestStat-Africa/main/public/hvstat_africa_data_v1.2.csv,WFP HDX CHIRPS v2 dekadal indicators,https://data.humdata.org/dataset/ken-rainfall-subnational
Nairobi,KE047,-1.300489,36.827926,2008,1053.000000,577.800000,0.548718,Annual,0,18.000000,393.230776,505.110248,-22.149515,21.846154,25.684678,1.175707,6.000000,1.000000,6.000000,3.000000,71.000000,HarvestStat Africa v1.2,https://raw.githubusercontent.com/HarvestStat/HarvestStat-Africa/main/public/hvstat_africa_data_v1.2.csv,WFP HDX CHIRPS v2 dekadal indicators,https://data.humdata.org/dataset/ken-rainfall-subnational
Nakuru,KE032,-0.458448,36.100384,2008,71038.600000,68171.940000,0.959646,Annual,0,18.000000,339.525210,535.090196,-36.548041,18.862512,16.563329,0.878108,7.000000,1.000000,6.000000,3.000000,71.000000,HarvestStat Africa v1.2,https://raw.githubusercontent.com/HarvestStat/HarvestStat-Africa/main/public/hvstat_africa_data_v1.2.csv,WFP HDX CHIRPS v2 dekadal indicators,https://data.humdata.org/dataset/ken-rainfall-subnational
Nandi,KE029,0.227352,35.123876,2008,79952.000000,187582.950000,2.346195,Annual,0,18.000000,699.835169,819.099630,-14.560434,38.879732,30.335955,0.780251,11.000000,6.000000,3.000000,2.000000,71.000000,HarvestStat Africa v1.2,https://raw.githubusercontent.com/HarvestStat/HarvestStat-Africa/main/public/hvstat_africa_data_v1.2.csv,WFP HDX CHIRPS v2 dekadal indicators,https://data.humdata.org/dataset/ken-rainfall-subnational
Narok,KE033,-1.279878,35.476358,2008,91856.000000,212485.500000,2.313246,Annual,0,18.000000,490.140650,591.197598,-17.093599,27.230036,27.144328,0.996852,9.000000,1.000000,4.000000,2.000000,71.000000,HarvestStat Africa v1.2,https://raw.githubusercontent.com/HarvestStat/HarvestStat-Africa/main/public/hvstat_africa_data_v1.2.csv,WFP HDX CHIRPS v2 dekadal indicators,https://data.humdata.org/dataset/ken-rainfall-subnational
Nyamira,KE046,-0.649378,34.933398,2008,56572.000000,96715.800000,1.709605,Annual,0,18.000000,767.551737,912.716100,-15.904657,42.641763,34.420969,0.807213,13.000000,5.000000,3.000000,1.000000,71.000000,HarvestStat Africa v1.2,https://raw.githubusercontent.com/HarvestStat/HarvestStat-Africa/main/public/hvstat_africa_data_v1.2.csv,WFP HDX CHIRPS v2 dekadal indicators,https://data.humdata.org/dataset/ken-rainfall-subnational
Nyandarua,KE018,-0.389093,36.497431,2008,10055.000000,16707.600000,1.661621,Annual,0,18.000000,391.592594,598.538580,-34.575213,21.755144,19.081516,0.877104,7.000000,1.000000,3.000000,2.000000,81.000000,HarvestStat Africa v1.2,https://raw.githubusercontent.com/HarvestStat/HarvestStat-Africa/main/public/hvstat_africa_data_v1.2.csv,WFP HDX CHIRPS v2 dekadal indicators,https://data.humdata.org/dataset/ken-rainfall-subnational
Nyeri,KE019,-0.314375,36.930473,2008,20124.000000,23734.800000,1.179428,Annual,0,18.000000,455.845458,644.133946,-29.231263,25.324748,20.860009,0.823701,10.000000,2.000000,5.000000,2.000000,81.000000,HarvestStat Africa v1.2,https://raw.githubusercontent.com/HarvestStat/HarvestStat-Africa/main/public/hvstat_africa_data_v1.2.csv,WFP HDX CHIRPS v2 dekadal indicators,https://data.humdata.org/dataset/ken-rainfall-subnational
Samburu,KE025,1.541373,36.941540,2008,493.000000,404.550000,0.820588,Annual,0,18.000000,208.018977,270.988171,-23.236879,11.556610,13.233302,1.145085,3.000000,0.000000,12.000000,6.000000,102.000000,HarvestStat Africa v1.2,https://raw.githubusercontent.com/HarvestStat/HarvestStat-Africa/main/public/hvstat_africa_data_v1.2.csv,WFP HDX CHIRPS v2 dekadal indicators,https://data.humdata.org/dataset/ken-rainfall-subnational
Siaya,KE041,-0.057674,34.199887,2008,64200.000000,75555.000000,1.176869,Annual,0,18.000000,746.962499,811.195420,-7.918304,41.497917,30.872512,0.743953,12.000000,7.000000,5.000000,2.000000,71.000000,HarvestStat Africa v1.2,https://raw.githubusercontent.com/HarvestStat/HarvestStat-Africa/main/public/hvstat_africa_data_v1.2.csv,WFP HDX CHIRPS v2 dekadal indicators,https://data.humdata.org/dataset/ken-rainfall-subnational
Taita Taveta,KE006,-3.405203,38.371760,2008,11934.000000,6287.490000,0.526855,Annual,0,18.000000,445.893055,310.607723,43.555044,24.771836,40.107583,1.619080,7.000000,1.000000,9.000000,4.000000,61.000000,HarvestStat Africa v1.2,https://raw.githubusercontent.com/HarvestStat/HarvestStat-Africa/main/public/hvstat_africa_data_v1.2.csv,WFP HDX CHIRPS v2 dekadal indicators,https://data.humdata.org/dataset/ken-rainfall-subnational
Tana River,KE004,-1.534918,39.550288,2008,8164.000000,12083.000000,1.480034,Annual,0,18.000000,221.746565,192.080568,15.444559,12.319254,14.735751,1.196156,2.000000,1.000000,11.000000,4.000000,81.000000,HarvestStat Africa v1.2,https://raw.githubusercontent.com/HarvestStat/HarvestStat-Africa/main/public/hvstat_africa_data_v1.2.csv,WFP HDX CHIRPS v2 dekadal indicators,https://data.humdata.org/dataset/ken-rainfall-subnational
Tharaka-Nithi,KE013,-0.191445,37.960417,2008,9504.000000,11904.624000,1.252591,Annual,0,18.000000,451.785715,547.091662,-17.420471,25.099206,35.341451,1.408070,5.000000,3.000000,9.000000,3.000000,81.000000,HarvestStat Africa v1.2,https://raw.githubusercontent.com/HarvestStat/HarvestStat-Africa/main/public/hvstat_africa_data_v1.2.csv,WFP HDX CHIRPS v2 dekadal indicators,https://data.humdata.org/dataset/ken-rainfall-subnational
Trans Nzoia,KE026,1.045915,34.980778,2008,101490.000000,258357.600000,2.545646,Annual,0,18.000000,491.582273,634.237966,-22.492456,27.310126,22.418615,0.820890,10.000000,3.000000,6.000000,3.000000,71.000000,HarvestStat Africa v1.2,https://raw.githubusercontent.com/HarvestStat/HarvestStat-Africa/main/public/hvstat_africa_data_v1.2.csv,WFP HDX CHIRPS v2 dekadal indicators,https://data.humdata.org/dataset/ken-rainfall-subnational
Turkana,KE023,3.162488,35.313492,2008,1234.000000,1107.000000,0.897083,Annual,0,18.000000,115.899258,172.177661,-32.686240,6.438848,7.456990,1.158125,1.000000,0.000000,14.000000,7.000000,182.000000,HarvestStat Africa v1.2,https://raw.githubusercontent.com/HarvestStat/HarvestStat-Africa/main/public/hvstat_africa_data_v1.2.csv,WFP HDX CHIRPS v2 dekadal indicators,https://data.humdata.org/dataset/ken-rainfall-subnational
Uasin Gishu,KE027,0.478188,35.303799,2008,85002.000000,234415.800000,2.757768,Annual,0,18.000000,457.036042,606.721928,-24.671250,25.390891,17.886198,0.704434,10.000000,2.000000,5.000000,3.000000,71.000000,HarvestStat Africa v1.2,https://raw.githubusercontent.com/HarvestStat/HarvestStat-Africa/main/public/hvstat_africa_data_v1.2.csv,WFP HDX CHIRPS v2 dekadal indicators,https://data.humdata.org/dataset/ken-rainfall-subnational
Vihiga,KE038,0.084857,34.707784,2008,25242.000000,28721.520000,1.137846,Annual,0,18.000000,867.105276,1006.033351,-13.809490,48.172515,36.085079,0.749080,12.000000,7.000000,2.000000,1.000000,71.000000,HarvestStat Africa v1.2,https://raw.githubusercontent.com/HarvestStat/HarvestStat-Africa/main/public/hvstat_africa_data_v1.2.csv,WFP HDX CHIRPS v2 dekadal indicators,https://data.humdata.org/dataset/ken-rainfall-subnational
West Pokot,KE024,1.893374,35.212768,2008,18057.000000,23686.650000,1.311771,Annual,0,18.000000,315.625847,443.095810,-28.768036,17.534769,14.008763,0.798913,6.000000,1.000000,6.000000,3.000000,81.000000,HarvestStat Africa v1.2,https://raw.githubusercontent.com/HarvestStat/HarvestStat-Africa/main/public/hvstat_africa_data_v1.2.csv,WFP HDX CHIRPS v2 dekadal indicators,https://data.humdata.org/dataset/ken-rainfall-subnational
Baringo,KE030,0.726352,36.018591,2009,27645.000000,65247.165000,2.360180,Annual,0,18.000000,334.595444,465.744538,-28.159019,18.588636,24.396114,1.312421,4.000000,1.000000,8.000000,5.000000,91.000000,HarvestStat Africa v1.2,https://raw.githubusercontent.com/HarvestStat/HarvestStat-Africa/main/public/hvstat_africa_data_v1.2.csv,WFP HDX CHIRPS v2 dekadal indicators,https://data.humdata.org/dataset/ken-rainfall-subnational
Bomet,KE036,-0.716095,35.238459,2009,38625.000000,102543.750000,2.654854,Annual,0,18.000000,612.873696,842.724213,-27.274702,34.048539,31.071601,0.912568,10.000000,4.000000,3.000000,2.000000,80.000000,HarvestStat Africa v1.2,https://raw.githubusercontent.com/HarvestStat/HarvestStat-Africa/main/public/hvstat_africa_data_v1.2.csv,WFP HDX CHIRPS v2 dekadal indicators,https://data.humdata.org/dataset/ken-rainfall-subnational
Bungoma,KE039,0.785694,34.718757,2009,96861.000000,257184.000000,2.655186,Annual,0,18.000000,751.179997,854.742337,-12.116206,41.732222,39.299388,0.941704,11.000000,4.000000,5.000000,3.000000,80.000000,HarvestStat Africa v1.2,https://raw.githubusercontent.com/HarvestStat/HarvestStat-Africa/main/public/hvstat_africa_data_v1.2.csv,WFP HDX CHIRPS v2 dekadal indicators,https://data.humdata.org/dataset/ken-rainfall-subnational
Busia,KE040,0.375707,34.265111,2009,47300.000000,55897.560000,1.181767,Annual,0,18.000000,793.923078,900.425645,-11.828025,44.106838,38.973159,0.883608,12.000000,6.000000,4.000000,2.000000,70.000000,HarvestStat Africa v1.2,https://raw.githubusercontent.com/HarvestStat/HarvestStat-Africa/main/public/hvstat_africa_data_v1.2.csv,WFP HDX CHIRPS v2 dekadal indicators,https://data.humdata.org/dataset/ken-rainfall-subnational
Elgeyo-Marakwet,KE028,0.745102,35.560856,2009,30120.000000,88238.700000,2.929572,Annual,0,18.000000,489.696977,657.566659,-25.528922,27.205388,31.442671,1.155752,10.000000,3.000000,7.000000,5.000000,80.000000,HarvestStat Africa v1.2,https://raw.githubusercontent.com/HarvestStat/HarvestStat-Africa/main/public/hvstat_africa_data_v1.2.csv,WFP HDX CHIRPS v2 dekadal indicators,https://data.humdata.org/dataset/ken-rainfall-subnational
Embu,KE014,-0.532830,37.664629,2009,41678.000000,38224.260000,0.917133,Annual,0,18.000000,353.461537,525.286081,-32.710660,19.636752,17.358396,0.883975,7.000000,1.000000,7.000000,3.000000,80.000000,HarvestStat Africa v1.2,https://raw.githubusercontent.com/HarvestStat/HarvestStat-Africa/main/public/hvstat_africa_data_v1.2.csv,WFP HDX CHIRPS v2 dekadal indicators,https://data.humdata.org/dataset/ken-rainfall-subnational
Garissa,KE007,-0.520490,40.355590,2009,612.000000,131.400000,0.214706,Annual,0,18.000000,157.938830,240.279175,-34.268615,8.774379,8.330584,0.949421,3.000000,0.000000,12.000000,9.000000,91.000000,HarvestStat Africa v1.2,https://raw.githubusercontent.com/HarvestStat/HarvestStat-Africa/main/public/hvstat_africa_data_v1.2.csv,WFP HDX CHIRPS v2 dekadal indicators,https://data.humdata.org/dataset/ken-rainfall-subnational
Homa Bay,KE043,-0.562403,34.314532,2009,49853.000000,71131.680000,1.426828,Annual,0,18.000000,645.128440,734.102143,-12.120071,35.840469,32.361567,0.902934,10.000000,4.000000,3.000000,2.000000,70.000000,HarvestStat Africa v1.2,https://raw.githubusercontent.com/HarvestStat/HarvestStat-Africa/main/public/hvstat_africa_data_v1.2.csv,WFP HDX CHIRPS v2 dekadal indicators,https://data.humdata.org/dataset/ken-rainfall-subnational
Isiolo,KE011,1.006385,38.747651,2009,555.000000,200.925000,0.362027,Annual,0,18.000000,85.384336,173.962088,-50.917848,4.743574,7.469109,1.574574,1.000000,0.000000,17.000000,9.000000,182.000000,HarvestStat Africa v1.2,https://raw.githubusercontent.com/HarvestStat/HarvestStat-Africa/main/public/hvstat_africa_data_v1.2.csv,WFP HDX CHIRPS v2 dekadal indicators,https://data.humdata.org/dataset/ken-rainfall-subnational
Kajiado,KE034,-2.112369,36.777606,2009,14590.000000,17432.550000,1.194829,Annual,0,18.000000,213.863764,373.466385,-42.735472,11.881320,8.055330,0.677983,3.000000,0.000000,9.000000,3.000000,101.000000,HarvestStat Africa v1.2,https://raw.githubusercontent.com/HarvestStat/HarvestStat-Africa/main/public/hvstat_africa_data_v1.2.csv,WFP HDX CHIRPS v2 dekadal indicators,https://data.humdata.org/dataset/ken-rainfall-subnational
Kakamega,KE037,0.497190,34.800929,2009,70185.000000,155339.550000,2.213287,Annual,0,18.000000,770.610528,951.356143,-18.998733,42.811696,36.628121,0.855563,13.000000,6.000000,4.000000,2.000000,80.000000,HarvestStat Africa v1.2,https://raw.githubusercontent.com/HarvestStat/HarvestStat-Africa/main/public/hvstat_africa_data_v1.2.csv,WFP HDX CHIRPS v2 dekadal indicators,https://data.humdata.org/dataset/ken-rainfall-subnational
Kericho,KE035,-0.316683,35.225997,2009,50600.000000,131450.400000,2.597834,Annual,0,18.000000,553.597014,795.027352,-30.367551,30.755390,29.548807,0.960768,8.000000,2.000000,4.000000,2.000000,80.000000,HarvestStat Africa v1.2,https://raw.githubusercontent.com/HarvestStat/HarvestStat-Africa/main/public/hvstat_africa_data_v1.2.csv,WFP HDX CHIRPS v2 dekadal indicators,https://data.humdata.org/dataset/ken-rainfall-subnational
Kiambu,KE022,-1.034385,36.843216,2009,39523.000000,30193.290000,0.763942,Annual,0,18.000000,452.904765,695.396027,-34.870959,25.161376,20.670622,0.821522,8.000000,2.000000,6.000000,2.000000,91.000000,HarvestStat Africa v1.2,https://raw.githubusercontent.com/HarvestStat/HarvestStat-Africa/main/public/hvstat_africa_data_v1.2.csv,WFP HDX CHIRPS v2 dekadal indicators,https://data.humdata.org/dataset/ken-rainfall-subnational
Kilifi,KE003,-3.152441,39.672708,2009,56500.000000,74874.780000,1.325217,Annual,0,18.000000,342.668316,488.607513,-29.868390,19.037129,18.995883,0.997833,6.000000,2.000000,7.000000,6.000000,91.000000,HarvestStat Africa v1.2,https://raw.githubusercontent.com/HarvestStat/HarvestStat-Africa/main/public/hvstat_africa_data_v1.2.csv,WFP HDX CHIRPS v2 dekadal indicators,https://data.humdata.org/dataset/ken-rainfall-subnational
Kirinyaga,KE020,-0.467350,37.301902,2009,17530.000000,21289.500000,1.214461,Annual,0,18.000000,431.541667,646.759723,-33.276354,23.974537,19.632880,0.818905,7.000000,2.000000,5.000000,2.000000,80.000000,HarvestStat Africa v1.2,https://raw.githubusercontent.com/HarvestStat/HarvestStat-Africa/main/public/hvstat_africa_data_v1.2.csv,WFP HDX CHIRPS v2 dekadal indicators,https://data.humdata.org/dataset/ken-rainfall-subnational
Kisii,KE045,-0.736677,34.753510,2009,55820.000000,122737.500000,2.198809,Annual,0,18.000000,786.300003,925.845013,-15.072178,43.683333,36.024767,0.824680,14.000000,5.000000,3.000000,2.000000,70.000000,HarvestStat Africa v1.2,https://raw.githubusercontent.com/HarvestStat/HarvestStat-Africa/main/public/hvstat_africa_data_v1.2.csv,WFP HDX CHIRPS v2 dekadal indicators,https://data.humdata.org/dataset/ken-rainfall-subnational
Kisumu,KE042,-0.194380,34.777329,2009,27624.000000,35435.160000,1.282767,Annual,0,18.000000,634.362321,816.425122,-22.300000,35.242351,29.475040,0.836353,10.000000,6.000000,2.000000,1.000000,80.000000,HarvestStat Africa v1.2,https://raw.githubusercontent.com/HarvestStat/HarvestStat-Africa/main/public/hvstat_africa_data_v1.2.csv,WFP HDX CHIRPS v2 dekadal indicators,https://data.humdata.org/dataset/ken-rainfall-subnational
Kitui,KE015,-1.560490,38.371810,2009,65485.400000,33856.200000,0.517004,Annual,0,18.000000,143.048145,272.434005,-47.492551,7.947119,7.465204,0.939360,2.000000,0.000000,15.000000,9.000000,91.000000,HarvestStat Africa v1.2,https://raw.githubusercontent.com/HarvestStat/HarvestStat-Africa/main/public/hvstat_africa_data_v1.2.csv,WFP HDX CHIRPS v2 dekadal indicators,https://data.humdata.org/dataset/ken-rainfall-subnational
Kwale,KE002,-4.120591,39.066136,2009,42443.000000,47638.440000,1.122410,Annual,0,18.000000,318.602234,541.885007,-41.204826,17.700124,10.917466,0.616802,8.000000,0.000000,5.000000,3.000000,101.000000,HarvestStat Africa v1.2,https://raw.githubusercontent.com/HarvestStat/HarvestStat-Africa/main/public/hvstat_africa_data_v1.2.csv,WFP HDX CHIRPS v2 dekadal indicators,https://data.humdata.org/dataset/ken-rainfall-subnational
Laikipia,KE031,0.289134,36.825248,2009,41154.000000,104590.980000,2.541454,Annual,0,18.000000,234.268215,361.774838,-35.244746,13.014901,11.739876,0.902033,3.000000,1.000000,10.000000,5.000000,91.000000,HarvestStat Africa v1.2,https://raw.githubusercontent.com/HarvestStat/HarvestStat-Africa/main/public/hvstat_africa_data_v1.2.csv,WFP HDX CHIRPS v2 dekadal indicators,https://data.humdata.org/dataset/ken-rainfall-subnational
Lamu,KE005,-2.063679,40.545830,2009,12659.000000,24431.870000,1.930000,Annual,0,18.000000,379.645324,534.602138,-28.985446,21.091407,26.512856,1.257045,8.000000,2.000000,10.000000,9.000000,91.000000,HarvestStat Africa v1.2,https://raw.githubusercontent.com/HarvestStat/HarvestStat-Africa/main/public/hvstat_africa_data_v1.2.csv,WFP HDX CHIRPS v2 dekadal indicators,https://data.humdata.org/dataset/ken-rainfall-subnational
Machakos,KE016,-1.276237,37.394595,2009,120139.000000,96208.200000,0.800807,Annual,0,18.000000,254.093596,412.340392,-38.377709,14.116311,11.118624,0.787644,5.000000,0.000000,8.000000,3.000000,101.000000,HarvestStat Africa v1.2,https://raw.githubusercontent.com/HarvestStat/HarvestStat-Africa/main/public/hvstat_africa_data_v1.2.csv,WFP HDX CHIRPS v2 dekadal indicators,https://data.humdata.org/dataset/ken-rainfall-subnational
Makueni,KE017,-2.253637,37.876663,2009,86360.000000,47538.900000,0.550474,Annual,0,18.000000,178.922182,334.183265,-46.459862,9.940121,7.951506,0.799941,4.000000,0.000000,13.000000,6.000000,91.000000,HarvestStat Africa v1.2,https://raw.githubusercontent.com/HarvestStat/HarvestStat-Africa/main/public/hvstat_africa_data_v1.2.csv,WFP HDX CHIRPS v2 dekadal indicators,https://data.humdata.org/dataset/ken-rainfall-subnational
Mandera,KE009,3.230964,40.711346,2009,2499.000000,434.700000,0.173950,Annual,0,18.000000,117.236343,189.924349,-38.272084,6.513130,9.062592,1.391434,1.000000,0.000000,13.000000,9.000000,91.000000,HarvestStat Africa v1.2,https://raw.githubusercontent.com/HarvestStat/HarvestStat-Africa/main/public/hvstat_africa_data_v1.2.csv,WFP HDX CHIRPS v2 dekadal indicators,https://data.humdata.org/dataset/ken-rainfall-subnational
Marsabit,KE010,2.860480,37.714884,2009,252.000000,74.070000,0.293929,Annual,0,18.000000,99.582901,184.486778,-46.021660,5.532383,6.049727,1.093512,1.000000,0.000000,15.000000,9.000000,182.000000,HarvestStat Africa v1.2,https://raw.githubusercontent.com/HarvestStat/HarvestStat-Africa/main/public/hvstat_africa_data_v1.2.csv,WFP HDX CHIRPS v2 dekadal indicators,https://data.humdata.org/dataset/ken-rainfall-subnational
Meru,KE012,0.229055,37.776111,2009,102272.000000,132088.500000,1.291541,Annual,0,18.000000,367.229076,524.441410,-29.977102,20.401615,18.535393,0.908526,8.000000,2.000000,8.000000,5.000000,91.000000,HarvestStat Africa v1.2,https://raw.githubusercontent.com/HarvestStat/HarvestStat-Africa/main/public/hvstat_africa_data_v1.2.csv,WFP HDX CHIRPS v2 dekadal indicators,https://data.humdata.org/dataset/ken-rainfall-subnational
Migori,KE044,-1.018704,34.309173,2009,65838.000000,94889.520000,1.441258,Annual,0,18.000000,682.000000,753.103059,-9.441345,37.888889,34.736718,0.916805,10.000000,4.000000,4.000000,2.000000,70.000000,HarvestStat Africa v1.2,https://raw.githubusercontent.com/HarvestStat/HarvestStat-Africa/main/public/hvstat_africa_data_v1.2.csv,WFP HDX CHIRPS v2 dekadal indicators,https://data.humdata.org/dataset/ken-rainfall-subnational
Mombasa,KE001,-3.990448,39.701130,2009,1188.900000,532.800000,0.448145,Annual,0,18.000000,417.200000,734.479994,-43.197908,23.177778,25.202129,1.087340,6.000000,3.000000,6.000000,6.000000,101.000000,HarvestStat Africa v1.2,https://raw.githubusercontent.com/HarvestStat/HarvestStat-Africa/main/public/hvstat_africa_data_v1.2.csv,WFP HDX CHIRPS v2 dekadal indicators,https://data.humdata.org/dataset/ken-rainfall-subnational
Murang'a,KE021,-0.828519,37.004173,2009,58717.000000,50151.870000,0.854129,Annual,0,18.000000,421.722691,695.837541,-39.393513,23.429038,18.607194,0.794194,9.000000,3.000000,6.000000,2.000000,80.000000,HarvestStat Africa v1.2,https://raw.githubusercontent.com/HarvestStat/HarvestStat-Africa/main/public/hvstat_africa_data_v1.2.csv,WFP HDX CHIRPS v2 dekadal indicators,https://data.humdata.org/dataset/ken-rainfall-subnational
Nairobi,KE047,-1.300489,36.827926,2009,723.100000,1236.600000,1.710137,Annual,0,18.000000,313.423079,505.110248,-37.949570,17.412393,13.334879,0.765827,7.000000,0.000000,8.000000,4.000000,101.000000,HarvestStat Africa v1.2,https://raw.githubusercontent.com/HarvestStat/HarvestStat-Africa/main/public/hvstat_africa_data_v1.2.csv,WFP HDX CHIRPS v2 dekadal indicators,https://data.humdata.org/dataset/ken-rainfall-subnational
Nakuru,KE032,-0.458448,36.100384,2009,78925.000000,248274.270000,3.145699,Annual,0,18.000000,378.806718,535.090196,-29.206941,21.044818,22.638510,1.075728,7.000000,1.000000,9.000000,5.000000,91.000000,HarvestStat Africa v1.2,https://raw.githubusercontent.com/HarvestStat/HarvestStat-Africa/main/public/hvstat_africa_data_v1.2.csv,WFP HDX CHIRPS v2 dekadal indicators,https://data.humdata.org/dataset/ken-rainfall-subnational
Nandi,KE029,0.227352,35.123876,2009,83245.000000,233115.300000,2.800352,Annual,0,18.000000,617.472526,819.099630,-24.615700,34.304029,31.775538,0.926292,10.000000,4.000000,4.000000,2.000000,80.000000,HarvestStat Africa v1.2,https://raw.githubusercontent.com/HarvestStat/HarvestStat-Africa/main/public/hvstat_africa_data_v1.2.csv,WFP HDX CHIRPS v2 dekadal indicators,https://data.humdata.org/dataset/ken-rainfall-subnational
Narok,KE033,-1.279878,35.476358,2009,114290.000000,421841.699613,3.690976,Annual,0,18.000000,440.936538,591.197598,-25.416385,24.496474,18.204972,0.743167,8.000000,1.000000,5.000000,2.000000,80.000000,HarvestStat Africa v1.2,https://raw.githubusercontent.com/HarvestStat/HarvestStat-Africa/main/public/hvstat_africa_data_v1.2.csv,WFP HDX CHIRPS v2 dekadal indicators,https://data.humdata.org/dataset/ken-rainfall-subnational
Nyamira,KE046,-0.649378,34.933398,2009,71310.000000,179739.000000,2.520530,Annual,0,18.000000,728.413795,912.716100,-20.192731,40.467433,33.062309,0.817010,13.000000,6.000000,3.000000,2.000000,70.000000,HarvestStat Africa v1.2,https://raw.githubusercontent.com/HarvestStat/HarvestStat-Africa/main/public/hvstat_africa_data_v1.2.csv,WFP HDX CHIRPS v2 dekadal indicators,https://data.humdata.org/dataset/ken-rainfall-subnational
Nyandarua,KE018,-0.389093,36.497431,2009,10005.000000,21775.050000,2.176417,Annual,0,18.000000,389.324075,598.538580,-34.954222,21.629115,17.039040,0.787783,6.000000,1.000000,7.000000,5.000000,91.000000,HarvestStat Africa v1.2,https://raw.githubusercontent.com/HarvestStat/HarvestStat-Africa/main/public/hvstat_africa_data_v1.2.csv,WFP HDX CHIRPS v2 dekadal indicators,https://data.humdata.org/dataset/ken-rainfall-subnational
Nyeri,KE019,-0.314375,36.930473,2009,32272.000000,28991.880000,0.898360,Annual,0,18.000000,415.290906,644.133946,-35.527244,23.071717,15.370305,0.666197,7.000000,2.000000,4.000000,2.000000,80.000000,HarvestStat Africa v1.2,https://raw.githubusercontent.com/HarvestStat/HarvestStat-Africa/main/public/hvstat_africa_data_v1.2.csv,WFP HDX CHIRPS v2 dekadal indicators,https://data.humdata.org/dataset/ken-rainfall-subnational
Samburu,KE025,1.541373,36.941540,2009,961.000000,2390.220000,2.487222,Annual,0,18.000000,140.011678,270.988171,-48.332919,7.778427,7.889219,1.014244,2.000000,0.000000,14.000000,9.000000,131.000000,HarvestStat Africa v1.2,https://raw.githubusercontent.com/HarvestStat/HarvestStat-Africa/main/public/hvstat_africa_data_v1.2.csv,WFP HDX CHIRPS v2 dekadal indicators,https://data.humdata.org/dataset/ken-rainfall-subnational
Siaya,KE041,-0.057674,34.199887,2009,82065.000000,88190.550000,1.074643,Annual,0,18.000000,704.174999,811.195420,-13.192927,39.120833,35.713043,0.912891,11.000000,5.000000,5.000000,2.000000,80.000000,HarvestStat Africa v1.2,https://raw.githubusercontent.com/HarvestStat/HarvestStat-Africa/main/public/hvstat_africa_data_v1.2.csv,WFP HDX CHIRPS v2 dekadal indicators,https://data.humdata.org/dataset/ken-rainfall-subnational
Taita Taveta,KE006,-3.405203,38.371760,2009,17076.000000,17109.630000,1.001969,Annual,0,18.000000,204.367201,310.607723,-34.204082,11.353733,9.880466,0.870239,3.000000,0.000000,12.000000,6.000000,91.000000,HarvestStat Africa v1.2,https://raw.githubusercontent.com/HarvestStat/HarvestStat-Africa/main/public/hvstat_africa_data_v1.2.csv,WFP HDX CHIRPS v2 dekadal indicators,https://data.humdata.org/dataset/ken-rainfall-subnational
Tana River,KE004,-1.534918,39.550288,2009,7086.000000,9755.000000,1.376658,Annual,0,18.000000,120.052633,192.080568,-37.498814,6.669591,5.553706,0.832691,1.000000,0.000000,15.000000,9.000000,91.000000,HarvestStat Africa v1.2,https://raw.githubusercontent.com/HarvestStat/HarvestStat-Africa/main/public/hvstat_africa_data_v1.2.csv,WFP HDX CHIRPS v2 dekadal indicators,https://data.humdata.org/dataset/ken-rainfall-subnational
Tharaka-Nithi,KE013,-0.191445,37.960417,2009,13240.000000,12483.000000,0.942825,Annual,0,18.000000,376.785715,547.091662,-31.129326,20.932540,19.257981,0.920002,8.000000,2.000000,8.000000,5.000000,80.000000,HarvestStat Africa v1.2,https://raw.githubusercontent.com/HarvestStat/HarvestStat-Africa/main/public/hvstat_africa_data_v1.2.csv,WFP HDX CHIRPS v2 dekadal indicators,https://data.humdata.org/dataset/ken-rainfall-subnational
Trans Nzoia,KE026,1.045915,34.980778,2009,101960.000000,367056.000000,3.600000,Annual,0,18.000000,525.316450,634.237966,-17.173604,29.184247,30.457407,1.043625,10.000000,3.000000,7.000000,5.000000,80.000000,HarvestStat Africa v1.2,https://raw.githubusercontent.com/HarvestStat/HarvestStat-Africa/main/public/hvstat_africa_data_v1.2.csv,WFP HDX CHIRPS v2 dekadal indicators,https://data.humdata.org/dataset/ken-rainfall-subnational
Turkana,KE023,3.162488,35.313492,2009,1020.000000,1791.450000,1.756324,Annual,0,18.000000,127.909330,172.177661,-25.710845,7.106074,6.444080,0.906841,2.000000,0.000000,14.000000,8.000000,182.000000,HarvestStat Africa v1.2,https://raw.githubusercontent.com/HarvestStat/HarvestStat-Africa/main/public/hvstat_africa_data_v1.2.csv,WFP HDX CHIRPS v2 dekadal indicators,https://data.humdata.org/dataset/ken-rainfall-subnational
Uasin Gishu,KE027,0.478188,35.303799,2009,86683.000000,312058.800000,3.600000,Annual,0,18.000000,454.945942,606.721928,-25.015741,25.274775,27.209289,1.076539,9.000000,3.000000,7.000000,5.000000,80.000000,HarvestStat Africa v1.2,https://raw.githubusercontent.com/HarvestStat/HarvestStat-Africa/main/public/hvstat_africa_data_v1.2.csv,WFP HDX CHIRPS v2 dekadal indicators,https://data.humdata.org/dataset/ken-rainfall-subnational
Vihiga,KE038,0.084857,34.707784,2009,18034.000000,29612.880000,1.642058,Annual,0,18.000000,767.894737,1006.033351,-23.671046,42.660819,37.210102,0.872231,11.000000,6.000000,3.000000,2.000000,80.000000,HarvestStat Africa v1.2,https://raw.githubusercontent.com/HarvestStat/HarvestStat-Africa/main/public/hvstat_africa_data_v1.2.csv,WFP HDX CHIRPS v2 dekadal indicators,https://data.humdata.org/dataset/ken-rainfall-subnational
Wajir,KE008,1.939715,40.024507,2009,1340.000000,261.000000,0.194776,Annual,0,18.000000,117.523526,193.539230,-39.276639,6.529085,9.626426,1.474391,1.000000,0.000000,14.000000,9.000000,91.000000,HarvestStat Africa v1.2,https://raw.githubusercontent.com/HarvestStat/HarvestStat-Africa/main/public/hvstat_africa_data_v1.2.csv,WFP HDX CHIRPS v2 dekadal indicators,https://data.humdata.org/dataset/ken-rainfall-subnational
West Pokot,KE024,1.893374,35.212768,2009,22120.000000,51394.050000,2.323420,Annual,0,18.000000,341.197281,443.095810,-22.996952,18.955404,20.583618,1.085897,5.000000,3.000000,7.000000,5.000000,91.000000,HarvestStat Africa v1.2,https://raw.githubusercontent.com/HarvestStat/HarvestStat-Africa/main/public/hvstat_africa_data_v1.2.csv,WFP HDX CHIRPS v2 dekadal indicators,https://data.humdata.org/dataset/ken-rainfall-subnational
Baringo,KE030,0.726352,36.018591,2010,31720.000000,55784.700000,1.758660,Annual,0,18.000000,708.022790,465.744538,52.019558,39.334599,27.778039,0.706199,12.000000,4.000000,2.000000,2.000000,60.000000,HarvestStat Africa v1.2,https://raw.githubusercontent.com/HarvestStat/HarvestStat-Africa/main/public/hvstat_africa_data_v1.2.csv,WFP HDX CHIRPS v2 dekadal indicators,https://data.humdata.org/dataset/ken-rainfall-subnational
Bomet,KE036,-0.716095,35.238459,2010,40670.000000,107750.700000,2.649390,Annual,0,18.000000,1095.421051,842.724213,29.985710,60.856725,39.592819,0.650591,15.000000,11.000000,2.000000,2.000000,60.000000,HarvestStat Africa v1.2,https://raw.githubusercontent.com/HarvestStat/HarvestStat-Africa/main/public/hvstat_africa_data_v1.2.csv,WFP HDX CHIRPS v2 dekadal indicators,https://data.humdata.org/dataset/ken-rainfall-subnational
Bungoma,KE039,0.785694,34.718757,2010,95373.000000,258893.460000,2.714536,Annual,0,18.000000,1124.219998,854.742337,31.527356,62.456667,33.445454,0.535499,16.000000,11.000000,2.000000,2.000000,60.000000,HarvestStat Africa v1.2,https://raw.githubusercontent.com/HarvestStat/HarvestStat-Africa/main/public/hvstat_africa_data_v1.2.csv,WFP HDX CHIRPS v2 dekadal indicators,https://data.humdata.org/dataset/ken-rainfall-subnational
Busia,KE040,0.375707,34.265111,2010,38865.000000,47205.000000,1.214589,Annual,0,18.000000,1093.134615,900.425645,21.401986,60.729701,30.461219,0.501587,16.000000,12.000000,2.000000,2.000000,60.000000,HarvestStat Africa v1.2,https://raw.githubusercontent.com/HarvestStat/HarvestStat-Africa/main/public/hvstat_africa_data_v1.2.csv,WFP HDX CHIRPS v2 dekadal indicators,https://data.humdata.org/dataset/ken-rainfall-subnational
Elgeyo-Marakwet,KE028,0.745102,35.560856,2010,38411.000000,86432.490000,2.250202,Annual,0,18.000000,955.343429,657.566659,45.284652,53.074635,40.486482,0.762822,15.000000,8.000000,2.000000,2.000000,60.000000,HarvestStat Africa v1.2,https://raw.githubusercontent.com/HarvestStat/HarvestStat-Africa/main/public/hvstat_africa_data_v1.2.csv,WFP HDX CHIRPS v2 dekadal indicators,https://data.humdata.org/dataset/ken-rainfall-subnational
Embu,KE014,-0.532830,37.664629,2010,45086.000000,33842.970000,0.750631,Annual,0,18.000000,626.197790,525.286081,19.210810,34.788766,35.565822,1.022336,9.000000,5.000000,6.000000,3.000000,60.000000,HarvestStat Africa v1.2,https://raw.githubusercontent.com/HarvestStat/HarvestStat-Africa/main/public/hvstat_africa_data_v1.2.csv,WFP HDX CHIRPS v2 dekadal indicators,https://data.humdata.org/dataset/ken-rainfall-subnational
Garissa,KE007,-0.520490,40.355590,2010,518.000000,212.850000,0.410907,Annual,0,18.000000,333.004122,240.279175,38.590505,18.500229,18.462685,0.997971,7.000000,2.000000,9.000000,6.000000,60.000000,HarvestStat Africa v1.2,https://raw.githubusercontent.com/HarvestStat/HarvestStat-Africa/main/public/hvstat_africa_data_v1.2.csv,WFP HDX CHIRPS v2 dekadal indicators,https://data.humdata.org/dataset/ken-rainfall-subnational
Homa Bay,KE043,-0.562403,34.314532,2010,49170.000000,68697.000000,1.397132,Annual,0,18.000000,896.871553,734.102143,22.172583,49.826197,30.609863,0.614333,13.000000,8.000000,1.000000,1.000000,60.000000,HarvestStat Africa v1.2,https://raw.githubusercontent.com/HarvestStat/HarvestStat-Africa/main/public/hvstat_africa_data_v1.2.csv,WFP HDX CHIRPS v2 dekadal indicators,https://data.humdata.org/dataset/ken-rainfall-subnational
Isiolo,KE011,1.006385,38.747651,2010,824.000000,288.089994,0.349624,Annual,0,18.000000,223.728915,173.962088,28.607858,12.429384,14.504980,1.166991,4.000000,0.000000,10.000000,6.000000,60.000000,HarvestStat Africa v1.2,https://raw.githubusercontent.com/HarvestStat/HarvestStat-Africa/main/public/hvstat_africa_data_v1.2.csv,WFP HDX CHIRPS v2 dekadal indicators,https://data.humdata.org/dataset/ken-rainfall-subnational
Kajiado,KE034,-2.112369,36.777606,2010,23245.000000,35797.300000,1.540000,Annual,0,18.000000,458.445227,373.466385,22.754080,25.469179,25.367066,0.995991,8.000000,3.000000,6.000000,3.000000,80.000000,HarvestStat Africa v1.2,https://raw.githubusercontent.com/HarvestStat/HarvestStat-Africa/main/public/hvstat_africa_data_v1.2.csv,WFP HDX CHIRPS v2 dekadal indicators,https://data.humdata.org/dataset/ken-rainfall-subnational
Kakamega,KE037,0.497190,34.800929,2010,66672.000000,129396.780000,1.940796,Annual,0,18.000000,1206.768420,951.356143,26.847178,67.042690,35.720378,0.532800,16.000000,11.000000,1.000000,1.000000,60.000000,HarvestStat Africa v1.2,https://raw.githubusercontent.com/HarvestStat/HarvestStat-Africa/main/public/hvstat_africa_data_v1.2.csv,WFP HDX CHIRPS v2 dekadal indicators,https://data.humdata.org/dataset/ken-rainfall-subnational
Kericho,KE035,-0.316683,35.225997,2010,48035.000000,116992.800000,2.435574,Annual,0,18.000000,1060.358204,795.027352,33.373802,58.908789,38.125637,0.647198,15.000000,9.000000,2.000000,2.000000,60.000000,HarvestStat Africa v1.2,https://raw.githubusercontent.com/HarvestStat/HarvestStat-Africa/main/public/hvstat_africa_data_v1.2.csv,WFP HDX CHIRPS v2 dekadal indicators,https://data.humdata.org/dataset/ken-rainfall-subnational
Kiambu,KE022,-1.034385,36.843216,2010,45789.000000,43041.660000,0.940000,Annual,0,18.000000,927.500013,695.396027,33.377238,51.527778,43.830543,0.850620,13.000000,9.000000,2.000000,2.000000,60.000000,HarvestStat Africa v1.2,https://raw.githubusercontent.com/HarvestStat/HarvestStat-Africa/main/public/hvstat_africa_data_v1.2.csv,WFP HDX CHIRPS v2 dekadal indicators,https://data.humdata.org/dataset/ken-rainfall-subnational
Kilifi,KE003,-3.152441,39.672708,2010,79832.000000,39509.518500,0.494908,Annual,0,18.000000,579.116338,488.607513,18.523830,32.173130,36.708182,1.140958,10.000000,6.000000,7.000000,6.000000,80.000000,HarvestStat Africa v1.2,https://raw.githubusercontent.com/HarvestStat/HarvestStat-Africa/main/public/hvstat_africa_data_v1.2.csv,WFP HDX CHIRPS v2 dekadal indicators,https://data.humdata.org/dataset/ken-rainfall-subnational
Kirinyaga,KE020,-0.467350,37.301902,2010,16730.000000,18848.250000,1.126614,Annual,0,18.000000,768.437501,646.759723,18.813444,42.690972,38.092132,0.892276,10.000000,8.000000,5.000000,3.000000,60.000000,HarvestStat Africa v1.2,https://raw.githubusercontent.com/HarvestStat/HarvestStat-Africa/main/public/hvstat_africa_data_v1.2.csv,WFP HDX CHIRPS v2 dekadal indicators,https://data.humdata.org/dataset/ken-rainfall-subnational
Kisii,KE045,-0.736677,34.753510,2010,56790.000000,124124.400000,2.185674,Annual,0,18.000000,1194.425008,925.845013,29.009174,66.356945,42.868514,0.646029,14.000000,11.000000,1.000000,1.000000,60.000000,HarvestStat Africa v1.2,https://raw.githubusercontent.com/HarvestStat/HarvestStat-Africa/main/public/hvstat_africa_data_v1.2.csv,WFP HDX CHIRPS v2 dekadal indicators,https://data.humdata.org/dataset/ken-rainfall-subnational
Kisumu,KE042,-0.194380,34.777329,2010,26790.000000,38767.500000,1.447088,Annual,0,18.000000,966.434789,816.425122,18.373965,53.690822,28.630778,0.533253,16.000000,10.000000,1.000000,1.000000,60.000000,HarvestStat Africa v1.2,https://raw.githubusercontent.com/HarvestStat/HarvestStat-Africa/main/public/hvstat_africa_data_v1.2.csv,WFP HDX CHIRPS v2 dekadal indicators,https://data.humdata.org/dataset/ken-rainfall-subnational
Kitui,KE015,-1.560490,38.371810,2010,67033.900000,28089.900000,0.419040,Annual,0,18.000000,376.159473,272.434005,38.073613,20.897749,27.504539,1.316148,5.000000,3.000000,10.000000,5.000000,60.000000,HarvestStat Africa v1.2,https://raw.githubusercontent.com/HarvestStat/HarvestStat-Africa/main/public/hvstat_africa_data_v1.2.csv,WFP HDX CHIRPS v2 dekadal indicators,https://data.humdata.org/dataset/ken-rainfall-subnational
Kwale,KE002,-4.120591,39.066136,2010,52242.000000,54732.825000,1.047679,Annual,0,18.000000,609.821558,541.885007,12.537079,33.878975,34.619808,1.021867,10.000000,4.000000,6.000000,5.000000,80.000000,HarvestStat Africa v1.2,https://raw.githubusercontent.com/HarvestStat/HarvestStat-Africa/main/public/hvstat_africa_data_v1.2.csv,WFP HDX CHIRPS v2 dekadal indicators,https://data.humdata.org/dataset/ken-rainfall-subnational
Laikipia,KE031,0.289134,36.825248,2010,36635.000000,70067.430000,1.912582,Annual,0,18.000000,538.327813,361.774838,48.801895,29.907101,19.468949,0.650981,10.000000,2.000000,2.000000,2.000000,60.000000,HarvestStat Africa v1.2,https://raw.githubusercontent.com/HarvestStat/HarvestStat-Africa/main/public/hvstat_africa_data_v1.2.csv,WFP HDX CHIRPS v2 dekadal indicators,https://data.humdata.org/dataset/ken-rainfall-subnational
Lamu,KE005,-2.063679,40.545830,2010,21161.800000,16945.000000,0.800735,Annual,0,18.000000,753.655178,534.602138,40.974965,41.869732,54.584534,1.303675,10.000000,5.000000,7.000000,6.000000,80.000000,HarvestStat Africa v1.2,https://raw.githubusercontent.com/HarvestStat/HarvestStat-Africa/main/public/hvstat_africa_data_v1.2.csv,WFP HDX CHIRPS v2 dekadal indicators,https://data.humdata.org/dataset/ken-rainfall-subnational
Machakos,KE016,-1.276237,37.394595,2010,171060.000000,109000.980000,0.637209,Annual,0,18.000000,487.896552,412.340392,18.323735,27.105364,26.493749,0.977436,8.000000,4.000000,6.000000,3.000000,60.000000,HarvestStat Africa v1.2,https://raw.githubusercontent.com/HarvestStat/HarvestStat-Africa/main/public/hvstat_africa_data_v1.2.csv,WFP HDX CHIRPS v2 dekadal indicators,https://data.humdata.org/dataset/ken-rainfall-subnational
Makueni,KE017,-2.253637,37.876663,2010,113395.000000,52030.800000,0.458846,Annual,0,18.000000,382.167316,334.183265,14.358604,21.231518,27.425751,1.291747,6.000000,2.000000,8.000000,4.000000,80.000000,HarvestStat Africa v1.2,https://raw.githubusercontent.com/HarvestStat/HarvestStat-Africa/main/public/hvstat_africa_data_v1.2.csv,WFP HDX CHIRPS v2 dekadal indicators,https://data.humdata.org/dataset/ken-rainfall-subnational
Mandera,KE009,3.230964,40.711346,2010,1811.000000,399.600000,0.220652,Annual,0,18.000000,233.250593,189.924349,22.812369,12.958366,15.897347,1.226802,6.000000,1.000000,12.000000,6.000000,60.000000,HarvestStat Africa v1.2,https://raw.githubusercontent.com/HarvestStat/HarvestStat-Africa/main/public/hvstat_africa_data_v1.2.csv,WFP HDX CHIRPS v2 dekadal indicators,https://data.humdata.org/dataset/ken-rainfall-subnational
Marsabit,KE010,2.860480,37.714884,2010,539.000000,69.030000,0.128071,Annual,0,18.000000,203.812067,184.486778,10.475162,11.322893,11.026137,0.973792,2.000000,0.000000,9.000000,5.000000,60.000000,HarvestStat Africa v1.2,https://raw.githubusercontent.com/HarvestStat/HarvestStat-Africa/main/public/hvstat_africa_data_v1.2.csv,WFP HDX CHIRPS v2 dekadal indicators,https://data.humdata.org/dataset/ken-rainfall-subnational
Meru,KE012,0.229055,37.776111,2010,125192.000000,186179.490671,1.487152,Annual,0,18.000000,656.466968,524.441410,25.174510,36.470387,30.173306,0.827337,10.000000,5.000000,5.000000,3.000000,60.000000,HarvestStat Africa v1.2,https://raw.githubusercontent.com/HarvestStat/HarvestStat-Africa/main/public/hvstat_africa_data_v1.2.csv,WFP HDX CHIRPS v2 dekadal indicators,https://data.humdata.org/dataset/ken-rainfall-subnational
Migori,KE044,-1.018704,34.309173,2010,73047.000000,131473.350000,1.799846,Annual,0,18.000000,970.724144,753.103059,28.896588,53.929119,35.473981,0.657789,14.000000,9.000000,1.000000,1.000000,60.000000,HarvestStat Africa v1.2,https://raw.githubusercontent.com/HarvestStat/HarvestStat-Africa/main/public/hvstat_africa_data_v1.2.csv,WFP HDX CHIRPS v2 dekadal indicators,https://data.humdata.org/dataset/ken-rainfall-subnational
Mombasa,KE001,-3.990448,39.701130,2010,1203.300000,1063.314000,0.883665,Annual,0,18.000000,864.000000,734.479994,17.634246,48.000000,60.399062,1.258314,10.000000,6.000000,7.000000,6.000000,80.000000,HarvestStat Africa v1.2,https://raw.githubusercontent.com/HarvestStat/HarvestStat-Africa/main/public/hvstat_africa_data_v1.2.csv,WFP HDX CHIRPS v2 dekadal indicators,https://data.humdata.org/dataset/ken-rainfall-subnational
Murang'a,KE021,-0.828519,37.004173,2010,50900.000000,58803.570000,1.155276,Annual,0,18.000000,891.050415,695.837541,28.054375,49.502801,40.139704,0.810857,12.000000,8.000000,2.000000,2.000000,60.000000,HarvestStat Africa v1.2,https://raw.githubusercontent.com/HarvestStat/HarvestStat-Africa/main/public/hvstat_africa_data_v1.2.csv,WFP HDX CHIRPS v2 dekadal indicators,https://data.humdata.org/dataset/ken-rainfall-subnational
Nairobi,KE047,-1.300489,36.827926,2010,858.500000,676.890000,0.788457,Annual,0,18.000000,684.615393,505.110248,35.537815,38.034188,35.835985,0.942205,11.000000,4.000000,4.000000,2.000000,60.000000,HarvestStat Africa v1.2,https://raw.githubusercontent.com/HarvestStat/HarvestStat-Africa/main/public/hvstat_africa_data_v1.2.csv,WFP HDX CHIRPS v2 dekadal indicators,https://data.humdata.org/dataset/ken-rainfall-subnational
Nakuru,KE032,-0.458448,36.100384,2010,90740.000000,263425.050000,2.903075,Annual,0,18.000000,771.588235,535.090196,44.197790,42.866013,29.916322,0.697903,13.000000,6.000000,2.000000,2.000000,60.000000,HarvestStat Africa v1.2,https://raw.githubusercontent.com/HarvestStat/HarvestStat-Africa/main/public/hvstat_africa_data_v1.2.csv,WFP HDX CHIRPS v2 dekadal indicators,https://data.humdata.org/dataset/ken-rainfall-subnational
Nandi,KE029,0.227352,35.123876,2010,75075.000000,185674.860000,2.473192,Annual,0,18.000000,1039.483516,819.099630,26.905626,57.749084,34.085526,0.590235,15.000000,12.000000,2.000000,2.000000,60.000000,HarvestStat Africa v1.2,https://raw.githubusercontent.com/HarvestStat/HarvestStat-Africa/main/public/hvstat_africa_data_v1.2.csv,WFP HDX CHIRPS v2 dekadal indicators,https://data.humdata.org/dataset/ken-rainfall-subnational
Narok,KE033,-1.279878,35.476358,2010,86775.000000,214150.050000,2.467877,Annual,0,18.000000,736.125206,591.197598,24.514242,40.895845,29.003908,0.709214,13.000000,6.000000,1.000000,1.000000,60.000000,HarvestStat Africa v1.2,https://raw.githubusercontent.com/HarvestStat/HarvestStat-Africa/main/public/hvstat_africa_data_v1.2.csv,WFP HDX CHIRPS v2 dekadal indicators,https://data.humdata.org/dataset/ken-rainfall-subnational
Nyamira,KE046,-0.649378,34.933398,2010,63825.000000,140537.250000,2.201915,Annual,0,18.000000,1161.758614,912.716100,27.285868,64.542145,42.192725,0.653724,14.000000,10.000000,2.000000,2.000000,60.000000,HarvestStat Africa v1.2,https://raw.githubusercontent.com/HarvestStat/HarvestStat-Africa/main/public/hvstat_africa_data_v1.2.csv,WFP HDX CHIRPS v2 dekadal indicators,https://data.humdata.org/dataset/ken-rainfall-subnational
Nyandarua,KE018,-0.389093,36.497431,2010,10855.000000,33250.500000,3.063151,Annual,0,18.000000,860.611110,598.538580,43.785403,47.811728,32.842017,0.686903,14.000000,8.000000,2.000000,2.000000,60.000000,HarvestStat Africa v1.2,https://raw.githubusercontent.com/HarvestStat/HarvestStat-Africa/main/public/hvstat_africa_data_v1.2.csv,WFP HDX CHIRPS v2 dekadal indicators,https://data.humdata.org/dataset/ken-rainfall-subnational
Nyeri,KE019,-0.314375,36.930473,2010,35433.000000,31140.135000,0.878846,Annual,0,18.000000,816.499989,644.133946,26.759348,45.361110,33.020719,0.727952,12.000000,8.000000,2.000000,2.000000,60.000000,HarvestStat Africa v1.2,https://raw.githubusercontent.com/HarvestStat/HarvestStat-Africa/main/public/hvstat_africa_data_v1.2.csv,WFP HDX CHIRPS v2 dekadal indicators,https://data.humdata.org/dataset/ken-rainfall-subnational
Samburu,KE025,1.541373,36.941540,2010,500.000000,1170.000000,2.340000,Annual,0,18.000000,380.423361,270.988171,40.383751,21.134631,18.214428,0.861829,8.000000,2.000000,7.000000,4.000000,60.000000,HarvestStat Africa v1.2,https://raw.githubusercontent.com/HarvestStat/HarvestStat-Africa/main/public/hvstat_africa_data_v1.2.csv,WFP HDX CHIRPS v2 dekadal indicators,https://data.humdata.org/dataset/ken-rainfall-subnational
Siaya,KE041,-0.057674,34.199887,2010,75413.000000,120784.050000,1.601634,Annual,0,18.000000,965.200000,811.195420,18.984893,53.622222,27.238513,0.507971,15.000000,10.000000,2.000000,2.000000,60.000000,HarvestStat Africa v1.2,https://raw.githubusercontent.com/HarvestStat/HarvestStat-Africa/main/public/hvstat_africa_data_v1.2.csv,WFP HDX CHIRPS v2 dekadal indicators,https://data.humdata.org/dataset/ken-rainfall-subnational
Taita Taveta,KE006,-3.405203,38.371760,2010,16837.500000,15990.925500,0.949721,Annual,0,18.000000,317.673801,310.607723,2.274920,17.648544,19.518485,1.105954,7.000000,1.000000,10.000000,5.000000,80.000000,HarvestStat Africa v1.2,https://raw.githubusercontent.com/HarvestStat/HarvestStat-Africa/main/public/hvstat_africa_data_v1.2.csv,WFP HDX CHIRPS v2 dekadal indicators,https://data.humdata.org/dataset/ken-rainfall-subnational
Tana River,KE004,-1.534918,39.550288,2010,8222.000000,12201.210000,1.483971,Annual,0,18.000000,290.469640,192.080568,51.222814,16.137202,17.622618,1.092049,5.000000,1.000000,11.000000,6.000000,60.000000,HarvestStat Africa v1.2,https://raw.githubusercontent.com/HarvestStat/HarvestStat-Africa/main/public/hvstat_africa_data_v1.2.csv,WFP HDX CHIRPS v2 dekadal indicators,https://data.humdata.org/dataset/ken-rainfall-subnational
Tharaka-Nithi,KE013,-0.191445,37.960417,2010,11191.000000,13286.698343,1.187266,Annual,0,18.000000,669.452383,547.091662,22.365671,37.191799,40.700877,1.094351,10.000000,5.000000,7.000000,4.000000,60.000000,HarvestStat Africa v1.2,https://raw.githubusercontent.com/HarvestStat/HarvestStat-Africa/main/public/hvstat_africa_data_v1.2.csv,WFP HDX CHIRPS v2 dekadal indicators,https://data.humdata.org/dataset/ken-rainfall-subnational
Trans Nzoia,KE026,1.045915,34.980778,2010,97215.000000,417325.050000,4.292805,Annual,0,18.000000,864.088614,634.237966,36.240443,48.004923,29.736169,0.619440,14.000000,8.000000,3.000000,2.000000,80.000000,HarvestStat Africa v1.2,https://raw.githubusercontent.com/HarvestStat/HarvestStat-Africa/main/public/hvstat_africa_data_v1.2.csv,WFP HDX CHIRPS v2 dekadal indicators,https://data.humdata.org/dataset/ken-rainfall-subnational
Turkana,KE023,3.162488,35.313492,2010,1880.000000,2330.100000,1.239415,Annual,0,18.000000,259.485685,172.177661,50.708102,14.415871,13.930823,0.966353,6.000000,1.000000,9.000000,5.000000,60.000000,HarvestStat Africa v1.2,https://raw.githubusercontent.com/HarvestStat/HarvestStat-Africa/main/public/hvstat_africa_data_v1.2.csv,WFP HDX CHIRPS v2 dekadal indicators,https://data.humdata.org/dataset/ken-rainfall-subnational
Uasin Gishu,KE027,0.478188,35.303799,2010,83605.000000,343938.600000,4.113852,Annual,0,18.000000,836.837837,606.721928,37.927739,46.490991,34.446180,0.740922,14.000000,6.000000,2.000000,2.000000,60.000000,HarvestStat Africa v1.2,https://raw.githubusercontent.com/HarvestStat/HarvestStat-Africa/main/public/hvstat_africa_data_v1.2.csv,WFP HDX CHIRPS v2 dekadal indicators,https://data.humdata.org/dataset/ken-rainfall-subnational
Vihiga,KE038,0.084857,34.707784,2010,22764.000000,35869.950000,1.575731,Annual,0,18.000000,1232.631573,1006.033351,22.523927,68.479532,35.993129,0.525604,16.000000,11.000000,1.000000,1.000000,60.000000,HarvestStat Africa v1.2,https://raw.githubusercontent.com/HarvestStat/HarvestStat-Africa/main/public/hvstat_africa_data_v1.2.csv,WFP HDX CHIRPS v2 dekadal indicators,https://data.humdata.org/dataset/ken-rainfall-subnational
Wajir,KE008,1.939715,40.024507,2010,801.000000,197.100000,0.246067,Annual,0,18.000000,218.731205,193.539230,13.016469,12.151734,16.044912,1.320380,5.000000,1.000000,11.000000,6.000000,60.000000,HarvestStat Africa v1.2,https://raw.githubusercontent.com/HarvestStat/HarvestStat-Africa/main/public/hvstat_africa_data_v1.2.csv,WFP HDX CHIRPS v2 dekadal indicators,https://data.humdata.org/dataset/ken-rainfall-subnational
West Pokot,KE024,1.893374,35.212768,2010,20450.000000,44127.000000,2.157800,Annual,0,18.000000,606.829934,443.095810,36.952307,33.712774,25.208043,0.747730,11.000000,4.000000,4.000000,3.000000,60.000000,HarvestStat Africa v1.2,https://raw.githubusercontent.com/HarvestStat/HarvestStat-Africa/main/public/hvstat_africa_data_v1.2.csv,WFP HDX CHIRPS v2 dekadal indicators,https://data.humdata.org/dataset/ken-rainfall-subnational
Baringo,KE030,0.726352,36.018591,2011,39753.000000,74013.000000,1.861822,Annual,0,18.000000,369.626781,465.744538,-20.637442,20.534821,19.572909,0.953157,7.000000,1.000000,9.000000,7.000000,70.000000,HarvestStat Africa v1.2,https://raw.githubusercontent.com/HarvestStat/HarvestStat-Africa/main/public/hvstat_africa_data_v1.2.csv,WFP HDX CHIRPS v2 dekadal indicators,https://data.humdata.org/dataset/ken-rainfall-subnational
Bomet,KE036,-0.716095,35.238459,2011,32697.000000,73278.000000,2.241123,Annual,0,18.000000,685.010533,842.724213,-18.714744,38.056141,29.931510,0.786509,11.000000,5.000000,3.000000,2.000000,70.000000,HarvestStat Africa v1.2,https://raw.githubusercontent.com/HarvestStat/HarvestStat-Africa/main/public/hvstat_africa_data_v1.2.csv,WFP HDX CHIRPS v2 dekadal indicators,https://data.humdata.org/dataset/ken-rainfall-subnational
Bungoma,KE039,0.785694,34.718757,2011,96209.000000,282130.000000,2.932470,Annual,0,18.000000,868.760007,854.742337,1.639988,48.264445,41.405140,0.857881,12.000000,8.000000,4.000000,2.000000,70.000000,HarvestStat Africa v1.2,https://raw.githubusercontent.com/HarvestStat/HarvestStat-Africa/main/public/hvstat_africa_data_v1.2.csv,WFP HDX CHIRPS v2 dekadal indicators,https://data.humdata.org/dataset/ken-rainfall-subnational
Busia,KE040,0.375707,34.265111,2011,41990.000000,55057.500000,1.311205,Annual,0,18.000000,808.826920,900.425645,-10.172825,44.934829,34.937665,0.777519,13.000000,8.000000,4.000000,2.000000,70.000000,HarvestStat Africa v1.2,https://raw.githubusercontent.com/HarvestStat/HarvestStat-Africa/main/public/hvstat_africa_data_v1.2.csv,WFP HDX CHIRPS v2 dekadal indicators,https://data.humdata.org/dataset/ken-rainfall-subnational
Elgeyo-Marakwet,KE028,0.745102,35.560856,2011,31533.000000,95004.630000,3.012864,Annual,0,18.000000,531.141412,657.566659,-19.226225,29.507856,24.952821,0.845633,9.000000,4.000000,6.000000,6.000000,70.000000,HarvestStat Africa v1.2,https://raw.githubusercontent.com/HarvestStat/HarvestStat-Africa/main/public/hvstat_africa_data_v1.2.csv,WFP HDX CHIRPS v2 dekadal indicators,https://data.humdata.org/dataset/ken-rainfall-subnational
Embu,KE014,-0.532830,37.664629,2011,45215.000000,47558.250000,1.051825,Annual,0,18.000000,406.560437,525.286081,-22.602092,22.586691,26.415062,1.169497,7.000000,2.000000,9.000000,4.000000,70.000000,HarvestStat Africa v1.2,https://raw.githubusercontent.com/HarvestStat/HarvestStat-Africa/main/public/hvstat_africa_data_v1.2.csv,WFP HDX CHIRPS v2 dekadal indicators,https://data.humdata.org/dataset/ken-rainfall-subnational
Garissa,KE007,-0.520490,40.355590,2011,433.000000,415.000000,0.958430,Annual,0,18.000000,143.398628,240.279175,-40.319993,7.966590,8.389575,1.053095,3.000000,0.000000,12.000000,9.000000,101.000000,HarvestStat Africa v1.2,https://raw.githubusercontent.com/HarvestStat/HarvestStat-Africa/main/public/hvstat_africa_data_v1.2.csv,WFP HDX CHIRPS v2 dekadal indicators,https://data.humdata.org/dataset/ken-rainfall-subnational
Homa Bay,KE043,-0.562403,34.314532,2011,67420.000000,104852.430000,1.555213,Annual,0,18.000000,587.770644,734.102143,-19.933398,32.653925,21.745812,0.665948,13.000000,4.000000,2.000000,1.000000,70.000000,HarvestStat Africa v1.2,https://raw.githubusercontent.com/HarvestStat/HarvestStat-Africa/main/public/hvstat_africa_data_v1.2.csv,WFP HDX CHIRPS v2 dekadal indicators,https://data.humdata.org/dataset/ken-rainfall-subnational
Isiolo,KE011,1.006385,38.747651,2011,987.000000,1006.380000,1.019635,Annual,0,18.000000,54.898795,173.962088,-68.442093,3.049933,2.580292,0.846016,0.000000,0.000000,17.000000,11.000000,182.000000,HarvestStat Africa v1.2,https://raw.githubusercontent.com/HarvestStat/HarvestStat-Africa/main/public/hvstat_africa_data_v1.2.csv,WFP HDX CHIRPS v2 dekadal indicators,https://data.humdata.org/dataset/ken-rainfall-subnational
Kajiado,KE034,-2.112369,36.777606,2011,30145.000000,2253.600000,0.074759,Annual,0,18.000000,240.581459,373.466385,-35.581496,13.365637,14.982936,1.121004,3.000000,1.000000,12.000000,4.000000,70.000000,HarvestStat Africa v1.2,https://raw.githubusercontent.com/HarvestStat/HarvestStat-Africa/main/public/hvstat_africa_data_v1.2.csv,WFP HDX CHIRPS v2 dekadal indicators,https://data.humdata.org/dataset/ken-rainfall-subnational
Kakamega,KE037,0.497190,34.800929,2011,76285.000000,181377.000000,2.377623,Annual,0,18.000000,901.094744,951.356143,-5.283132,50.060819,42.087287,0.840723,11.000000,8.000000,2.000000,1.000000,70.000000,HarvestStat Africa v1.2,https://raw.githubusercontent.com/HarvestStat/HarvestStat-Africa/main/public/hvstat_africa_data_v1.2.csv,WFP HDX CHIRPS v2 dekadal indicators,https://data.humdata.org/dataset/ken-rainfall-subnational
Kericho,KE035,-0.316683,35.225997,2011,41971.000000,127986.000000,3.049391,Annual,0,18.000000,628.223884,795.027352,-20.980846,34.901327,28.016771,0.802742,10.000000,5.000000,3.000000,1.000000,70.000000,HarvestStat Africa v1.2,https://raw.githubusercontent.com/HarvestStat/HarvestStat-Africa/main/public/hvstat_africa_data_v1.2.csv,WFP HDX CHIRPS v2 dekadal indicators,https://data.humdata.org/dataset/ken-rainfall-subnational
Kiambu,KE022,-1.034385,36.843216,2011,44821.000000,56798.460000,1.267229,Annual,0,18.000000,441.166666,695.396027,-36.558932,24.509259,19.848997,0.809857,9.000000,2.000000,5.000000,2.000000,70.000000,HarvestStat Africa v1.2,https://raw.githubusercontent.com/HarvestStat/HarvestStat-Africa/main/public/hvstat_africa_data_v1.2.csv,WFP HDX CHIRPS v2 dekadal indicators,https://data.humdata.org/dataset/ken-rainfall-subnational
Kilifi,KE003,-3.152441,39.672708,2011,70672.000000,23281.020000,0.329424,Annual,0,18.000000,323.512375,488.607513,-33.788907,17.972910,15.478029,0.861187,6.000000,0.000000,7.000000,4.000000,80.000000,HarvestStat Africa v1.2,https://raw.githubusercontent.com/HarvestStat/HarvestStat-Africa/main/public/hvstat_africa_data_v1.2.csv,WFP HDX CHIRPS v2 dekadal indicators,https://data.humdata.org/dataset/ken-rainfall-subnational
Kirinyaga,KE020,-0.467350,37.301902,2011,31935.000000,54779.000000,1.715328,Annual,0,18.000000,487.791669,646.759723,-24.579152,27.099537,29.609908,1.092635,8.000000,3.000000,6.000000,2.000000,70.000000,HarvestStat Africa v1.2,https://raw.githubusercontent.com/HarvestStat/HarvestStat-Africa/main/public/hvstat_africa_data_v1.2.csv,WFP HDX CHIRPS v2 dekadal indicators,https://data.humdata.org/dataset/ken-rainfall-subnational
Kisii,KE045,-0.736677,34.753510,2011,59635.000000,151395.660000,2.538705,Annual,0,18.000000,793.875002,925.845013,-14.254007,44.104167,32.013758,0.725867,13.000000,6.000000,2.000000,1.000000,70.000000,HarvestStat Africa v1.2,https://raw.githubusercontent.com/HarvestStat/HarvestStat-Africa/main/public/hvstat_africa_data_v1.2.csv,WFP HDX CHIRPS v2 dekadal indicators,https://data.humdata.org/dataset/ken-rainfall-subnational
Kisumu,KE042,-0.194380,34.777329,2011,33395.000000,49681.000000,1.487678,Annual,0,18.000000,641.739129,816.425122,-21.396450,35.652174,25.966952,0.728341,12.000000,3.000000,3.000000,1.000000,70.000000,HarvestStat Africa v1.2,https://raw.githubusercontent.com/HarvestStat/HarvestStat-Africa/main/public/hvstat_africa_data_v1.2.csv,WFP HDX CHIRPS v2 dekadal indicators,https://data.humdata.org/dataset/ken-rainfall-subnational
Kitui,KE015,-1.560490,38.371810,2011,77210.000000,56654.370000,0.733770,Annual,0,18.000000,195.216648,272.434005,-28.343509,10.845369,9.686768,0.893171,4.000000,0.000000,11.000000,4.000000,70.000000,HarvestStat Africa v1.2,https://raw.githubusercontent.com/HarvestStat/HarvestStat-Africa/main/public/hvstat_africa_data_v1.2.csv,WFP HDX CHIRPS v2 dekadal indicators,https://data.humdata.org/dataset/ken-rainfall-subnational
Kwale,KE002,-4.120591,39.066136,2011,39490.000000,17633.000000,0.446518,Annual,0,18.000000,396.066912,541.885007,-26.909417,22.003717,19.150767,0.870342,9.000000,3.000000,8.000000,4.000000,80.000000,HarvestStat Africa v1.2,https://raw.githubusercontent.com/HarvestStat/HarvestStat-Africa/main/public/hvstat_africa_data_v1.2.csv,WFP HDX CHIRPS v2 dekadal indicators,https://data.humdata.org/dataset/ken-rainfall-subnational
Laikipia,KE031,0.289134,36.825248,2011,36163.000000,121640.000000,3.363659,Annual,0,18.000000,275.397355,361.774838,-23.876034,15.299853,12.897638,0.842991,5.000000,0.000000,9.000000,4.000000,111.000000,HarvestStat Africa v1.2,https://raw.githubusercontent.com/HarvestStat/HarvestStat-Africa/main/public/hvstat_africa_data_v1.2.csv,WFP HDX CHIRPS v2 dekadal indicators,https://data.humdata.org/dataset/ken-rainfall-subnational
Lamu,KE005,-2.063679,40.545830,2011,20127.000000,21567.000000,1.071546,Annual,0,18.000000,344.428568,534.602138,-35.572916,19.134920,23.382356,1.221973,5.000000,2.000000,9.000000,9.000000,101.000000,HarvestStat Africa v1.2,https://raw.githubusercontent.com/HarvestStat/HarvestStat-Africa/main/public/hvstat_africa_data_v1.2.csv,WFP HDX CHIRPS v2 dekadal indicators,https://data.humdata.org/dataset/ken-rainfall-subnational
Machakos,KE016,-1.276237,37.394595,2011,149338.000000,98298.900000,0.658231,Annual,0,18.000000,285.305417,412.340392,-30.808278,15.850301,16.048951,1.012533,7.000000,1.000000,9.000000,4.000000,70.000000,HarvestStat Africa v1.2,https://raw.githubusercontent.com/HarvestStat/HarvestStat-Africa/main/public/hvstat_africa_data_v1.2.csv,WFP HDX CHIRPS v2 dekadal indicators,https://data.humdata.org/dataset/ken-rainfall-subnational
Makueni,KE017,-2.253637,37.876663,2011,102825.000000,73525.050000,0.715050,Annual,0,18.000000,264.766536,334.183265,-20.772054,14.709252,18.164241,1.234885,3.000000,1.000000,11.000000,4.000000,70.000000,HarvestStat Africa v1.2,https://raw.githubusercontent.com/HarvestStat/HarvestStat-Africa/main/public/hvstat_africa_data_v1.2.csv,WFP HDX CHIRPS v2 dekadal indicators,https://data.humdata.org/dataset/ken-rainfall-subnational
Mandera,KE009,3.230964,40.711346,2011,215.000000,300.000000,1.395349,Annual,0,18.000000,79.307600,189.924349,-58.242531,4.405978,7.194517,1.632899,1.000000,0.000000,17.000000,11.000000,182.000000,HarvestStat Africa v1.2,https://raw.githubusercontent.com/HarvestStat/HarvestStat-Africa/main/public/hvstat_africa_data_v1.2.csv,WFP HDX CHIRPS v2 dekadal indicators,https://data.humdata.org/dataset/ken-rainfall-subnational
Marsabit,KE010,2.860480,37.714884,2011,274.000000,218.000000,0.795620,Annual,0,18.000000,73.616320,184.486778,-60.096696,4.089796,3.731243,0.912330,0.000000,0.000000,17.000000,11.000000,182.000000,HarvestStat Africa v1.2,https://raw.githubusercontent.com/HarvestStat/HarvestStat-Africa/main/public/hvstat_africa_data_v1.2.csv,WFP HDX CHIRPS v2 dekadal indicators,https://data.humdata.org/dataset/ken-rainfall-subnational
Meru,KE012,0.229055,37.776111,2011,96244.000000,145704.240000,1.513905,Annual,0,18.000000,391.779732,524.441410,-25.295805,21.765541,29.118564,1.337829,5.000000,2.000000,7.000000,3.000000,70.000000,HarvestStat Africa v1.2,https://raw.githubusercontent.com/HarvestStat/HarvestStat-Africa/main/public/hvstat_africa_data_v1.2.csv,WFP HDX CHIRPS v2 dekadal indicators,https://data.humdata.org/dataset/ken-rainfall-subnational
Migori,KE044,-1.018704,34.309173,2011,78580.000000,160962.120000,2.048385,Annual,0,18.000000,695.218390,753.103059,-7.686155,38.623244,26.223195,0.678949,13.000000,7.000000,2.000000,1.000000,70.000000,HarvestStat Africa v1.2,https://raw.githubusercontent.com/HarvestStat/HarvestStat-Africa/main/public/hvstat_africa_data_v1.2.csv,WFP HDX CHIRPS v2 dekadal indicators,https://data.humdata.org/dataset/ken-rainfall-subnational
Mombasa,KE001,-3.990448,39.701130,2011,1003.000000,501.000000,0.499501,Annual,0,18.000000,411.300000,734.479994,-44.001198,22.850000,23.552194,1.030731,8.000000,3.000000,7.000000,4.000000,91.000000,HarvestStat Africa v1.2,https://raw.githubusercontent.com/HarvestStat/HarvestStat-Africa/main/public/hvstat_africa_data_v1.2.csv,WFP HDX CHIRPS v2 dekadal indicators,https://data.humdata.org/dataset/ken-rainfall-subnational
Murang'a,KE021,-0.828519,37.004173,2011,56654.000000,70086.510000,1.237097,Annual,0,18.000000,450.663867,695.837541,-35.234327,25.036882,20.749386,0.828753,8.000000,4.000000,5.000000,2.000000,70.000000,HarvestStat Africa v1.2,https://raw.githubusercontent.com/HarvestStat/HarvestStat-Africa/main/public/hvstat_africa_data_v1.2.csv,WFP HDX CHIRPS v2 dekadal indicators,https://data.humdata.org/dataset/ken-rainfall-subnational
Nairobi,KE047,-1.300489,36.827926,2011,1018.000000,1419.000000,1.393910,Annual,0,18.000000,324.692303,505.110248,-35.718528,18.038461,17.757784,0.984440,5.000000,2.000000,7.000000,4.000000,70.000000,HarvestStat Africa v1.2,https://raw.githubusercontent.com/HarvestStat/HarvestStat-Africa/main/public/hvstat_africa_data_v1.2.csv,WFP HDX CHIRPS v2 dekadal indicators,https://data.humdata.org/dataset/ken-rainfall-subnational
Nakuru,KE032,-0.458448,36.100384,2011,89649.000000,302299.080000,3.372030,Annual,0,18.000000,431.499999,535.090196,-19.359390,23.972222,19.020287,0.793430,9.000000,2.000000,6.000000,4.000000,70.000000,HarvestStat Africa v1.2,https://raw.githubusercontent.com/HarvestStat/HarvestStat-Africa/main/public/hvstat_africa_data_v1.2.csv,WFP HDX CHIRPS v2 dekadal indicators,https://data.humdata.org/dataset/ken-rainfall-subnational
Nandi,KE029,0.227352,35.123876,2011,73552.000000,237551.620000,3.229710,Annual,0,18.000000,708.703288,819.099630,-13.477767,39.372405,34.367618,0.872886,9.000000,7.000000,5.000000,2.000000,70.000000,HarvestStat Africa v1.2,https://raw.githubusercontent.com/HarvestStat/HarvestStat-Africa/main/public/hvstat_africa_data_v1.2.csv,WFP HDX CHIRPS v2 dekadal indicators,https://data.humdata.org/dataset/ken-rainfall-subnational
Narok,KE033,-1.279878,35.476358,2011,109940.000000,186628.190000,1.697546,Annual,0,18.000000,459.759861,591.197598,-22.232454,25.542215,17.875955,0.699859,8.000000,3.000000,2.000000,1.000000,70.000000,HarvestStat Africa v1.2,https://raw.githubusercontent.com/HarvestStat/HarvestStat-Africa/main/public/hvstat_africa_data_v1.2.csv,WFP HDX CHIRPS v2 dekadal indicators,https://data.humdata.org/dataset/ken-rainfall-subnational
Nyamira,KE046,-0.649378,34.933398,2011,54820.000000,110639.000000,2.018223,Annual,0,18.000000,736.275858,912.716100,-19.331339,40.904214,30.871857,0.754735,12.000000,5.000000,3.000000,2.000000,70.000000,HarvestStat Africa v1.2,https://raw.githubusercontent.com/HarvestStat/HarvestStat-Africa/main/public/hvstat_africa_data_v1.2.csv,WFP HDX CHIRPS v2 dekadal indicators,https://data.humdata.org/dataset/ken-rainfall-subnational
Nyandarua,KE018,-0.389093,36.497431,2011,19588.000000,42218.000000,2.155299,Annual,0,18.000000,507.379627,598.538580,-15.230255,28.187757,22.915593,0.812963,10.000000,4.000000,5.000000,4.000000,70.000000,HarvestStat Africa v1.2,https://raw.githubusercontent.com/HarvestStat/HarvestStat-Africa/main/public/hvstat_africa_data_v1.2.csv,WFP HDX CHIRPS v2 dekadal indicators,https://data.humdata.org/dataset/ken-rainfall-subnational
Nyeri,KE019,-0.314375,36.930473,2011,33593.000000,42732.000000,1.272051,Annual,0,18.000000,507.581814,644.133946,-21.199338,28.198990,21.872339,0.775643,11.000000,2.000000,4.000000,2.000000,70.000000,HarvestStat Africa v1.2,https://raw.githubusercontent.com/HarvestStat/HarvestStat-Africa/main/public/hvstat_africa_data_v1.2.csv,WFP HDX CHIRPS v2 dekadal indicators,https://data.humdata.org/dataset/ken-rainfall-subnational
Samburu,KE025,1.541373,36.941540,2011,1227.000000,1024.200000,0.834719,Annual,0,18.000000,162.023357,270.988171,-40.210174,9.001298,7.039927,0.782101,2.000000,0.000000,12.000000,4.000000,182.000000,HarvestStat Africa v1.2,https://raw.githubusercontent.com/HarvestStat/HarvestStat-Africa/main/public/hvstat_africa_data_v1.2.csv,WFP HDX CHIRPS v2 dekadal indicators,https://data.humdata.org/dataset/ken-rainfall-subnational
Siaya,KE041,-0.057674,34.199887,2011,76385.000000,120812.670000,1.581628,Annual,0,18.000000,648.774999,811.195420,-20.022354,36.043055,25.669205,0.712182,11.000000,4.000000,2.000000,1.000000,70.000000,HarvestStat Africa v1.2,https://raw.githubusercontent.com/HarvestStat/HarvestStat-Africa/main/public/hvstat_africa_data_v1.2.csv,WFP HDX CHIRPS v2 dekadal indicators,https://data.humdata.org/dataset/ken-rainfall-subnational
Taita Taveta,KE006,-3.405203,38.371760,2011,13986.000000,6015.000000,0.430073,Annual,0,18.000000,237.761143,310.607723,-23.452920,13.208952,13.238925,1.002269,4.000000,0.000000,9.000000,4.000000,80.000000,HarvestStat Africa v1.2,https://raw.githubusercontent.com/HarvestStat/HarvestStat-Africa/main/public/hvstat_africa_data_v1.2.csv,WFP HDX CHIRPS v2 dekadal indicators,https://data.humdata.org/dataset/ken-rainfall-subnational
Tana River,KE004,-1.534918,39.550288,2011,6269.000000,5953.000000,0.949593,Annual,0,18.000000,127.356275,192.080568,-33.696430,7.075349,5.281729,0.746497,1.000000,0.000000,14.000000,8.000000,182.000000,HarvestStat Africa v1.2,https://raw.githubusercontent.com/HarvestStat/HarvestStat-Africa/main/public/hvstat_africa_data_v1.2.csv,WFP HDX CHIRPS v2 dekadal indicators,https://data.humdata.org/dataset/ken-rainfall-subnational
Tharaka-Nithi,KE013,-0.191445,37.960417,2011,26779.000000,38924.000000,1.453527,Annual,0,18.000000,435.523811,547.091662,-20.392899,24.195767,39.085772,1.615397,6.000000,2.000000,8.000000,4.000000,101.000000,HarvestStat Africa v1.2,https://raw.githubusercontent.com/HarvestStat/HarvestStat-Africa/main/public/hvstat_africa_data_v1.2.csv,WFP HDX CHIRPS v2 dekadal indicators,https://data.humdata.org/dataset/ken-rainfall-subnational
Trans Nzoia,KE026,1.045915,34.980778,2011,104421.000000,441165.560000,4.224874,Annual,0,18.000000,587.683552,634.237966,-7.340212,32.649086,27.574731,0.844579,9.000000,7.000000,5.000000,3.000000,70.000000,HarvestStat Africa v1.2,https://raw.githubusercontent.com/HarvestStat/HarvestStat-Africa/main/public/hvstat_africa_data_v1.2.csv,WFP HDX CHIRPS v2 dekadal indicators,https://data.humdata.org/dataset/ken-rainfall-subnational
Turkana,KE023,3.162488,35.313492,2011,2252.000000,3586.000000,1.592362,Annual,0,18.000000,132.524922,172.177661,-23.030130,7.362496,8.292324,1.126292,1.000000,0.000000,15.000000,7.000000,182.000000,HarvestStat Africa v1.2,https://raw.githubusercontent.com/HarvestStat/HarvestStat-Africa/main/public/hvstat_africa_data_v1.2.csv,WFP HDX CHIRPS v2 dekadal indicators,https://data.humdata.org/dataset/ken-rainfall-subnational
Uasin Gishu,KE027,0.478188,35.303799,2011,91310.000000,257648.580000,2.821691,Annual,0,18.000000,517.234239,606.721928,-14.749375,28.735235,25.424381,0.884781,8.000000,4.000000,5.000000,4.000000,70.000000,HarvestStat Africa v1.2,https://raw.githubusercontent.com/HarvestStat/HarvestStat-Africa/main/public/hvstat_africa_data_v1.2.csv,WFP HDX CHIRPS v2 dekadal indicators,https://data.humdata.org/dataset/ken-rainfall-subnational
Vihiga,KE038,0.084857,34.707784,2011,18010.000000,29635.200000,1.645486,Annual,0,18.000000,869.000001,1006.033351,-13.621154,48.277778,37.642165,0.779700,12.000000,8.000000,2.000000,1.000000,70.000000,HarvestStat Africa v1.2,https://raw.githubusercontent.com/HarvestStat/HarvestStat-Africa/main/public/hvstat_africa_data_v1.2.csv,WFP HDX CHIRPS v2 dekadal indicators,https://data.humdata.org/dataset/ken-rainfall-subnational
Wajir,KE008,1.939715,40.024507,2011,268.000000,202.050000,0.753918,Annual,0,18.000000,61.002705,193.539230,-68.480445,3.389039,4.940907,1.457908,1.000000,0.000000,17.000000,11.000000,182.000000,HarvestStat Africa v1.2,https://raw.githubusercontent.com/HarvestStat/HarvestStat-Africa/main/public/hvstat_africa_data_v1.2.csv,WFP HDX CHIRPS v2 dekadal indicators,https://data.humdata.org/dataset/ken-rainfall-subnational
West Pokot,KE024,1.893374,35.212768,2011,33035.000000,112932.470000,3.418570,Annual,0,18.000000,359.374142,443.095810,-18.894710,19.965230,18.282549,0.915719,8.000000,2.000000,9.000000,7.000000,70.000000,HarvestStat Africa v1.2,https://raw.githubusercontent.com/HarvestStat/HarvestStat-Africa/main/public/hvstat_africa_data_v1.2.csv,WFP HDX CHIRPS v2 dekadal indicators,https://data.humdata.org/dataset/ken-rainfall-subnational
Baringo,KE030,0.726352,36.018591,2012,29117.000000,55805.040000,1.916579,Annual,0,18.000000,646.558406,465.744538,38.822542,35.919911,43.128035,1.200672,9.000000,5.000000,8.000000,6.000000,92.000000,HarvestStat Africa v1.2,https://raw.githubusercontent.com/HarvestStat/HarvestStat-Africa/main/public/hvstat_africa_data_v1.2.csv,WFP HDX CHIRPS v2 dekadal indicators,https://data.humdata.org/dataset/ken-rainfall-subnational
Bomet,KE036,-0.716095,35.238459,2012,30620.000000,72235.800000,2.359105,Annual,0,18.000000,867.768419,842.724213,2.971815,48.209357,42.580864,0.883249,11.000000,8.000000,6.000000,5.000000,81.000000,HarvestStat Africa v1.2,https://raw.githubusercontent.com/HarvestStat/HarvestStat-Africa/main/public/hvstat_africa_data_v1.2.csv,WFP HDX CHIRPS v2 dekadal indicators,https://data.humdata.org/dataset/ken-rainfall-subnational
Bungoma,KE039,0.785694,34.718757,2012,92705.000000,221586.030000,2.390227,Annual,0,18.000000,881.159986,854.742337,3.090715,48.953333,46.969543,0.959476,10.000000,8.000000,6.000000,5.000000,92.000000,HarvestStat Africa v1.2,https://raw.githubusercontent.com/HarvestStat/HarvestStat-Africa/main/public/hvstat_africa_data_v1.2.csv,WFP HDX CHIRPS v2 dekadal indicators,https://data.humdata.org/dataset/ken-rainfall-subnational
Busia,KE040,0.375707,34.265111,2012,45898.000000,63229.500000,1.377609,Annual,0,18.000000,805.173083,900.425645,-10.578615,44.731838,41.020937,0.917041,11.000000,7.000000,6.000000,5.000000,92.000000,HarvestStat Africa v1.2,https://raw.githubusercontent.com/HarvestStat/HarvestStat-Africa/main/public/hvstat_africa_data_v1.2.csv,WFP HDX CHIRPS v2 dekadal indicators,https://data.humdata.org/dataset/ken-rainfall-subnational
Elgeyo-Marakwet,KE028,0.745102,35.560856,2012,32015.000000,101335.770000,3.165259,Annual,0,18.000000,860.333319,657.566659,30.835910,47.796295,54.155090,1.133039,10.000000,7.000000,6.000000,5.000000,92.000000,HarvestStat Africa v1.2,https://raw.githubusercontent.com/HarvestStat/HarvestStat-Africa/main/public/hvstat_africa_data_v1.2.csv,WFP HDX CHIRPS v2 dekadal indicators,https://data.humdata.org/dataset/ken-rainfall-subnational
Embu,KE014,-0.532830,37.664629,2012,26820.000000,35104.860000,1.308906,Annual,0,18.000000,560.241766,525.286081,6.654599,31.124543,48.180574,1.547993,6.000000,3.000000,11.000000,6.000000,92.000000,HarvestStat Africa v1.2,https://raw.githubusercontent.com/HarvestStat/HarvestStat-Africa/main/public/hvstat_africa_data_v1.2.csv,WFP HDX CHIRPS v2 dekadal indicators,https://data.humdata.org/dataset/ken-rainfall-subnational
Garissa,KE007,-0.520490,40.355590,2012,205.000000,198.720000,0.969366,Annual,0,18.000000,123.490034,240.279175,-48.605603,6.860557,7.191291,1.048208,2.000000,0.000000,13.000000,9.000000,132.000000,HarvestStat Africa v1.2,https://raw.githubusercontent.com/HarvestStat/HarvestStat-Africa/main/public/hvstat_africa_data_v1.2.csv,WFP HDX CHIRPS v2 dekadal indicators,https://data.humdata.org/dataset/ken-rainfall-subnational
Homa Bay,KE043,-0.562403,34.314532,2012,74359.000000,110379.690000,1.484416,Annual,0,18.000000,806.807351,734.102143,9.903963,44.822631,36.630380,0.817230,11.000000,8.000000,5.000000,4.000000,92.000000,HarvestStat Africa v1.2,https://raw.githubusercontent.com/HarvestStat/HarvestStat-Africa/main/public/hvstat_africa_data_v1.2.csv,WFP HDX CHIRPS v2 dekadal indicators,https://data.humdata.org/dataset/ken-rainfall-subnational
Isiolo,KE011,1.006385,38.747651,2012,1015.000000,1072.800000,1.056946,Annual,0,18.000000,143.074698,173.962088,-17.755242,7.948594,13.738959,1.728477,3.000000,0.000000,15.000000,9.000000,92.000000,HarvestStat Africa v1.2,https://raw.githubusercontent.com/HarvestStat/HarvestStat-Africa/main/public/hvstat_africa_data_v1.2.csv,WFP HDX CHIRPS v2 dekadal indicators,https://data.humdata.org/dataset/ken-rainfall-subnational
Kajiado,KE034,-2.112369,36.777606,2012,34721.000000,63459.720000,1.827704,Annual,0,18.000000,406.351123,373.466385,8.805274,22.575062,30.755124,1.362349,5.000000,3.000000,10.000000,5.000000,92.000000,HarvestStat Africa v1.2,https://raw.githubusercontent.com/HarvestStat/HarvestStat-Africa/main/public/hvstat_africa_data_v1.2.csv,WFP HDX CHIRPS v2 dekadal indicators,https://data.humdata.org/dataset/ken-rainfall-subnational
Kakamega,KE037,0.497190,34.800929,2012,73463.000000,172682.550000,2.350606,Annual,0,18.000000,987.726313,951.356143,3.822982,54.873684,51.083523,0.930929,11.000000,9.000000,6.000000,5.000000,92.000000,HarvestStat Africa v1.2,https://raw.githubusercontent.com/HarvestStat/HarvestStat-Africa/main/public/hvstat_africa_data_v1.2.csv,WFP HDX CHIRPS v2 dekadal indicators,https://data.humdata.org/dataset/ken-rainfall-subnational
Kericho,KE035,-0.316683,35.225997,2012,41170.000000,80021.520000,1.943685,Annual,0,18.000000,875.343284,795.027352,10.102285,48.630182,47.786216,0.982645,11.000000,8.000000,6.000000,5.000000,92.000000,HarvestStat Africa v1.2,https://raw.githubusercontent.com/HarvestStat/HarvestStat-Africa/main/public/hvstat_africa_data_v1.2.csv,WFP HDX CHIRPS v2 dekadal indicators,https://data.humdata.org/dataset/ken-rainfall-subnational
Kiambu,KE022,-1.034385,36.843216,2012,43210.000000,21609.450000,0.500103,Annual,0,18.000000,912.976195,695.396027,31.288670,50.720900,73.609713,1.451270,8.000000,5.000000,8.000000,5.000000,92.000000,HarvestStat Africa v1.2,https://raw.githubusercontent.com/HarvestStat/HarvestStat-Africa/main/public/hvstat_africa_data_v1.2.csv,WFP HDX CHIRPS v2 dekadal indicators,https://data.humdata.org/dataset/ken-rainfall-subnational
Kilifi,KE003,-3.152441,39.672708,2012,647.000000,310.140000,0.479351,Annual,0,18.000000,315.831682,488.607513,-35.360862,17.546205,24.050627,1.370703,6.000000,1.000000,8.000000,6.000000,92.000000,HarvestStat Africa v1.2,https://raw.githubusercontent.com/HarvestStat/HarvestStat-Africa/main/public/hvstat_africa_data_v1.2.csv,WFP HDX CHIRPS v2 dekadal indicators,https://data.humdata.org/dataset/ken-rainfall-subnational
Kirinyaga,KE020,-0.467350,37.301902,2012,40103.000000,48237.120000,1.202831,Annual,0,18.000000,758.562502,646.759723,17.286602,42.142361,60.437192,1.434120,6.000000,5.000000,9.000000,6.000000,92.000000,HarvestStat Africa v1.2,https://raw.githubusercontent.com/HarvestStat/HarvestStat-Africa/main/public/hvstat_africa_data_v1.2.csv,WFP HDX CHIRPS v2 dekadal indicators,https://data.humdata.org/dataset/ken-rainfall-subnational
Kisii,KE045,-0.736677,34.753510,2012,63710.000000,131023.260000,2.056557,Annual,0,18.000000,1072.574996,925.845013,15.848223,59.587500,52.607673,0.882864,12.000000,9.000000,4.000000,4.000000,61.000000,HarvestStat Africa v1.2,https://raw.githubusercontent.com/HarvestStat/HarvestStat-Africa/main/public/hvstat_africa_data_v1.2.csv,WFP HDX CHIRPS v2 dekadal indicators,https://data.humdata.org/dataset/ken-rainfall-subnational
Kisumu,KE042,-0.194380,34.777329,2012,32069.000000,61452.540000,1.916260,Annual,0,18.000000,795.550727,816.425122,-2.556805,44.197263,38.742894,0.876590,12.000000,7.000000,5.000000,4.000000,81.000000,HarvestStat Africa v1.2,https://raw.githubusercontent.com/HarvestStat/HarvestStat-Africa/main/public/hvstat_africa_data_v1.2.csv,WFP HDX CHIRPS v2 dekadal indicators,https://data.humdata.org/dataset/ken-rainfall-subnational
Kitui,KE015,-1.560490,38.371810,2012,93600.000000,37499.490000,0.400636,Annual,0,18.000000,230.153460,272.434005,-15.519555,12.786303,18.451155,1.443041,4.000000,2.000000,13.000000,6.000000,102.000000,HarvestStat Africa v1.2,https://raw.githubusercontent.com/HarvestStat/HarvestStat-Africa/main/public/hvstat_africa_data_v1.2.csv,WFP HDX CHIRPS v2 dekadal indicators,https://data.humdata.org/dataset/ken-rainfall-subnational
Kwale,KE002,-4.120591,39.066136,2012,39910.000000,13245.210000,0.331877,Annual,0,18.000000,341.925650,541.885007,-36.900699,18.995869,21.079816,1.109705,7.000000,1.000000,8.000000,6.000000,92.000000,HarvestStat Africa v1.2,https://raw.githubusercontent.com/HarvestStat/HarvestStat-Africa/main/public/hvstat_africa_data_v1.2.csv,WFP HDX CHIRPS v2 dekadal indicators,https://data.humdata.org/dataset/ken-rainfall-subnational
Laikipia,KE031,0.289134,36.825248,2012,5665.000000,4978.710000,0.878854,Annual,0,18.000000,406.692057,361.774838,12.415794,22.594003,26.283083,1.163277,7.000000,3.000000,9.000000,6.000000,92.000000,HarvestStat Africa v1.2,https://raw.githubusercontent.com/HarvestStat/HarvestStat-Africa/main/public/hvstat_africa_data_v1.2.csv,WFP HDX CHIRPS v2 dekadal indicators,https://data.humdata.org/dataset/ken-rainfall-subnational
Lamu,KE005,-2.063679,40.545830,2012,21324.000000,33585.300000,1.575000,Annual,0,18.000000,320.418709,534.602138,-40.064080,17.801039,30.652431,1.721946,4.000000,2.000000,12.000000,12.000000,122.000000,HarvestStat Africa v1.2,https://raw.githubusercontent.com/HarvestStat/HarvestStat-Africa/main/public/hvstat_africa_data_v1.2.csv,WFP HDX CHIRPS v2 dekadal indicators,https://data.humdata.org/dataset/ken-rainfall-subnational
Machakos,KE016,-1.276237,37.394595,2012,133408.000000,92099.070000,0.690356,Annual,0,18.000000,457.842357,412.340392,11.035049,25.435687,37.541998,1.475958,5.000000,2.000000,10.000000,5.000000,92.000000,HarvestStat Africa v1.2,https://raw.githubusercontent.com/HarvestStat/HarvestStat-Africa/main/public/hvstat_africa_data_v1.2.csv,WFP HDX CHIRPS v2 dekadal indicators,https://data.humdata.org/dataset/ken-rainfall-subnational
Makueni,KE017,-2.253637,37.876663,2012,183338.000000,82783.620000,0.451536,Annual,0,18.000000,363.097286,334.183265,8.652145,20.172071,26.960075,1.336505,5.000000,3.000000,11.000000,5.000000,92.000000,HarvestStat Africa v1.2,https://raw.githubusercontent.com/HarvestStat/HarvestStat-Africa/main/public/hvstat_africa_data_v1.2.csv,WFP HDX CHIRPS v2 dekadal indicators,https://data.humdata.org/dataset/ken-rainfall-subnational
Mandera,KE009,3.230964,40.711346,2012,1987.000000,1324.710000,0.666688,Annual,0,18.000000,144.485748,189.924349,-23.924579,8.026986,11.919593,1.484940,3.000000,0.000000,14.000000,9.000000,92.000000,HarvestStat Africa v1.2,https://raw.githubusercontent.com/HarvestStat/HarvestStat-Africa/main/public/hvstat_africa_data_v1.2.csv,WFP HDX CHIRPS v2 dekadal indicators,https://data.humdata.org/dataset/ken-rainfall-subnational
Marsabit,KE010,2.860480,37.714884,2012,990.000000,987.480000,0.997455,Annual,0,18.000000,181.892792,184.486778,-1.406055,10.105155,16.225711,1.605686,2.000000,1.000000,13.000000,6.000000,102.000000,HarvestStat Africa v1.2,https://raw.githubusercontent.com/HarvestStat/HarvestStat-Africa/main/public/hvstat_africa_data_v1.2.csv,WFP HDX CHIRPS v2 dekadal indicators,https://data.humdata.org/dataset/ken-rainfall-subnational
Meru,KE012,0.229055,37.776111,2012,95594.000000,92646.450000,0.969166,Annual,0,18.000000,514.837004,524.441410,-1.831359,28.602056,40.878870,1.429228,6.000000,3.000000,10.000000,6.000000,92.000000,HarvestStat Africa v1.2,https://raw.githubusercontent.com/HarvestStat/HarvestStat-Africa/main/public/hvstat_africa_data_v1.2.csv,WFP HDX CHIRPS v2 dekadal indicators,https://data.humdata.org/dataset/ken-rainfall-subnational
Migori,KE044,-1.018704,34.309173,2012,54974.000000,42155.010000,0.766817,Annual,0,18.000000,815.459769,753.103059,8.279970,45.303321,35.901511,0.792470,11.000000,8.000000,3.000000,2.000000,61.000000,HarvestStat Africa v1.2,https://raw.githubusercontent.com/HarvestStat/HarvestStat-Africa/main/public/hvstat_africa_data_v1.2.csv,WFP HDX CHIRPS v2 dekadal indicators,https://data.humdata.org/dataset/ken-rainfall-subnational
Mombasa,KE001,-3.990448,39.701130,2012,1001.000000,405.810000,0.405405,Annual,0,18.000000,436.100000,734.479994,-40.624659,24.227778,35.526794,1.466366,7.000000,2.000000,9.000000,9.000000,92.000000,HarvestStat Africa v1.2,https://raw.githubusercontent.com/HarvestStat/HarvestStat-Africa/main/public/hvstat_africa_data_v1.2.csv,WFP HDX CHIRPS v2 dekadal indicators,https://data.humdata.org/dataset/ken-rainfall-subnational
Murang'a,KE021,-0.828519,37.004173,2012,61416.000000,56852.730000,0.925699,Annual,0,18.000000,853.579833,695.837541,22.669414,47.421102,68.799523,1.450821,7.000000,5.000000,8.000000,5.000000,92.000000,HarvestStat Africa v1.2,https://raw.githubusercontent.com/HarvestStat/HarvestStat-Africa/main/public/hvstat_africa_data_v1.2.csv,WFP HDX CHIRPS v2 dekadal indicators,https://data.humdata.org/dataset/ken-rainfall-subnational
Nairobi,KE047,-1.300489,36.827926,2012,1017.000000,802.170000,0.788761,Annual,0,18.000000,636.999990,505.110248,26.111080,35.388888,52.481956,1.483007,7.000000,4.000000,10.000000,6.000000,92.000000,HarvestStat Africa v1.2,https://raw.githubusercontent.com/HarvestStat/HarvestStat-Africa/main/public/hvstat_africa_data_v1.2.csv,WFP HDX CHIRPS v2 dekadal indicators,https://data.humdata.org/dataset/ken-rainfall-subnational
Nakuru,KE032,-0.458448,36.100384,2012,90690.000000,231411.600000,2.551677,Annual,0,18.000000,654.008406,535.090196,22.223956,36.333800,39.148891,1.077479,9.000000,5.000000,6.000000,5.000000,92.000000,HarvestStat Africa v1.2,https://raw.githubusercontent.com/HarvestStat/HarvestStat-Africa/main/public/hvstat_africa_data_v1.2.csv,WFP HDX CHIRPS v2 dekadal indicators,https://data.humdata.org/dataset/ken-rainfall-subnational
Nandi,KE029,0.227352,35.123876,2012,70519.000000,170033.760000,2.411177,Annual,0,18.000000,859.978025,819.099630,4.990650,47.776557,46.960023,0.982909,11.000000,7.000000,6.000000,5.000000,92.000000,HarvestStat Africa v1.2,https://raw.githubusercontent.com/HarvestStat/HarvestStat-Africa/main/public/hvstat_africa_data_v1.2.csv,WFP HDX CHIRPS v2 dekadal indicators,https://data.humdata.org/dataset/ken-rainfall-subnational
Narok,KE033,-1.279878,35.476358,2012,113550.000000,314411.670000,2.768927,Annual,0,18.000000,662.212696,591.197598,12.012075,36.789594,37.017133,1.006185,10.000000,5.000000,7.000000,5.000000,92.000000,HarvestStat Africa v1.2,https://raw.githubusercontent.com/HarvestStat/HarvestStat-Africa/main/public/hvstat_africa_data_v1.2.csv,WFP HDX CHIRPS v2 dekadal indicators,https://data.humdata.org/dataset/ken-rainfall-subnational
Nyamira,KE046,-0.649378,34.933398,2012,53270.000000,62421.750000,1.171799,Annual,0,18.000000,993.931038,912.716100,8.898160,55.218391,52.536717,0.951435,12.000000,9.000000,5.000000,4.000000,81.000000,HarvestStat Africa v1.2,https://raw.githubusercontent.com/HarvestStat/HarvestStat-Africa/main/public/hvstat_africa_data_v1.2.csv,WFP HDX CHIRPS v2 dekadal indicators,https://data.humdata.org/dataset/ken-rainfall-subnational
Nyandarua,KE018,-0.389093,36.497431,2012,10490.000000,15682.950000,1.495038,Annual,0,18.000000,781.157405,598.538580,30.510786,43.397634,49.668671,1.144502,9.000000,5.000000,5.000000,4.000000,92.000000,HarvestStat Africa v1.2,https://raw.githubusercontent.com/HarvestStat/HarvestStat-Africa/main/public/hvstat_africa_data_v1.2.csv,WFP HDX CHIRPS v2 dekadal indicators,https://data.humdata.org/dataset/ken-rainfall-subnational
Nyeri,KE019,-0.314375,36.930473,2012,61416.000000,48166.920000,0.784273,Annual,0,18.000000,781.527281,644.133946,21.329932,43.418182,52.570775,1.210801,8.000000,5.000000,7.000000,4.000000,92.000000,HarvestStat Africa v1.2,https://raw.githubusercontent.com/HarvestStat/HarvestStat-Africa/main/public/hvstat_africa_data_v1.2.csv,WFP HDX CHIRPS v2 dekadal indicators,https://data.humdata.org/dataset/ken-rainfall-subnational
Samburu,KE025,1.541373,36.941540,2012,1265.000000,1648.530000,1.303186,Annual,0,18.000000,298.975184,270.988171,10.327762,16.609732,23.670720,1.425111,4.000000,2.000000,12.000000,9.000000,92.000000,HarvestStat Africa v1.2,https://raw.githubusercontent.com/HarvestStat/HarvestStat-Africa/main/public/hvstat_africa_data_v1.2.csv,WFP HDX CHIRPS v2 dekadal indicators,https://data.humdata.org/dataset/ken-rainfall-subnational
Siaya,KE041,-0.057674,34.199887,2012,72110.000000,115807.950000,1.605990,Annual,0,18.000000,773.212497,811.195420,-4.682339,42.956250,37.674010,0.877032,11.000000,7.000000,5.000000,4.000000,92.000000,HarvestStat Africa v1.2,https://raw.githubusercontent.com/HarvestStat/HarvestStat-Africa/main/public/hvstat_africa_data_v1.2.csv,WFP HDX CHIRPS v2 dekadal indicators,https://data.humdata.org/dataset/ken-rainfall-subnational
Taita Taveta,KE006,-3.405203,38.371760,2012,15592.000000,16699.050000,1.071001,Annual,0,18.000000,208.716583,310.607723,-32.803801,11.595366,13.908967,1.199528,4.000000,0.000000,13.000000,6.000000,92.000000,HarvestStat Africa v1.2,https://raw.githubusercontent.com/HarvestStat/HarvestStat-Africa/main/public/hvstat_africa_data_v1.2.csv,WFP HDX CHIRPS v2 dekadal indicators,https://data.humdata.org/dataset/ken-rainfall-subnational
Tana River,KE004,-1.534918,39.550288,2012,8290.000000,9512.640000,1.147484,Annual,0,18.000000,103.547369,192.080568,-46.091700,5.752632,4.890819,0.850188,1.000000,0.000000,14.000000,6.000000,182.000000,HarvestStat Africa v1.2,https://raw.githubusercontent.com/HarvestStat/HarvestStat-Africa/main/public/hvstat_africa_data_v1.2.csv,WFP HDX CHIRPS v2 dekadal indicators,https://data.humdata.org/dataset/ken-rainfall-subnational
Tharaka-Nithi,KE013,-0.191445,37.960417,2012,30026.000000,24515.190000,0.816465,Annual,0,18.000000,517.107140,547.091662,-5.480713,28.728174,44.942975,1.564422,6.000000,3.000000,12.000000,9.000000,92.000000,HarvestStat Africa v1.2,https://raw.githubusercontent.com/HarvestStat/HarvestStat-Africa/main/public/hvstat_africa_data_v1.2.csv,WFP HDX CHIRPS v2 dekadal indicators,https://data.humdata.org/dataset/ken-rainfall-subnational
Trans Nzoia,KE026,1.045915,34.980778,2012,105310.000000,425301.390000,4.038566,Annual,0,18.000000,775.037996,634.237966,22.199874,43.057666,45.108710,1.047635,10.000000,6.000000,6.000000,5.000000,92.000000,HarvestStat Africa v1.2,https://raw.githubusercontent.com/HarvestStat/HarvestStat-Africa/main/public/hvstat_africa_data_v1.2.csv,WFP HDX CHIRPS v2 dekadal indicators,https://data.humdata.org/dataset/ken-rainfall-subnational
Turkana,KE023,3.162488,35.313492,2012,1626.000000,3040.560000,1.869963,Annual,0,18.000000,220.693003,172.177661,28.177489,12.260722,14.332475,1.168975,4.000000,0.000000,10.000000,6.000000,102.000000,HarvestStat Africa v1.2,https://raw.githubusercontent.com/HarvestStat/HarvestStat-Africa/main/public/hvstat_africa_data_v1.2.csv,WFP HDX CHIRPS v2 dekadal indicators,https://data.humdata.org/dataset/ken-rainfall-subnational
Uasin Gishu,KE027,0.478188,35.303799,2012,88790.000000,363562.200000,4.094630,Annual,0,18.000000,753.810805,606.721928,24.243211,41.878378,44.699169,1.067357,10.000000,6.000000,7.000000,6.000000,92.000000,HarvestStat Africa v1.2,https://raw.githubusercontent.com/HarvestStat/HarvestStat-Africa/main/public/hvstat_africa_data_v1.2.csv,WFP HDX CHIRPS v2 dekadal indicators,https://data.humdata.org/dataset/ken-rainfall-subnational
Vihiga,KE038,0.084857,34.707784,2012,24195.000000,36240.750000,1.497861,Annual,0,18.000000,976.368436,1006.033351,-2.948701,54.242691,46.574970,0.858640,12.000000,10.000000,5.000000,4.000000,81.000000,HarvestStat Africa v1.2,https://raw.githubusercontent.com/HarvestStat/HarvestStat-Africa/main/public/hvstat_africa_data_v1.2.csv,WFP HDX CHIRPS v2 dekadal indicators,https://data.humdata.org/dataset/ken-rainfall-subnational
Wajir,KE008,1.939715,40.024507,2012,550.000000,374.850000,0.681545,Annual,0,18.000000,146.750135,193.539230,-24.175510,8.152785,11.979361,1.469358,3.000000,0.000000,13.000000,9.000000,92.000000,HarvestStat Africa v1.2,https://raw.githubusercontent.com/HarvestStat/HarvestStat-Africa/main/public/hvstat_africa_data_v1.2.csv,WFP HDX CHIRPS v2 dekadal indicators,https://data.humdata.org/dataset/ken-rainfall-subnational
West Pokot,KE024,1.893374,35.212768,2012,19380.000000,54745.740000,2.824858,Annual,0,18.000000,575.877564,443.095810,29.966827,31.993198,37.957682,1.186430,8.000000,4.000000,8.000000,6.000000,92.000000,HarvestStat Africa v1.2,https://raw.githubusercontent.com/HarvestStat/HarvestStat-Africa/main/public/hvstat_africa_data_v1.2.csv,WFP HDX CHIRPS v2 dekadal indicators,https://data.humdata.org/dataset/ken-rainfall-subnational
Baringo,KE030,0.726352,36.018591,2013,34960.000000,34959.960000,0.999999,Annual,0,18.000000,631.948731,465.744538,35.685699,35.108263,32.821812,0.934874,9.000000,6.000000,6.000000,4.000000,70.000000,HarvestStat Africa v1.2,https://raw.githubusercontent.com/HarvestStat/HarvestStat-Africa/main/public/hvstat_africa_data_v1.2.csv,WFP HDX CHIRPS v2 dekadal indicators,https://data.humdata.org/dataset/ken-rainfall-subnational
Bomet,KE036,-0.716095,35.238459,2013,30940.000000,53162.280000,1.718238,Annual,0,18.000000,924.673688,842.724213,9.724353,51.370760,38.110241,0.741866,13.000000,7.000000,1.000000,1.000000,60.000000,HarvestStat Africa v1.2,https://raw.githubusercontent.com/HarvestStat/HarvestStat-Africa/main/public/hvstat_africa_data_v1.2.csv,WFP HDX CHIRPS v2 dekadal indicators,https://data.humdata.org/dataset/ken-rainfall-subnational
Bungoma,KE039,0.785694,34.718757,2013,98074.000000,267302.430000,2.725518,Annual,0,18.000000,908.719997,854.742337,6.315080,50.484444,40.666760,0.805530,13.000000,6.000000,3.000000,2.000000,60.000000,HarvestStat Africa v1.2,https://raw.githubusercontent.com/HarvestStat/HarvestStat-Africa/main/public/hvstat_africa_data_v1.2.csv,WFP HDX CHIRPS v2 dekadal indicators,https://data.humdata.org/dataset/ken-rainfall-subnational
Busia,KE040,0.375707,34.265111,2013,50400.000000,72661.680000,1.441700,Annual,0,18.000000,885.173073,900.425645,-1.693929,49.176282,37.471649,0.761986,15.000000,6.000000,2.000000,1.000000,70.000000,HarvestStat Africa v1.2,https://raw.githubusercontent.com/HarvestStat/HarvestStat-Africa/main/public/hvstat_africa_data_v1.2.csv,WFP HDX CHIRPS v2 dekadal indicators,https://data.humdata.org/dataset/ken-rainfall-subnational
Elgeyo-Marakwet,KE028,0.745102,35.560856,2013,27620.000000,103448.430000,3.745417,Annual,0,18.000000,825.363625,657.566659,25.517864,45.853535,41.143075,0.897272,11.000000,6.000000,3.000000,2.000000,70.000000,HarvestStat Africa v1.2,https://raw.githubusercontent.com/HarvestStat/HarvestStat-Africa/main/public/hvstat_africa_data_v1.2.csv,WFP HDX CHIRPS v2 dekadal indicators,https://data.humdata.org/dataset/ken-rainfall-subnational
Embu,KE014,-0.532830,37.664629,2013,26720.000000,26610.930000,0.995918,Annual,0,18.000000,553.351648,525.286081,5.342911,30.741758,47.439905,1.543175,5.000000,3.000000,8.000000,3.000000,70.000000,HarvestStat Africa v1.2,https://raw.githubusercontent.com/HarvestStat/HarvestStat-Africa/main/public/hvstat_africa_data_v1.2.csv,WFP HDX CHIRPS v2 dekadal indicators,https://data.humdata.org/dataset/ken-rainfall-subnational
Garissa,KE007,-0.520490,40.355590,2013,245.000000,198.720000,0.811102,Annual,0,18.000000,286.490720,240.279175,19.232438,15.916151,17.129885,1.076258,6.000000,1.000000,10.000000,7.000000,80.000000,HarvestStat Africa v1.2,https://raw.githubusercontent.com/HarvestStat/HarvestStat-Africa/main/public/hvstat_africa_data_v1.2.csv,WFP HDX CHIRPS v2 dekadal indicators,https://data.humdata.org/dataset/ken-rainfall-subnational
Homa Bay,KE043,-0.562403,34.314532,2013,79667.000000,124464.870000,1.562314,Annual,0,18.000000,799.834868,734.102143,8.954166,44.435270,36.838378,0.829035,13.000000,5.000000,1.000000,1.000000,60.000000,HarvestStat Africa v1.2,https://raw.githubusercontent.com/HarvestStat/HarvestStat-Africa/main/public/hvstat_africa_data_v1.2.csv,WFP HDX CHIRPS v2 dekadal indicators,https://data.humdata.org/dataset/ken-rainfall-subnational
Isiolo,KE011,1.006385,38.747651,2013,1385.000000,656.820000,0.474238,Annual,0,18.000000,249.972286,173.962088,43.693542,13.887349,24.156976,1.739495,3.000000,3.000000,14.000000,7.000000,80.000000,HarvestStat Africa v1.2,https://raw.githubusercontent.com/HarvestStat/HarvestStat-Africa/main/public/hvstat_africa_data_v1.2.csv,WFP HDX CHIRPS v2 dekadal indicators,https://data.humdata.org/dataset/ken-rainfall-subnational
Kajiado,KE034,-2.112369,36.777606,2013,31020.000000,73395.540000,2.366072,Annual,0,18.000000,437.817415,373.466385,17.230742,24.323190,30.470936,1.252752,7.000000,4.000000,11.000000,6.000000,70.000000,HarvestStat Africa v1.2,https://raw.githubusercontent.com/HarvestStat/HarvestStat-Africa/main/public/hvstat_africa_data_v1.2.csv,WFP HDX CHIRPS v2 dekadal indicators,https://data.humdata.org/dataset/ken-rainfall-subnational
Kakamega,KE037,0.497190,34.800929,2013,70993.000000,182397.150000,2.569227,Annual,0,18.000000,1000.178947,951.356143,5.131917,55.565497,44.365276,0.798432,14.000000,7.000000,3.000000,2.000000,60.000000,HarvestStat Africa v1.2,https://raw.githubusercontent.com/HarvestStat/HarvestStat-Africa/main/public/hvstat_africa_data_v1.2.csv,WFP HDX CHIRPS v2 dekadal indicators,https://data.humdata.org/dataset/ken-rainfall-subnational
Kericho,KE035,-0.316683,35.225997,2013,41041.000000,68912.730000,1.679119,Annual,0,18.000000,945.283582,795.027352,18.899505,52.515755,38.633430,0.735654,14.000000,8.000000,3.000000,2.000000,60.000000,HarvestStat Africa v1.2,https://raw.githubusercontent.com/HarvestStat/HarvestStat-Africa/main/public/hvstat_africa_data_v1.2.csv,WFP HDX CHIRPS v2 dekadal indicators,https://data.humdata.org/dataset/ken-rainfall-subnational
Kiambu,KE022,-1.034385,36.843216,2013,24450.000000,7383.960000,0.302002,Annual,0,18.000000,872.523824,695.396027,25.471500,48.473546,64.257941,1.325629,9.000000,5.000000,7.000000,3.000000,70.000000,HarvestStat Africa v1.2,https://raw.githubusercontent.com/HarvestStat/HarvestStat-Africa/main/public/hvstat_africa_data_v1.2.csv,WFP HDX CHIRPS v2 dekadal indicators,https://data.humdata.org/dataset/ken-rainfall-subnational
Kilifi,KE003,-3.152441,39.672708,2013,653.000000,300.060000,0.459510,Annual,0,18.000000,505.368811,488.607513,3.430422,28.076045,29.310947,1.043984,9.000000,2.000000,6.000000,6.000000,60.000000,HarvestStat Africa v1.2,https://raw.githubusercontent.com/HarvestStat/HarvestStat-Africa/main/public/hvstat_africa_data_v1.2.csv,WFP HDX CHIRPS v2 dekadal indicators,https://data.humdata.org/dataset/ken-rainfall-subnational
Kirinyaga,KE020,-0.467350,37.301902,2013,32992.000000,37182.870000,1.127027,Annual,0,18.000000,661.104175,646.759723,2.217895,36.728010,49.696546,1.353097,8.000000,4.000000,6.000000,3.000000,70.000000,HarvestStat Africa v1.2,https://raw.githubusercontent.com/HarvestStat/HarvestStat-Africa/main/public/hvstat_africa_data_v1.2.csv,WFP HDX CHIRPS v2 dekadal indicators,https://data.humdata.org/dataset/ken-rainfall-subnational
Kisii,KE045,-0.736677,34.753510,2013,62210.000000,119703.060000,1.924177,Annual,0,18.000000,995.974995,925.845013,7.574700,55.331944,42.733693,0.772315,14.000000,7.000000,0.000000,0.000000,60.000000,HarvestStat Africa v1.2,https://raw.githubusercontent.com/HarvestStat/HarvestStat-Africa/main/public/hvstat_africa_data_v1.2.csv,WFP HDX CHIRPS v2 dekadal indicators,https://data.humdata.org/dataset/ken-rainfall-subnational
Kisumu,KE042,-0.194380,34.777329,2013,27150.000000,54651.060000,2.012930,Annual,0,18.000000,884.347824,816.425122,8.319526,49.130435,37.712894,0.767608,13.000000,6.000000,2.000000,2.000000,60.000000,HarvestStat Africa v1.2,https://raw.githubusercontent.com/HarvestStat/HarvestStat-Africa/main/public/hvstat_africa_data_v1.2.csv,WFP HDX CHIRPS v2 dekadal indicators,https://data.humdata.org/dataset/ken-rainfall-subnational
Kitui,KE015,-1.560490,38.371810,2013,84763.000000,30584.880000,0.360828,Annual,0,18.000000,293.593780,272.434005,7.766936,16.310766,23.560719,1.444489,4.000000,3.000000,13.000000,7.000000,70.000000,HarvestStat Africa v1.2,https://raw.githubusercontent.com/HarvestStat/HarvestStat-Africa/main/public/hvstat_africa_data_v1.2.csv,WFP HDX CHIRPS v2 dekadal indicators,https://data.humdata.org/dataset/ken-rainfall-subnational
Kwale,KE002,-4.120591,39.066136,2013,34644.000000,31472.550000,0.908456,Annual,0,18.000000,538.565041,541.885007,-0.612670,29.920280,32.659590,1.091554,10.000000,3.000000,6.000000,6.000000,60.000000,HarvestStat Africa v1.2,https://raw.githubusercontent.com/HarvestStat/HarvestStat-Africa/main/public/hvstat_africa_data_v1.2.csv,WFP HDX CHIRPS v2 dekadal indicators,https://data.humdata.org/dataset/ken-rainfall-subnational
Laikipia,KE031,0.289134,36.825248,2013,6175.000000,6471.180000,1.047964,Annual,0,18.000000,437.913907,361.774838,21.045982,24.328550,25.706430,1.056636,6.000000,3.000000,7.000000,4.000000,80.000000,HarvestStat Africa v1.2,https://raw.githubusercontent.com/HarvestStat/HarvestStat-Africa/main/public/hvstat_africa_data_v1.2.csv,WFP HDX CHIRPS v2 dekadal indicators,https://data.humdata.org/dataset/ken-rainfall-subnational
Lamu,KE005,-2.063679,40.545830,2013,35261.000000,35550.000000,1.008196,Annual,0,18.000000,578.926108,534.602138,8.291020,32.162562,43.562216,1.354439,8.000000,2.000000,6.000000,6.000000,70.000000,HarvestStat Africa v1.2,https://raw.githubusercontent.com/HarvestStat/HarvestStat-Africa/main/public/hvstat_africa_data_v1.2.csv,WFP HDX CHIRPS v2 dekadal indicators,https://data.humdata.org/dataset/ken-rainfall-subnational
Machakos,KE016,-1.276237,37.394595,2013,139090.000000,62477.010000,0.449184,Annual,0,18.000000,460.596052,412.340392,11.702870,25.588670,35.465074,1.385968,6.000000,3.000000,11.000000,6.000000,70.000000,HarvestStat Africa v1.2,https://raw.githubusercontent.com/HarvestStat/HarvestStat-Africa/main/public/hvstat_africa_data_v1.2.csv,WFP HDX CHIRPS v2 dekadal indicators,https://data.humdata.org/dataset/ken-rainfall-subnational
Makueni,KE017,-2.253637,37.876663,2013,181089.000000,77439.780000,0.427634,Annual,0,18.000000,343.264594,334.183265,2.717470,19.070255,25.481135,1.336172,4.000000,3.000000,12.000000,6.000000,70.000000,HarvestStat Africa v1.2,https://raw.githubusercontent.com/HarvestStat/HarvestStat-Africa/main/public/hvstat_africa_data_v1.2.csv,WFP HDX CHIRPS v2 dekadal indicators,https://data.humdata.org/dataset/ken-rainfall-subnational
Mandera,KE009,3.230964,40.711346,2013,2682.000000,1608.660000,0.599799,Annual,0,18.000000,317.476253,189.924349,67.159321,17.637570,26.441761,1.499173,5.000000,3.000000,13.000000,7.000000,80.000000,HarvestStat Africa v1.2,https://raw.githubusercontent.com/HarvestStat/HarvestStat-Africa/main/public/hvstat_africa_data_v1.2.csv,WFP HDX CHIRPS v2 dekadal indicators,https://data.humdata.org/dataset/ken-rainfall-subnational
Marsabit,KE010,2.860480,37.714884,2013,1571.000000,1581.750000,1.006843,Annual,0,18.000000,288.314672,184.486778,56.279315,16.017482,25.048810,1.563842,3.000000,3.000000,13.000000,7.000000,80.000000,HarvestStat Africa v1.2,https://raw.githubusercontent.com/HarvestStat/HarvestStat-Africa/main/public/hvstat_africa_data_v1.2.csv,WFP HDX CHIRPS v2 dekadal indicators,https://data.humdata.org/dataset/ken-rainfall-subnational
Meru,KE012,0.229055,37.776111,2013,110489.000000,111955.410000,1.013272,Annual,0,18.000000,576.488990,524.441410,9.924384,32.027166,52.312997,1.633395,5.000000,3.000000,10.000000,6.000000,80.000000,HarvestStat Africa v1.2,https://raw.githubusercontent.com/HarvestStat/HarvestStat-Africa/main/public/hvstat_africa_data_v1.2.csv,WFP HDX CHIRPS v2 dekadal indicators,https://data.humdata.org/dataset/ken-rainfall-subnational
Migori,KE044,-1.018704,34.309173,2013,67485.000000,83702.520000,1.240313,Annual,0,18.000000,799.655166,753.103059,6.181373,44.425287,37.892789,0.852955,12.000000,5.000000,1.000000,1.000000,60.000000,HarvestStat Africa v1.2,https://raw.githubusercontent.com/HarvestStat/HarvestStat-Africa/main/public/hvstat_africa_data_v1.2.csv,WFP HDX CHIRPS v2 dekadal indicators,https://data.humdata.org/dataset/ken-rainfall-subnational
Mombasa,KE001,-3.990448,39.701130,2013,653.000000,337.590000,0.516983,Annual,0,18.000000,828.900000,734.479994,12.855354,46.050000,66.822620,1.451088,11.000000,5.000000,6.000000,6.000000,60.000000,HarvestStat Africa v1.2,https://raw.githubusercontent.com/HarvestStat/HarvestStat-Africa/main/public/hvstat_africa_data_v1.2.csv,WFP HDX CHIRPS v2 dekadal indicators,https://data.humdata.org/dataset/ken-rainfall-subnational
Murang'a,KE021,-0.828519,37.004173,2013,61543.000000,52266.060000,0.849261,Annual,0,18.000000,885.588234,695.837541,27.269396,49.199346,64.986892,1.320889,10.000000,5.000000,7.000000,3.000000,70.000000,HarvestStat Africa v1.2,https://raw.githubusercontent.com/HarvestStat/HarvestStat-Africa/main/public/hvstat_africa_data_v1.2.csv,WFP HDX CHIRPS v2 dekadal indicators,https://data.humdata.org/dataset/ken-rainfall-subnational
Nairobi,KE047,-1.300489,36.827926,2013,913.000000,739.800000,0.810296,Annual,0,18.000000,598.038467,505.110248,18.397611,33.224359,44.028198,1.325178,6.000000,3.000000,8.000000,3.000000,70.000000,HarvestStat Africa v1.2,https://raw.githubusercontent.com/HarvestStat/HarvestStat-Africa/main/public/hvstat_africa_data_v1.2.csv,WFP HDX CHIRPS v2 dekadal indicators,https://data.humdata.org/dataset/ken-rainfall-subnational
Nakuru,KE032,-0.458448,36.100384,2013,86504.000000,158914.260000,1.837074,Annual,0,18.000000,663.495803,535.090196,23.997002,36.860878,33.907388,0.919875,11.000000,5.000000,4.000000,2.000000,70.000000,HarvestStat Africa v1.2,https://raw.githubusercontent.com/HarvestStat/HarvestStat-Africa/main/public/hvstat_africa_data_v1.2.csv,WFP HDX CHIRPS v2 dekadal indicators,https://data.humdata.org/dataset/ken-rainfall-subnational
Nandi,KE029,0.227352,35.123876,2013,74045.000000,167219.190000,2.258345,Annual,0,18.000000,937.406595,819.099630,14.443538,52.078144,40.512594,0.777919,14.000000,8.000000,2.000000,2.000000,60.000000,HarvestStat Africa v1.2,https://raw.githubusercontent.com/HarvestStat/HarvestStat-Africa/main/public/hvstat_africa_data_v1.2.csv,WFP HDX CHIRPS v2 dekadal indicators,https://data.humdata.org/dataset/ken-rainfall-subnational
Narok,KE033,-1.279878,35.476358,2013,112079.000000,267768.720000,2.389107,Annual,0,18.000000,725.087480,591.197598,22.647230,40.282638,41.061895,1.019345,12.000000,4.000000,4.000000,2.000000,60.000000,HarvestStat Africa v1.2,https://raw.githubusercontent.com/HarvestStat/HarvestStat-Africa/main/public/hvstat_africa_data_v1.2.csv,WFP HDX CHIRPS v2 dekadal indicators,https://data.humdata.org/dataset/ken-rainfall-subnational
Nyamira,KE046,-0.649378,34.933398,2013,35549.000000,41115.240000,1.156579,Annual,0,18.000000,983.758600,912.716100,7.783636,54.653256,42.143528,0.771107,14.000000,7.000000,0.000000,0.000000,60.000000,HarvestStat Africa v1.2,https://raw.githubusercontent.com/HarvestStat/HarvestStat-Africa/main/public/hvstat_africa_data_v1.2.csv,WFP HDX CHIRPS v2 dekadal indicators,https://data.humdata.org/dataset/ken-rainfall-subnational
Nyandarua,KE018,-0.389093,36.497431,2013,10366.000000,13103.190000,1.264055,Annual,0,18.000000,746.722221,598.538580,24.757575,41.484568,41.265363,0.994716,11.000000,5.000000,5.000000,3.000000,70.000000,HarvestStat Africa v1.2,https://raw.githubusercontent.com/HarvestStat/HarvestStat-Africa/main/public/hvstat_africa_data_v1.2.csv,WFP HDX CHIRPS v2 dekadal indicators,https://data.humdata.org/dataset/ken-rainfall-subnational
Nyeri,KE019,-0.314375,36.930473,2013,61543.000000,44280.990000,0.719513,Annual,0,18.000000,703.072721,644.133946,9.150081,39.059596,42.790611,1.095521,10.000000,4.000000,5.000000,3.000000,70.000000,HarvestStat Africa v1.2,https://raw.githubusercontent.com/HarvestStat/HarvestStat-Africa/main/public/hvstat_africa_data_v1.2.csv,WFP HDX CHIRPS v2 dekadal indicators,https://data.humdata.org/dataset/ken-rainfall-subnational
Samburu,KE025,1.541373,36.941540,2013,1973.000000,2063.790000,1.046016,Annual,0,18.000000,387.776637,270.988171,43.097256,21.543147,30.996724,1.438821,5.000000,3.000000,12.000000,7.000000,70.000000,HarvestStat Africa v1.2,https://raw.githubusercontent.com/HarvestStat/HarvestStat-Africa/main/public/hvstat_africa_data_v1.2.csv,WFP HDX CHIRPS v2 dekadal indicators,https://data.humdata.org/dataset/ken-rainfall-subnational
Siaya,KE041,-0.057674,34.199887,2013,78132.000000,123562.260000,1.581455,Annual,0,18.000000,826.824995,811.195420,1.926734,45.934722,36.600428,0.796792,15.000000,6.000000,2.000000,1.000000,70.000000,HarvestStat Africa v1.2,https://raw.githubusercontent.com/HarvestStat/HarvestStat-Africa/main/public/hvstat_africa_data_v1.2.csv,WFP HDX CHIRPS v2 dekadal indicators,https://data.humdata.org/dataset/ken-rainfall-subnational
Taita Taveta,KE006,-3.405203,38.371760,2013,653.000000,822.780000,1.260000,Annual,0,18.000000,317.245989,310.607723,2.137186,17.624777,20.424760,1.158866,5.000000,3.000000,11.000000,6.000000,70.000000,HarvestStat Africa v1.2,https://raw.githubusercontent.com/HarvestStat/HarvestStat-Africa/main/public/hvstat_africa_data_v1.2.csv,WFP HDX CHIRPS v2 dekadal indicators,https://data.humdata.org/dataset/ken-rainfall-subnational
Tana River,KE004,-1.534918,39.550288,2013,9582.000000,11390.490000,1.188738,Annual,0,18.000000,223.217810,192.080568,16.210511,12.400989,13.127320,1.058570,4.000000,0.000000,12.000000,6.000000,70.000000,HarvestStat Africa v1.2,https://raw.githubusercontent.com/HarvestStat/HarvestStat-Africa/main/public/hvstat_africa_data_v1.2.csv,WFP HDX CHIRPS v2 dekadal indicators,https://data.humdata.org/dataset/ken-rainfall-subnational
Tharaka-Nithi,KE013,-0.191445,37.960417,2013,29916.000000,25471.260000,0.851426,Annual,0,18.000000,561.595241,547.091662,2.651033,31.199736,53.813303,1.724800,4.000000,3.000000,11.000000,7.000000,80.000000,HarvestStat Africa v1.2,https://raw.githubusercontent.com/HarvestStat/HarvestStat-Africa/main/public/hvstat_africa_data_v1.2.csv,WFP HDX CHIRPS v2 dekadal indicators,https://data.humdata.org/dataset/ken-rainfall-subnational
Trans Nzoia,KE026,1.045915,34.980778,2013,106778.000000,451348.200000,4.226977,Annual,0,18.000000,762.784819,634.237966,20.267921,42.376934,36.150393,0.853068,12.000000,6.000000,3.000000,2.000000,70.000000,HarvestStat Africa v1.2,https://raw.githubusercontent.com/HarvestStat/HarvestStat-Africa/main/public/hvstat_africa_data_v1.2.csv,WFP HDX CHIRPS v2 dekadal indicators,https://data.humdata.org/dataset/ken-rainfall-subnational
Turkana,KE023,3.162488,35.313492,2013,1310.000000,2153.520000,1.643908,Annual,0,18.000000,215.240725,172.177661,25.010831,11.957818,13.293867,1.111730,4.000000,0.000000,11.000000,7.000000,80.000000,HarvestStat Africa v1.2,https://raw.githubusercontent.com/HarvestStat/HarvestStat-Africa/main/public/hvstat_africa_data_v1.2.csv,WFP HDX CHIRPS v2 dekadal indicators,https://data.humdata.org/dataset/ken-rainfall-subnational
Uasin Gishu,KE027,0.478188,35.303799,2013,96654.000000,380226.690000,3.933895,Annual,0,18.000000,755.567559,606.721928,24.532759,41.975975,35.506394,0.845874,10.000000,7.000000,4.000000,2.000000,70.000000,HarvestStat Africa v1.2,https://raw.githubusercontent.com/HarvestStat/HarvestStat-Africa/main/public/hvstat_africa_data_v1.2.csv,WFP HDX CHIRPS v2 dekadal indicators,https://data.humdata.org/dataset/ken-rainfall-subnational
Vihiga,KE038,0.084857,34.707784,2013,23772.000000,36605.070000,1.539840,Annual,0,18.000000,1025.263158,1006.033351,1.911448,56.959064,44.319667,0.778097,14.000000,6.000000,2.000000,1.000000,60.000000,HarvestStat Africa v1.2,https://raw.githubusercontent.com/HarvestStat/HarvestStat-Africa/main/public/hvstat_africa_data_v1.2.csv,WFP HDX CHIRPS v2 dekadal indicators,https://data.humdata.org/dataset/ken-rainfall-subnational
Wajir,KE008,1.939715,40.024507,2013,660.000000,111.690000,0.169227,Annual,0,18.000000,301.524612,193.539230,55.795087,16.751367,25.860359,1.543776,4.000000,3.000000,13.000000,7.000000,80.000000,HarvestStat Africa v1.2,https://raw.githubusercontent.com/HarvestStat/HarvestStat-Africa/main/public/hvstat_africa_data_v1.2.csv,WFP HDX CHIRPS v2 dekadal indicators,https://data.humdata.org/dataset/ken-rainfall-subnational
West Pokot,KE024,1.893374,35.212768,2013,19748.000000,46341.270000,2.346631,Annual,0,18.000000,549.166665,443.095810,23.938582,30.509259,31.262123,1.024677,7.000000,4.000000,5.000000,3.000000,70.000000,HarvestStat Africa v1.2,https://raw.githubusercontent.com/HarvestStat/HarvestStat-Africa/main/public/hvstat_africa_data_v1.2.csv,WFP HDX CHIRPS v2 dekadal indicators,https://data.humdata.org/dataset/ken-rainfall-subnational
Baringo,KE030,0.726352,36.018591,2014,44159.000000,83313.000000,1.886660,Annual,0,18.000000,322.145298,465.744538,-30.832190,17.896961,13.995447,0.782001,9.000000,1.000000,8.000000,4.000000,70.000000,HarvestStat Africa v1.2,https://raw.githubusercontent.com/HarvestStat/HarvestStat-Africa/main/public/hvstat_africa_data_v1.2.csv,WFP HDX CHIRPS v2 dekadal indicators,https://data.humdata.org/dataset/ken-rainfall-subnational
Bomet,KE036,-0.716095,35.238459,2014,35727.000000,38720.000000,1.083774,Annual,0,18.000000,725.263158,842.724213,-13.938256,40.292398,23.059851,0.572313,13.000000,8.000000,2.000000,1.000000,70.000000,HarvestStat Africa v1.2,https://raw.githubusercontent.com/HarvestStat/HarvestStat-Africa/main/public/hvstat_africa_data_v1.2.csv,WFP HDX CHIRPS v2 dekadal indicators,https://data.humdata.org/dataset/ken-rainfall-subnational
Bungoma,KE039,0.785694,34.718757,2014,97397.000000,260266.000000,2.672218,Annual,0,18.000000,815.729993,854.742337,-4.564223,45.318333,34.196174,0.754577,13.000000,8.000000,2.000000,1.000000,70.000000,HarvestStat Africa v1.2,https://raw.githubusercontent.com/HarvestStat/HarvestStat-Africa/main/public/hvstat_africa_data_v1.2.csv,WFP HDX CHIRPS v2 dekadal indicators,https://data.humdata.org/dataset/ken-rainfall-subnational
Busia,KE040,0.375707,34.265111,2014,50781.000000,86526.000000,1.703905,Annual,0,18.000000,898.903846,900.425645,-0.169009,49.939103,34.169448,0.684222,14.000000,7.000000,2.000000,1.000000,70.000000,HarvestStat Africa v1.2,https://raw.githubusercontent.com/HarvestStat/HarvestStat-Africa/main/public/hvstat_africa_data_v1.2.csv,WFP HDX CHIRPS v2 dekadal indicators,https://data.humdata.org/dataset/ken-rainfall-subnational
Elgeyo-Marakwet,KE028,0.745102,35.560856,2014,33598.000000,78020.000000,2.322162,Annual,0,18.000000,441.040404,657.566659,-32.928411,24.502245,18.683836,0.762536,9.000000,2.000000,6.000000,4.000000,70.000000,HarvestStat Africa v1.2,https://raw.githubusercontent.com/HarvestStat/HarvestStat-Africa/main/public/hvstat_africa_data_v1.2.csv,WFP HDX CHIRPS v2 dekadal indicators,https://data.humdata.org/dataset/ken-rainfall-subnational
Embu,KE014,-0.532830,37.664629,2014,38699.000000,49156.000000,1.270214,Annual,0,18.000000,447.263732,525.286081,-14.853306,24.847985,27.982102,1.126132,7.000000,3.000000,7.000000,3.000000,70.000000,HarvestStat Africa v1.2,https://raw.githubusercontent.com/HarvestStat/HarvestStat-Africa/main/public/hvstat_africa_data_v1.2.csv,WFP HDX CHIRPS v2 dekadal indicators,https://data.humdata.org/dataset/ken-rainfall-subnational
Garissa,KE007,-0.520490,40.355590,2014,248.000000,216.000000,0.870968,Annual,0,18.000000,284.726453,240.279175,18.498181,15.818136,18.027405,1.139667,6.000000,1.000000,9.000000,7.000000,91.000000,HarvestStat Africa v1.2,https://raw.githubusercontent.com/HarvestStat/HarvestStat-Africa/main/public/hvstat_africa_data_v1.2.csv,WFP HDX CHIRPS v2 dekadal indicators,https://data.humdata.org/dataset/ken-rainfall-subnational
Homa Bay,KE043,-0.562403,34.314532,2014,83900.000000,137958.000000,1.644315,Annual,0,18.000000,676.642195,734.102143,-7.827241,37.591233,20.769450,0.552508,15.000000,7.000000,2.000000,1.000000,70.000000,HarvestStat Africa v1.2,https://raw.githubusercontent.com/HarvestStat/HarvestStat-Africa/main/public/hvstat_africa_data_v1.2.csv,WFP HDX CHIRPS v2 dekadal indicators,https://data.humdata.org/dataset/ken-rainfall-subnational
Isiolo,KE011,1.006385,38.747651,2014,1017.000000,1231.000000,1.210423,Annual,0,18.000000,179.338553,173.962088,3.090596,9.963253,17.767836,1.783337,3.000000,2.000000,14.000000,7.000000,70.000000,HarvestStat Africa v1.2,https://raw.githubusercontent.com/HarvestStat/HarvestStat-Africa/main/public/hvstat_africa_data_v1.2.csv,WFP HDX CHIRPS v2 dekadal indicators,https://data.humdata.org/dataset/ken-rainfall-subnational
Kajiado,KE034,-2.112369,36.777606,2014,38055.000000,20004.000000,0.525660,Annual,0,18.000000,292.307591,373.466385,-21.731218,16.239311,20.099134,1.237684,5.000000,1.000000,10.000000,5.000000,70.000000,HarvestStat Africa v1.2,https://raw.githubusercontent.com/HarvestStat/HarvestStat-Africa/main/public/hvstat_africa_data_v1.2.csv,WFP HDX CHIRPS v2 dekadal indicators,https://data.humdata.org/dataset/ken-rainfall-subnational
Kakamega,KE037,0.497190,34.800929,2014,78271.000000,224225.000000,2.864726,Annual,0,18.000000,933.021042,951.356143,-1.927259,51.834502,39.451475,0.761105,15.000000,8.000000,2.000000,1.000000,70.000000,HarvestStat Africa v1.2,https://raw.githubusercontent.com/HarvestStat/HarvestStat-Africa/main/public/hvstat_africa_data_v1.2.csv,WFP HDX CHIRPS v2 dekadal indicators,https://data.humdata.org/dataset/ken-rainfall-subnational
Kericho,KE035,-0.316683,35.225997,2014,39602.000000,85698.000000,2.163982,Annual,0,18.000000,682.850757,795.027352,-14.109778,37.936153,24.251354,0.639268,11.000000,7.000000,3.000000,1.000000,70.000000,HarvestStat Africa v1.2,https://raw.githubusercontent.com/HarvestStat/HarvestStat-Africa/main/public/hvstat_africa_data_v1.2.csv,WFP HDX CHIRPS v2 dekadal indicators,https://data.humdata.org/dataset/ken-rainfall-subnational
Kiambu,KE022,-1.034385,36.843216,2014,33357.000000,42846.000000,1.284468,Annual,0,18.000000,540.357136,695.396027,-22.295050,30.019841,26.423851,0.880213,11.000000,2.000000,5.000000,3.000000,70.000000,HarvestStat Africa v1.2,https://raw.githubusercontent.com/HarvestStat/HarvestStat-Africa/main/public/hvstat_africa_data_v1.2.csv,WFP HDX CHIRPS v2 dekadal indicators,https://data.humdata.org/dataset/ken-rainfall-subnational
Kilifi,KE003,-3.152441,39.672708,2014,88592.000000,103830.000000,1.172002,Annual,0,18.000000,492.898515,488.607513,0.878210,27.383251,23.877957,0.871991,10.000000,2.000000,6.000000,6.000000,60.000000,HarvestStat Africa v1.2,https://raw.githubusercontent.com/HarvestStat/HarvestStat-Africa/main/public/hvstat_africa_data_v1.2.csv,WFP HDX CHIRPS v2 dekadal indicators,https://data.humdata.org/dataset/ken-rainfall-subnational
Kirinyaga,KE020,-0.467350,37.301902,2014,38181.000000,58896.000000,1.542547,Annual,0,18.000000,562.229172,646.759723,-13.069854,31.234954,26.256152,0.840602,13.000000,3.000000,5.000000,3.000000,70.000000,HarvestStat Africa v1.2,https://raw.githubusercontent.com/HarvestStat/HarvestStat-Africa/main/public/hvstat_africa_data_v1.2.csv,WFP HDX CHIRPS v2 dekadal indicators,https://data.humdata.org/dataset/ken-rainfall-subnational
Kisii,KE045,-0.736677,34.753510,2014,76160.000000,100231.000000,1.316058,Annual,0,18.000000,845.124998,925.845013,-8.718523,46.951389,24.089594,0.513075,14.000000,10.000000,1.000000,1.000000,70.000000,HarvestStat Africa v1.2,https://raw.githubusercontent.com/HarvestStat/HarvestStat-Africa/main/public/hvstat_africa_data_v1.2.csv,WFP HDX CHIRPS v2 dekadal indicators,https://data.humdata.org/dataset/ken-rainfall-subnational
Kisumu,KE042,-0.194380,34.777329,2014,34564.000000,41699.000000,1.206429,Annual,0,18.000000,772.782611,816.425122,-5.345562,42.932367,27.653167,0.644110,13.000000,7.000000,2.000000,1.000000,70.000000,HarvestStat Africa v1.2,https://raw.githubusercontent.com/HarvestStat/HarvestStat-Africa/main/public/hvstat_africa_data_v1.2.csv,WFP HDX CHIRPS v2 dekadal indicators,https://data.humdata.org/dataset/ken-rainfall-subnational
Kitui,KE015,-1.560490,38.371810,2014,88840.000000,48470.000000,0.545588,Annual,0,18.000000,248.185557,272.434005,-8.900668,13.788087,20.158758,1.462042,4.000000,1.000000,13.000000,7.000000,70.000000,HarvestStat Africa v1.2,https://raw.githubusercontent.com/HarvestStat/HarvestStat-Africa/main/public/hvstat_africa_data_v1.2.csv,WFP HDX CHIRPS v2 dekadal indicators,https://data.humdata.org/dataset/ken-rainfall-subnational
Kwale,KE002,-4.120591,39.066136,2014,62675.000000,77693.000000,1.239617,Annual,0,18.000000,590.215619,541.885007,8.918979,32.789757,29.465047,0.898605,10.000000,4.000000,5.000000,3.000000,60.000000,HarvestStat Africa v1.2,https://raw.githubusercontent.com/HarvestStat/HarvestStat-Africa/main/public/hvstat_africa_data_v1.2.csv,WFP HDX CHIRPS v2 dekadal indicators,https://data.humdata.org/dataset/ken-rainfall-subnational
Laikipia,KE031,0.289134,36.825248,2014,30616.000000,42554.000000,1.389927,Annual,0,18.000000,318.023182,361.774838,-12.093615,17.667955,14.587358,0.825639,6.000000,1.000000,6.000000,3.000000,70.000000,HarvestStat Africa v1.2,https://raw.githubusercontent.com/HarvestStat/HarvestStat-Africa/main/public/hvstat_africa_data_v1.2.csv,WFP HDX CHIRPS v2 dekadal indicators,https://data.humdata.org/dataset/ken-rainfall-subnational
Lamu,KE005,-2.063679,40.545830,2014,21606.000000,46129.000000,2.135009,Annual,0,18.000000,714.211825,534.602138,33.596889,39.678435,53.911882,1.358720,9.000000,4.000000,7.000000,7.000000,91.000000,HarvestStat Africa v1.2,https://raw.githubusercontent.com/HarvestStat/HarvestStat-Africa/main/public/hvstat_africa_data_v1.2.csv,WFP HDX CHIRPS v2 dekadal indicators,https://data.humdata.org/dataset/ken-rainfall-subnational
Machakos,KE016,-1.276237,37.394595,2014,125652.000000,121682.000000,0.968405,Annual,0,18.000000,349.256161,412.340392,-15.299067,19.403120,26.379362,1.359542,6.000000,1.000000,8.000000,3.000000,70.000000,HarvestStat Africa v1.2,https://raw.githubusercontent.com/HarvestStat/HarvestStat-Africa/main/public/hvstat_africa_data_v1.2.csv,WFP HDX CHIRPS v2 dekadal indicators,https://data.humdata.org/dataset/ken-rainfall-subnational
Makueni,KE017,-2.253637,37.876663,2014,129854.000000,131812.000000,1.015078,Annual,0,18.000000,262.389104,334.183265,-21.483470,14.577172,19.329068,1.325982,5.000000,1.000000,11.000000,6.000000,70.000000,HarvestStat Africa v1.2,https://raw.githubusercontent.com/HarvestStat/HarvestStat-Africa/main/public/hvstat_africa_data_v1.2.csv,WFP HDX CHIRPS v2 dekadal indicators,https://data.humdata.org/dataset/ken-rainfall-subnational
Mandera,KE009,3.230964,40.711346,2014,788.000000,278.000000,0.352792,Annual,0,18.000000,188.251782,189.924349,-0.880649,10.458432,12.519425,1.197065,3.000000,0.000000,10.000000,7.000000,91.000000,HarvestStat Africa v1.2,https://raw.githubusercontent.com/HarvestStat/HarvestStat-Africa/main/public/hvstat_africa_data_v1.2.csv,WFP HDX CHIRPS v2 dekadal indicators,https://data.humdata.org/dataset/ken-rainfall-subnational
Marsabit,KE010,2.860480,37.714884,2014,631.000000,646.000000,1.023772,Annual,0,18.000000,162.523434,184.486778,-11.905105,9.029080,10.789489,1.194971,2.000000,0.000000,13.000000,7.000000,70.000000,HarvestStat Africa v1.2,https://raw.githubusercontent.com/HarvestStat/HarvestStat-Africa/main/public/hvstat_africa_data_v1.2.csv,WFP HDX CHIRPS v2 dekadal indicators,https://data.humdata.org/dataset/ken-rainfall-subnational
Meru,KE012,0.229055,37.776111,2014,91106.000000,106046.000000,1.163985,Annual,0,18.000000,424.638768,524.441410,-19.030275,23.591043,29.658174,1.257179,6.000000,3.000000,8.000000,3.000000,70.000000,HarvestStat Africa v1.2,https://raw.githubusercontent.com/HarvestStat/HarvestStat-Africa/main/public/hvstat_africa_data_v1.2.csv,WFP HDX CHIRPS v2 dekadal indicators,https://data.humdata.org/dataset/ken-rainfall-subnational
Migori,KE044,-1.018704,34.309173,2014,65583.000000,149296.000000,2.276444,Annual,0,18.000000,658.149421,753.103059,-12.608319,36.563857,18.815771,0.514600,14.000000,6.000000,2.000000,1.000000,70.000000,HarvestStat Africa v1.2,https://raw.githubusercontent.com/HarvestStat/HarvestStat-Africa/main/public/hvstat_africa_data_v1.2.csv,WFP HDX CHIRPS v2 dekadal indicators,https://data.humdata.org/dataset/ken-rainfall-subnational
Mombasa,KE001,-3.990448,39.701130,2014,672.000000,522.000000,0.776786,Annual,0,18.000000,662.900000,734.479994,-9.745670,36.827778,41.441536,1.125279,10.000000,4.000000,6.000000,6.000000,60.000000,HarvestStat Africa v1.2,https://raw.githubusercontent.com/HarvestStat/HarvestStat-Africa/main/public/hvstat_africa_data_v1.2.csv,WFP HDX CHIRPS v2 dekadal indicators,https://data.humdata.org/dataset/ken-rainfall-subnational
Murang'a,KE021,-0.828519,37.004173,2014,64484.000000,71149.000000,1.103359,Annual,0,18.000000,532.873955,695.837541,-23.419775,29.604109,26.498161,0.895084,11.000000,1.000000,5.000000,3.000000,70.000000,HarvestStat Africa v1.2,https://raw.githubusercontent.com/HarvestStat/HarvestStat-Africa/main/public/hvstat_africa_data_v1.2.csv,WFP HDX CHIRPS v2 dekadal indicators,https://data.humdata.org/dataset/ken-rainfall-subnational
Nairobi,KE047,-1.300489,36.827926,2014,919.000000,1157.000000,1.258977,Annual,0,18.000000,385.923076,505.110248,-23.596269,21.440171,23.617501,1.101554,7.000000,1.000000,6.000000,3.000000,70.000000,HarvestStat Africa v1.2,https://raw.githubusercontent.com/HarvestStat/HarvestStat-Africa/main/public/hvstat_africa_data_v1.2.csv,WFP HDX CHIRPS v2 dekadal indicators,https://data.humdata.org/dataset/ken-rainfall-subnational
Nakuru,KE032,-0.458448,36.100384,2014,73191.000000,114687.000000,1.566955,Annual,0,18.000000,449.978991,535.090196,-15.905955,24.998833,16.718049,0.668753,11.000000,2.000000,4.000000,2.000000,70.000000,HarvestStat Africa v1.2,https://raw.githubusercontent.com/HarvestStat/HarvestStat-Africa/main/public/hvstat_africa_data_v1.2.csv,WFP HDX CHIRPS v2 dekadal indicators,https://data.humdata.org/dataset/ken-rainfall-subnational
Nandi,KE029,0.227352,35.123876,2014,67593.000000,189229.000000,2.799535,Annual,0,18.000000,741.505497,819.099630,-9.473101,41.194750,28.918482,0.701994,12.000000,8.000000,3.000000,1.000000,70.000000,HarvestStat Africa v1.2,https://raw.githubusercontent.com/HarvestStat/HarvestStat-Africa/main/public/hvstat_africa_data_v1.2.csv,WFP HDX CHIRPS v2 dekadal indicators,https://data.humdata.org/dataset/ken-rainfall-subnational
Narok,KE033,-1.279878,35.476358,2014,124999.000000,201348.000000,1.610797,Annual,0,18.000000,502.744426,591.197598,-14.961693,27.930246,19.435849,0.695871,11.000000,2.000000,4.000000,2.000000,70.000000,HarvestStat Africa v1.2,https://raw.githubusercontent.com/HarvestStat/HarvestStat-Africa/main/public/hvstat_africa_data_v1.2.csv,WFP HDX CHIRPS v2 dekadal indicators,https://data.humdata.org/dataset/ken-rainfall-subnational
Nyamira,KE046,-0.649378,34.933398,2014,40989.000000,61547.000000,1.501549,Annual,0,18.000000,821.000000,912.716100,-10.048700,45.611111,24.057797,0.527455,15.000000,10.000000,2.000000,1.000000,70.000000,HarvestStat Africa v1.2,https://raw.githubusercontent.com/HarvestStat/HarvestStat-Africa/main/public/hvstat_africa_data_v1.2.csv,WFP HDX CHIRPS v2 dekadal indicators,https://data.humdata.org/dataset/ken-rainfall-subnational
Nyandarua,KE018,-0.389093,36.497431,2014,14477.000000,14117.000000,0.975133,Annual,0,18.000000,519.925921,598.538580,-13.134101,28.884773,22.018850,0.762300,13.000000,2.000000,5.000000,3.000000,70.000000,HarvestStat Africa v1.2,https://raw.githubusercontent.com/HarvestStat/HarvestStat-Africa/main/public/hvstat_africa_data_v1.2.csv,WFP HDX CHIRPS v2 dekadal indicators,https://data.humdata.org/dataset/ken-rainfall-subnational
Nyeri,KE019,-0.314375,36.930473,2014,29054.000000,38404.000000,1.321815,Annual,0,18.000000,592.563643,644.133946,-8.006146,32.920202,25.723299,0.781383,13.000000,3.000000,5.000000,3.000000,70.000000,HarvestStat Africa v1.2,https://raw.githubusercontent.com/HarvestStat/HarvestStat-Africa/main/public/hvstat_africa_data_v1.2.csv,WFP HDX CHIRPS v2 dekadal indicators,https://data.humdata.org/dataset/ken-rainfall-subnational
Samburu,KE025,1.541373,36.941540,2014,7740.000000,724.000000,0.093540,Annual,0,18.000000,244.302188,270.988171,-9.847656,13.572344,16.702794,1.230649,4.000000,1.000000,12.000000,7.000000,70.000000,HarvestStat Africa v1.2,https://raw.githubusercontent.com/HarvestStat/HarvestStat-Africa/main/public/hvstat_africa_data_v1.2.csv,WFP HDX CHIRPS v2 dekadal indicators,https://data.humdata.org/dataset/ken-rainfall-subnational
Siaya,KE041,-0.057674,34.199887,2014,79036.000000,129139.000000,1.633926,Annual,0,18.000000,796.437500,811.195420,-1.819280,44.246528,30.558357,0.690639,14.000000,7.000000,3.000000,1.000000,70.000000,HarvestStat Africa v1.2,https://raw.githubusercontent.com/HarvestStat/HarvestStat-Africa/main/public/hvstat_africa_data_v1.2.csv,WFP HDX CHIRPS v2 dekadal indicators,https://data.humdata.org/dataset/ken-rainfall-subnational
Taita Taveta,KE006,-3.405203,38.371760,2014,16623.000000,12292.000000,0.739457,Annual,0,18.000000,300.950092,310.607723,-3.109269,16.719450,17.748271,1.061534,5.000000,2.000000,8.000000,4.000000,70.000000,HarvestStat Africa v1.2,https://raw.githubusercontent.com/HarvestStat/HarvestStat-Africa/main/public/hvstat_africa_data_v1.2.csv,WFP HDX CHIRPS v2 dekadal indicators,https://data.humdata.org/dataset/ken-rainfall-subnational
Tana River,KE004,-1.534918,39.550288,2014,4598.000000,5408.000000,1.176164,Annual,0,18.000000,222.333605,192.080568,15.750181,12.351867,14.016241,1.134747,4.000000,1.000000,10.000000,7.000000,70.000000,HarvestStat Africa v1.2,https://raw.githubusercontent.com/HarvestStat/HarvestStat-Africa/main/public/hvstat_africa_data_v1.2.csv,WFP HDX CHIRPS v2 dekadal indicators,https://data.humdata.org/dataset/ken-rainfall-subnational
Tharaka-Nithi,KE013,-0.191445,37.960417,2014,30985.000000,42938.000000,1.385767,Annual,0,18.000000,415.964289,547.091662,-23.968081,23.109127,28.687656,1.241399,6.000000,3.000000,9.000000,3.000000,70.000000,HarvestStat Africa v1.2,https://raw.githubusercontent.com/HarvestStat/HarvestStat-Africa/main/public/hvstat_africa_data_v1.2.csv,WFP HDX CHIRPS v2 dekadal indicators,https://data.humdata.org/dataset/ken-rainfall-subnational
Trans Nzoia,KE026,1.045915,34.980778,2014,106800.000000,413415.000000,3.870927,Annual,0,18.000000,505.556967,634.237966,-20.289072,28.086498,23.015416,0.819448,9.000000,4.000000,6.000000,4.000000,70.000000,HarvestStat Africa v1.2,https://raw.githubusercontent.com/HarvestStat/HarvestStat-Africa/main/public/hvstat_africa_data_v1.2.csv,WFP HDX CHIRPS v2 dekadal indicators,https://data.humdata.org/dataset/ken-rainfall-subnational
Turkana,KE023,3.162488,35.313492,2014,3842.000000,2428.000000,0.631963,Annual,0,18.000000,118.802757,172.177661,-30.999901,6.600153,7.997725,1.211748,1.000000,0.000000,15.000000,8.000000,70.000000,HarvestStat Africa v1.2,https://raw.githubusercontent.com/HarvestStat/HarvestStat-Africa/main/public/hvstat_africa_data_v1.2.csv,WFP HDX CHIRPS v2 dekadal indicators,https://data.humdata.org/dataset/ken-rainfall-subnational
Uasin Gishu,KE027,0.478188,35.303799,2014,104078.000000,405121.000000,3.892475,Annual,0,18.000000,462.594594,606.721928,-23.755089,25.699700,18.696912,0.727515,9.000000,2.000000,6.000000,4.000000,70.000000,HarvestStat Africa v1.2,https://raw.githubusercontent.com/HarvestStat/HarvestStat-Africa/main/public/hvstat_africa_data_v1.2.csv,WFP HDX CHIRPS v2 dekadal indicators,https://data.humdata.org/dataset/ken-rainfall-subnational
Vihiga,KE038,0.084857,34.707784,2014,35105.000000,43927.000000,1.251303,Annual,0,18.000000,986.052623,1006.033351,-1.986090,54.780701,39.018771,0.712272,14.000000,9.000000,2.000000,1.000000,70.000000,HarvestStat Africa v1.2,https://raw.githubusercontent.com/HarvestStat/HarvestStat-Africa/main/public/hvstat_africa_data_v1.2.csv,WFP HDX CHIRPS v2 dekadal indicators,https://data.humdata.org/dataset/ken-rainfall-subnational
Wajir,KE008,1.939715,40.024507,2014,84.000000,38.000000,0.452381,Annual,0,18.000000,213.771762,193.539230,10.453970,11.876209,19.833842,1.670048,2.000000,1.000000,10.000000,7.000000,91.000000,HarvestStat Africa v1.2,https://raw.githubusercontent.com/HarvestStat/HarvestStat-Africa/main/public/hvstat_africa_data_v1.2.csv,WFP HDX CHIRPS v2 dekadal indicators,https://data.humdata.org/dataset/ken-rainfall-subnational
West Pokot,KE024,1.893374,35.212768,2014,33124.000000,60251.000000,1.818953,Annual,0,18.000000,247.034014,443.095810,-44.248172,13.724112,12.183914,0.887774,5.000000,0.000000,9.000000,7.000000,70.000000,HarvestStat Africa v1.2,https://raw.githubusercontent.com/HarvestStat/HarvestStat-Africa/main/public/hvstat_africa_data_v1.2.csv,WFP HDX CHIRPS v2 dekadal indicators,https://data.humdata.org/dataset/ken-rainfall-subnational
Baringo,KE030,0.726352,36.018591,2015,33163.000000,72495.000000,2.186021,Annual,0,18.000000,390.111106,465.744538,-16.239253,21.672839,21.743954,1.003281,8.000000,1.000000,7.000000,4.000000,91.000000,HarvestStat Africa v1.2,https://raw.githubusercontent.com/HarvestStat/HarvestStat-Africa/main/public/hvstat_africa_data_v1.2.csv,WFP HDX CHIRPS v2 dekadal indicators,https://data.humdata.org/dataset/ken-rainfall-subnational
Bomet,KE036,-0.716095,35.238459,2015,32275.000000,45517.000000,1.410287,Annual,0,18.000000,915.642112,842.724213,8.652641,50.869006,43.297403,0.851155,10.000000,9.000000,6.000000,4.000000,80.000000,HarvestStat Africa v1.2,https://raw.githubusercontent.com/HarvestStat/HarvestStat-Africa/main/public/hvstat_africa_data_v1.2.csv,WFP HDX CHIRPS v2 dekadal indicators,https://data.humdata.org/dataset/ken-rainfall-subnational
Bungoma,KE039,0.785694,34.718757,2015,100712.000000,301068.000000,2.989396,Annual,0,18.000000,813.960004,854.742337,-4.771301,45.220000,44.510458,0.984309,10.000000,8.000000,7.000000,4.000000,80.000000,HarvestStat Africa v1.2,https://raw.githubusercontent.com/HarvestStat/HarvestStat-Africa/main/public/hvstat_africa_data_v1.2.csv,WFP HDX CHIRPS v2 dekadal indicators,https://data.humdata.org/dataset/ken-rainfall-subnational
Busia,KE040,0.375707,34.265111,2015,38441.000000,36631.000000,0.952915,Annual,0,18.000000,925.923078,900.425645,2.831709,51.440171,46.470180,0.903383,11.000000,9.000000,7.000000,4.000000,80.000000,HarvestStat Africa v1.2,https://raw.githubusercontent.com/HarvestStat/HarvestStat-Africa/main/public/hvstat_africa_data_v1.2.csv,WFP HDX CHIRPS v2 dekadal indicators,https://data.humdata.org/dataset/ken-rainfall-subnational
Elgeyo-Marakwet,KE028,0.745102,35.560856,2015,33315.000000,75005.000000,2.251388,Annual,0,18.000000,549.131309,657.566659,-16.490397,30.507295,32.124302,1.053004,8.000000,4.000000,7.000000,4.000000,91.000000,HarvestStat Africa v1.2,https://raw.githubusercontent.com/HarvestStat/HarvestStat-Africa/main/public/hvstat_africa_data_v1.2.csv,WFP HDX CHIRPS v2 dekadal indicators,https://data.humdata.org/dataset/ken-rainfall-subnational
Embu,KE014,-0.532830,37.664629,2015,24686.000000,16104.000000,0.652354,Annual,0,18.000000,560.142855,525.286081,6.635770,31.119048,45.373214,1.458053,7.000000,3.000000,10.000000,4.000000,80.000000,HarvestStat Africa v1.2,https://raw.githubusercontent.com/HarvestStat/HarvestStat-Africa/main/public/hvstat_africa_data_v1.2.csv,WFP HDX CHIRPS v2 dekadal indicators,https://data.humdata.org/dataset/ken-rainfall-subnational
Garissa,KE007,-0.520490,40.355590,2015,167.000000,152.000000,0.910180,Annual,0,18.000000,277.904465,240.279175,15.658989,15.439137,18.365264,1.189527,5.000000,1.000000,12.000000,8.000000,80.000000,HarvestStat Africa v1.2,https://raw.githubusercontent.com/HarvestStat/HarvestStat-Africa/main/public/hvstat_africa_data_v1.2.csv,WFP HDX CHIRPS v2 dekadal indicators,https://data.humdata.org/dataset/ken-rainfall-subnational
Homa Bay,KE043,-0.562403,34.314532,2015,61940.000000,71446.000000,1.153471,Annual,0,18.000000,768.073396,734.102143,4.627592,42.670744,36.051485,0.844876,11.000000,8.000000,6.000000,4.000000,80.000000,HarvestStat Africa v1.2,https://raw.githubusercontent.com/HarvestStat/HarvestStat-Africa/main/public/hvstat_africa_data_v1.2.csv,WFP HDX CHIRPS v2 dekadal indicators,https://data.humdata.org/dataset/ken-rainfall-subnational
Isiolo,KE011,1.006385,38.747651,2015,708.000000,475.000000,0.670904,Annual,0,18.000000,191.996387,173.962088,10.366799,10.666466,16.557158,1.552263,4.000000,1.000000,14.000000,8.000000,80.000000,HarvestStat Africa v1.2,https://raw.githubusercontent.com/HarvestStat/HarvestStat-Africa/main/public/hvstat_africa_data_v1.2.csv,WFP HDX CHIRPS v2 dekadal indicators,https://data.humdata.org/dataset/ken-rainfall-subnational
Kajiado,KE034,-2.112369,36.777606,2015,32682.000000,11016.000000,0.337066,Annual,0,18.000000,364.415728,373.466385,-2.423419,20.245318,22.640764,1.118321,7.000000,3.000000,9.000000,4.000000,91.000000,HarvestStat Africa v1.2,https://raw.githubusercontent.com/HarvestStat/HarvestStat-Africa/main/public/hvstat_africa_data_v1.2.csv,WFP HDX CHIRPS v2 dekadal indicators,https://data.humdata.org/dataset/ken-rainfall-subnational
Kakamega,KE037,0.497190,34.800929,2015,78344.000000,172350.000000,2.199913,Annual,0,18.000000,954.210527,951.356143,0.300033,53.011696,49.948402,0.942215,11.000000,9.000000,7.000000,4.000000,80.000000,HarvestStat Africa v1.2,https://raw.githubusercontent.com/HarvestStat/HarvestStat-Africa/main/public/hvstat_africa_data_v1.2.csv,WFP HDX CHIRPS v2 dekadal indicators,https://data.humdata.org/dataset/ken-rainfall-subnational
Kericho,KE035,-0.316683,35.225997,2015,38086.000000,91832.000000,2.411175,Annual,0,18.000000,797.895527,795.027352,0.360764,44.327529,38.257331,0.863060,11.000000,9.000000,6.000000,4.000000,80.000000,HarvestStat Africa v1.2,https://raw.githubusercontent.com/HarvestStat/HarvestStat-Africa/main/public/hvstat_africa_data_v1.2.csv,WFP HDX CHIRPS v2 dekadal indicators,https://data.humdata.org/dataset/ken-rainfall-subnational
Kiambu,KE022,-1.034385,36.843216,2015,39670.000000,31267.000000,0.788177,Annual,0,18.000000,637.047622,695.396027,-8.390673,35.391535,36.856616,1.041396,10.000000,5.000000,8.000000,4.000000,91.000000,HarvestStat Africa v1.2,https://raw.githubusercontent.com/HarvestStat/HarvestStat-Africa/main/public/hvstat_africa_data_v1.2.csv,WFP HDX CHIRPS v2 dekadal indicators,https://data.humdata.org/dataset/ken-rainfall-subnational
Kilifi,KE003,-3.152441,39.672708,2015,66396.000000,28114.000000,0.423429,Annual,0,18.000000,634.717822,488.607513,29.903410,35.262101,47.408663,1.344465,9.000000,4.000000,8.000000,8.000000,80.000000,HarvestStat Africa v1.2,https://raw.githubusercontent.com/HarvestStat/HarvestStat-Africa/main/public/hvstat_africa_data_v1.2.csv,WFP HDX CHIRPS v2 dekadal indicators,https://data.humdata.org/dataset/ken-rainfall-subnational
Kirinyaga,KE020,-0.467350,37.301902,2015,34776.000000,30168.000000,0.867495,Annual,0,18.000000,675.229169,646.759723,4.401858,37.512732,48.002534,1.279633,7.000000,5.000000,8.000000,4.000000,80.000000,HarvestStat Africa v1.2,https://raw.githubusercontent.com/HarvestStat/HarvestStat-Africa/main/public/hvstat_africa_data_v1.2.csv,WFP HDX CHIRPS v2 dekadal indicators,https://data.humdata.org/dataset/ken-rainfall-subnational
Kisii,KE045,-0.736677,34.753510,2015,73253.000000,96054.000000,1.311264,Annual,0,18.000000,979.950011,925.845013,5.843850,54.441667,47.779496,0.877627,11.000000,9.000000,6.000000,4.000000,80.000000,HarvestStat Africa v1.2,https://raw.githubusercontent.com/HarvestStat/HarvestStat-Africa/main/public/hvstat_africa_data_v1.2.csv,WFP HDX CHIRPS v2 dekadal indicators,https://data.humdata.org/dataset/ken-rainfall-subnational
Kisumu,KE042,-0.194380,34.777329,2015,52074.000000,20605.000000,0.395687,Annual,0,18.000000,822.855076,816.425122,0.787574,45.714171,39.284416,0.859349,11.000000,8.000000,7.000000,4.000000,80.000000,HarvestStat Africa v1.2,https://raw.githubusercontent.com/HarvestStat/HarvestStat-Africa/main/public/hvstat_africa_data_v1.2.csv,WFP HDX CHIRPS v2 dekadal indicators,https://data.humdata.org/dataset/ken-rainfall-subnational
Kitui,KE015,-1.560490,38.371810,2015,87751.000000,7433.000000,0.084706,Annual,0,18.000000,285.907721,272.434005,4.945681,15.883762,22.073120,1.389666,5.000000,2.000000,13.000000,8.000000,91.000000,HarvestStat Africa v1.2,https://raw.githubusercontent.com/HarvestStat/HarvestStat-Africa/main/public/hvstat_africa_data_v1.2.csv,WFP HDX CHIRPS v2 dekadal indicators,https://data.humdata.org/dataset/ken-rainfall-subnational
Kwale,KE002,-4.120591,39.066136,2015,59978.000000,20170.000000,0.336290,Annual,0,18.000000,599.327126,541.885007,10.600426,33.295951,41.262386,1.239261,9.000000,4.000000,6.000000,6.000000,80.000000,HarvestStat Africa v1.2,https://raw.githubusercontent.com/HarvestStat/HarvestStat-Africa/main/public/hvstat_africa_data_v1.2.csv,WFP HDX CHIRPS v2 dekadal indicators,https://data.humdata.org/dataset/ken-rainfall-subnational
Laikipia,KE031,0.289134,36.825248,2015,273056.000000,46655.000000,0.170862,Annual,0,18.000000,339.016558,361.774838,-6.290730,18.834253,18.860256,1.001381,6.000000,3.000000,8.000000,4.000000,91.000000,HarvestStat Africa v1.2,https://raw.githubusercontent.com/HarvestStat/HarvestStat-Africa/main/public/hvstat_africa_data_v1.2.csv,WFP HDX CHIRPS v2 dekadal indicators,https://data.humdata.org/dataset/ken-rainfall-subnational
Lamu,KE005,-2.063679,40.545830,2015,17020.000000,17973.000000,1.055993,Annual,0,18.000000,574.571434,534.602138,7.476456,31.920635,44.973988,1.408931,7.000000,4.000000,8.000000,8.000000,80.000000,HarvestStat Africa v1.2,https://raw.githubusercontent.com/HarvestStat/HarvestStat-Africa/main/public/hvstat_africa_data_v1.2.csv,WFP HDX CHIRPS v2 dekadal indicators,https://data.humdata.org/dataset/ken-rainfall-subnational
Machakos,KE016,-1.276237,37.394595,2015,86252.000000,76144.000000,0.882809,Annual,0,18.000000,419.128079,412.340392,1.646137,23.284893,29.976659,1.287387,5.000000,3.000000,9.000000,4.000000,91.000000,HarvestStat Africa v1.2,https://raw.githubusercontent.com/HarvestStat/HarvestStat-Africa/main/public/hvstat_africa_data_v1.2.csv,WFP HDX CHIRPS v2 dekadal indicators,https://data.humdata.org/dataset/ken-rainfall-subnational
Makueni,KE017,-2.253637,37.876663,2015,132320.000000,73384.000000,0.554595,Annual,0,18.000000,391.272377,334.183265,17.083175,21.737354,27.637160,1.271413,6.000000,4.000000,11.000000,5.000000,91.000000,HarvestStat Africa v1.2,https://raw.githubusercontent.com/HarvestStat/HarvestStat-Africa/main/public/hvstat_africa_data_v1.2.csv,WFP HDX CHIRPS v2 dekadal indicators,https://data.humdata.org/dataset/ken-rainfall-subnational
Mandera,KE009,3.230964,40.711346,2015,780.000000,380.000000,0.487179,Annual,0,18.000000,205.865793,189.924349,8.393576,11.436989,18.998522,1.661147,3.000000,1.000000,13.000000,8.000000,80.000000,HarvestStat Africa v1.2,https://raw.githubusercontent.com/HarvestStat/HarvestStat-Africa/main/public/hvstat_africa_data_v1.2.csv,WFP HDX CHIRPS v2 dekadal indicators,https://data.humdata.org/dataset/ken-rainfall-subnational
Marsabit,KE010,2.860480,37.714884,2015,537.000000,282.000000,0.525140,Annual,0,18.000000,196.855906,184.486778,6.704615,10.936439,17.647572,1.613649,3.000000,2.000000,13.000000,8.000000,91.000000,HarvestStat Africa v1.2,https://raw.githubusercontent.com/HarvestStat/HarvestStat-Africa/main/public/hvstat_africa_data_v1.2.csv,WFP HDX CHIRPS v2 dekadal indicators,https://data.humdata.org/dataset/ken-rainfall-subnational
Meru,KE012,0.229055,37.776111,2015,79798.000000,89570.000000,1.122459,Annual,0,18.000000,616.916298,524.441410,17.633026,34.273128,50.655762,1.478002,6.000000,3.000000,10.000000,4.000000,80.000000,HarvestStat Africa v1.2,https://raw.githubusercontent.com/HarvestStat/HarvestStat-Africa/main/public/hvstat_africa_data_v1.2.csv,WFP HDX CHIRPS v2 dekadal indicators,https://data.humdata.org/dataset/ken-rainfall-subnational
Migori,KE044,-1.018704,34.309173,2015,80993.000000,96196.840000,1.187718,Annual,0,18.000000,769.540231,753.103059,2.182593,42.752235,37.302984,0.872539,10.000000,8.000000,6.000000,4.000000,80.000000,HarvestStat Africa v1.2,https://raw.githubusercontent.com/HarvestStat/HarvestStat-Africa/main/public/hvstat_africa_data_v1.2.csv,WFP HDX CHIRPS v2 dekadal indicators,https://data.humdata.org/dataset/ken-rainfall-subnational
Mombasa,KE001,-3.990448,39.701130,2015,860.000000,86.000000,0.100000,Annual,0,18.000000,996.700000,734.479994,35.701450,55.372222,91.700453,1.656073,9.000000,6.000000,6.000000,6.000000,80.000000,HarvestStat Africa v1.2,https://raw.githubusercontent.com/HarvestStat/HarvestStat-Africa/main/public/hvstat_africa_data_v1.2.csv,WFP HDX CHIRPS v2 dekadal indicators,https://data.humdata.org/dataset/ken-rainfall-subnational
Murang'a,KE021,-0.828519,37.004173,2015,64746.000000,48054.000000,0.742193,Annual,0,18.000000,706.462190,695.837541,1.526886,39.247899,47.190540,1.202371,9.000000,6.000000,8.000000,4.000000,80.000000,HarvestStat Africa v1.2,https://raw.githubusercontent.com/HarvestStat/HarvestStat-Africa/main/public/hvstat_africa_data_v1.2.csv,WFP HDX CHIRPS v2 dekadal indicators,https://data.humdata.org/dataset/ken-rainfall-subnational
Nairobi,KE047,-1.300489,36.827926,2015,954.000000,1049.000000,1.099581,Annual,0,18.000000,450.730768,505.110248,-10.765864,25.040598,28.561670,1.140615,8.000000,3.000000,8.000000,4.000000,91.000000,HarvestStat Africa v1.2,https://raw.githubusercontent.com/HarvestStat/HarvestStat-Africa/main/public/hvstat_africa_data_v1.2.csv,WFP HDX CHIRPS v2 dekadal indicators,https://data.humdata.org/dataset/ken-rainfall-subnational
Nakuru,KE032,-0.458448,36.100384,2015,88021.000000,207404.000000,2.356301,Annual,0,18.000000,504.390755,535.090196,-5.737246,28.021709,22.670133,0.809020,9.000000,5.000000,6.000000,4.000000,91.000000,HarvestStat Africa v1.2,https://raw.githubusercontent.com/HarvestStat/HarvestStat-Africa/main/public/hvstat_africa_data_v1.2.csv,WFP HDX CHIRPS v2 dekadal indicators,https://data.humdata.org/dataset/ken-rainfall-subnational
Nandi,KE029,0.227352,35.123876,2015,69933.000000,204437.000000,2.923327,Annual,0,18.000000,795.252744,819.099630,-2.911354,44.180708,41.840109,0.947022,11.000000,9.000000,7.000000,4.000000,80.000000,HarvestStat Africa v1.2,https://raw.githubusercontent.com/HarvestStat/HarvestStat-Africa/main/public/hvstat_africa_data_v1.2.csv,WFP HDX CHIRPS v2 dekadal indicators,https://data.humdata.org/dataset/ken-rainfall-subnational
Narok,KE033,-1.279878,35.476358,2015,103500.000000,242735.000000,2.345266,Annual,0,18.000000,627.027452,591.197598,6.060555,34.834858,31.055918,0.891518,10.000000,5.000000,6.000000,4.000000,80.000000,HarvestStat Africa v1.2,https://raw.githubusercontent.com/HarvestStat/HarvestStat-Africa/main/public/hvstat_africa_data_v1.2.csv,WFP HDX CHIRPS v2 dekadal indicators,https://data.humdata.org/dataset/ken-rainfall-subnational
Nyamira,KE046,-0.649378,34.933398,2015,41689.000000,55492.000000,1.331095,Annual,0,18.000000,989.620701,912.716100,8.425906,54.978928,48.738204,0.886489,11.000000,9.000000,6.000000,4.000000,80.000000,HarvestStat Africa v1.2,https://raw.githubusercontent.com/HarvestStat/HarvestStat-Africa/main/public/hvstat_africa_data_v1.2.csv,WFP HDX CHIRPS v2 dekadal indicators,https://data.humdata.org/dataset/ken-rainfall-subnational
Nyandarua,KE018,-0.389093,36.497431,2015,15510.000000,14498.000000,0.934752,Annual,0,18.000000,551.259261,598.538580,-7.899126,30.625515,26.539730,0.866589,10.000000,5.000000,5.000000,4.000000,91.000000,HarvestStat Africa v1.2,https://raw.githubusercontent.com/HarvestStat/HarvestStat-Africa/main/public/hvstat_africa_data_v1.2.csv,WFP HDX CHIRPS v2 dekadal indicators,https://data.humdata.org/dataset/ken-rainfall-subnational
Nyeri,KE019,-0.314375,36.930473,2015,23039.000000,12508.000000,0.542906,Annual,0,18.000000,669.554549,644.133946,3.946478,37.197475,39.367996,1.058351,9.000000,5.000000,6.000000,4.000000,80.000000,HarvestStat Africa v1.2,https://raw.githubusercontent.com/HarvestStat/HarvestStat-Africa/main/public/hvstat_africa_data_v1.2.csv,WFP HDX CHIRPS v2 dekadal indicators,https://data.humdata.org/dataset/ken-rainfall-subnational
Samburu,KE025,1.541373,36.941540,2015,7391.000000,15750.000000,2.130970,Annual,0,18.000000,280.532843,270.988171,3.522173,15.585158,21.487350,1.378706,4.000000,2.000000,12.000000,5.000000,91.000000,HarvestStat Africa v1.2,https://raw.githubusercontent.com/HarvestStat/HarvestStat-Africa/main/public/hvstat_africa_data_v1.2.csv,WFP HDX CHIRPS v2 dekadal indicators,https://data.humdata.org/dataset/ken-rainfall-subnational
Siaya,KE041,-0.057674,34.199887,2015,71410.000000,60496.000000,0.847164,Annual,0,18.000000,857.524998,811.195420,5.711272,47.640278,41.644679,0.874149,11.000000,8.000000,7.000000,4.000000,80.000000,HarvestStat Africa v1.2,https://raw.githubusercontent.com/HarvestStat/HarvestStat-Africa/main/public/hvstat_africa_data_v1.2.csv,WFP HDX CHIRPS v2 dekadal indicators,https://data.humdata.org/dataset/ken-rainfall-subnational
Taita Taveta,KE006,-3.405203,38.371760,2015,16508.000000,9519.000000,0.576630,Annual,0,18.000000,327.336890,310.607723,5.385947,18.185383,21.901863,1.204366,6.000000,2.000000,10.000000,6.000000,80.000000,HarvestStat Africa v1.2,https://raw.githubusercontent.com/HarvestStat/HarvestStat-Africa/main/public/hvstat_africa_data_v1.2.csv,WFP HDX CHIRPS v2 dekadal indicators,https://data.humdata.org/dataset/ken-rainfall-subnational
Tana River,KE004,-1.534918,39.550288,2015,6122.000000,8739.000000,1.427475,Annual,0,18.000000,207.397571,192.080568,7.974260,11.522087,12.535998,1.087997,5.000000,0.000000,12.000000,8.000000,80.000000,HarvestStat Africa v1.2,https://raw.githubusercontent.com/HarvestStat/HarvestStat-Africa/main/public/hvstat_africa_data_v1.2.csv,WFP HDX CHIRPS v2 dekadal indicators,https://data.humdata.org/dataset/ken-rainfall-subnational
Tharaka-Nithi,KE013,-0.191445,37.960417,2015,31010.000000,21964.000000,0.708288,Annual,0,18.000000,625.726186,547.091662,14.373190,34.762566,53.191202,1.530129,6.000000,4.000000,11.000000,8.000000,80.000000,HarvestStat Africa v1.2,https://raw.githubusercontent.com/HarvestStat/HarvestStat-Africa/main/public/hvstat_africa_data_v1.2.csv,WFP HDX CHIRPS v2 dekadal indicators,https://data.humdata.org/dataset/ken-rainfall-subnational
Trans Nzoia,KE026,1.045915,34.980778,2015,106303.000000,406434.000000,3.823354,Annual,0,18.000000,596.759495,634.237966,-5.909213,33.153305,33.693856,1.016305,9.000000,4.000000,7.000000,4.000000,91.000000,HarvestStat Africa v1.2,https://raw.githubusercontent.com/HarvestStat/HarvestStat-Africa/main/public/hvstat_africa_data_v1.2.csv,WFP HDX CHIRPS v2 dekadal indicators,https://data.humdata.org/dataset/ken-rainfall-subnational
Turkana,KE023,3.162488,35.313492,2015,5962.000000,7091.000000,1.189366,Annual,0,18.000000,167.205197,172.177661,-2.887985,9.289178,12.498559,1.345497,3.000000,0.000000,15.000000,9.000000,91.000000,HarvestStat Africa v1.2,https://raw.githubusercontent.com/HarvestStat/HarvestStat-Africa/main/public/hvstat_africa_data_v1.2.csv,WFP HDX CHIRPS v2 dekadal indicators,https://data.humdata.org/dataset/ken-rainfall-subnational
Uasin Gishu,KE027,0.478188,35.303799,2015,102753.000000,405440.000000,3.945773,Annual,0,18.000000,542.612603,606.721928,-10.566509,30.145145,32.084205,1.064324,9.000000,4.000000,7.000000,4.000000,91.000000,HarvestStat Africa v1.2,https://raw.githubusercontent.com/HarvestStat/HarvestStat-Africa/main/public/hvstat_africa_data_v1.2.csv,WFP HDX CHIRPS v2 dekadal indicators,https://data.humdata.org/dataset/ken-rainfall-subnational
Vihiga,KE038,0.084857,34.707784,2015,36283.070000,50289.000000,1.386018,Annual,0,18.000000,1043.999989,1006.033351,3.773895,57.999999,52.598983,0.906879,11.000000,9.000000,7.000000,4.000000,80.000000,HarvestStat Africa v1.2,https://raw.githubusercontent.com/HarvestStat/HarvestStat-Africa/main/public/hvstat_africa_data_v1.2.csv,WFP HDX CHIRPS v2 dekadal indicators,https://data.humdata.org/dataset/ken-rainfall-subnational
West Pokot,KE024,1.893374,35.212768,2015,29143.000000,69151.000000,2.372817,Annual,0,18.000000,390.857138,443.095810,-11.789475,21.714285,25.614108,1.179597,7.000000,2.000000,8.000000,8.000000,91.000000,HarvestStat Africa v1.2,https://raw.githubusercontent.com/HarvestStat/HarvestStat-Africa/main/public/hvstat_africa_data_v1.2.csv,WFP HDX CHIRPS v2 dekadal indicators,https://data.humdata.org/dataset/ken-rainfall-subnational
Baringo,KE030,0.726352,36.018591,2016,33308.000000,49840.500000,1.496352,Annual,0,18.000000,541.128210,465.744538,16.185627,30.062678,28.458778,0.946648,9.000000,4.000000,7.000000,4.000000,92.000000,HarvestStat Africa v1.2,https://raw.githubusercontent.com/HarvestStat/HarvestStat-Africa/main/public/hvstat_africa_data_v1.2.csv,WFP HDX CHIRPS v2 dekadal indicators,https://data.humdata.org/dataset/ken-rainfall-subnational
Bomet,KE036,-0.716095,35.238459,2016,33792.000000,60017.360000,1.776082,Annual,0,18.000000,949.210523,842.724213,12.635962,52.733918,37.747424,0.715809,14.000000,7.000000,1.000000,1.000000,61.000000,HarvestStat Africa v1.2,https://raw.githubusercontent.com/HarvestStat/HarvestStat-Africa/main/public/hvstat_africa_data_v1.2.csv,WFP HDX CHIRPS v2 dekadal indicators,https://data.humdata.org/dataset/ken-rainfall-subnational
Bungoma,KE039,0.785694,34.718757,2016,95323.000000,290154.000000,3.043903,Annual,0,18.000000,874.129995,854.742337,2.268246,48.562778,39.599368,0.815426,12.000000,7.000000,3.000000,2.000000,61.000000,HarvestStat Africa v1.2,https://raw.githubusercontent.com/HarvestStat/HarvestStat-Africa/main/public/hvstat_africa_data_v1.2.csv,WFP HDX CHIRPS v2 dekadal indicators,https://data.humdata.org/dataset/ken-rainfall-subnational
Busia,KE040,0.375707,34.265111,2016,31962.000000,51483.000000,1.610757,Annual,0,18.000000,939.134615,900.425645,4.298963,52.174145,44.435676,0.851680,12.000000,8.000000,3.000000,2.000000,92.000000,HarvestStat Africa v1.2,https://raw.githubusercontent.com/HarvestStat/HarvestStat-Africa/main/public/hvstat_africa_data_v1.2.csv,WFP HDX CHIRPS v2 dekadal indicators,https://data.humdata.org/dataset/ken-rainfall-subnational
Elgeyo-Marakwet,KE028,0.745102,35.560856,2016,28373.000000,80823.150000,2.848594,Annual,0,18.000000,774.959601,657.566659,17.852630,43.053311,39.708295,0.922305,11.000000,6.000000,6.000000,4.000000,92.000000,HarvestStat Africa v1.2,https://raw.githubusercontent.com/HarvestStat/HarvestStat-Africa/main/public/hvstat_africa_data_v1.2.csv,WFP HDX CHIRPS v2 dekadal indicators,https://data.humdata.org/dataset/ken-rainfall-subnational
Embu,KE014,-0.532830,37.664629,2016,36275.000000,28378.000000,0.782302,Annual,0,18.000000,508.263739,525.286081,-3.240585,28.236874,34.345744,1.216344,6.000000,3.000000,8.000000,3.000000,92.000000,HarvestStat Africa v1.2,https://raw.githubusercontent.com/HarvestStat/HarvestStat-Africa/main/public/hvstat_africa_data_v1.2.csv,WFP HDX CHIRPS v2 dekadal indicators,https://data.humdata.org/dataset/ken-rainfall-subnational
Garissa,KE007,-0.520490,40.355590,2016,150.000000,167.900000,1.119333,Annual,0,18.000000,185.463230,240.279175,-22.813440,10.303513,10.937327,1.061514,3.000000,0.000000,13.000000,6.000000,102.000000,HarvestStat Africa v1.2,https://raw.githubusercontent.com/HarvestStat/HarvestStat-Africa/main/public/hvstat_africa_data_v1.2.csv,WFP HDX CHIRPS v2 dekadal indicators,https://data.humdata.org/dataset/ken-rainfall-subnational
Homa Bay,KE043,-0.562403,34.314532,2016,66115.000000,93043.100000,1.407292,Annual,0,18.000000,716.972477,734.102143,-2.333417,39.831804,35.465719,0.890387,11.000000,6.000000,2.000000,2.000000,61.000000,HarvestStat Africa v1.2,https://raw.githubusercontent.com/HarvestStat/HarvestStat-Africa/main/public/hvstat_africa_data_v1.2.csv,WFP HDX CHIRPS v2 dekadal indicators,https://data.humdata.org/dataset/ken-rainfall-subnational
Isiolo,KE011,1.006385,38.747651,2016,568.000000,511.290000,0.900158,Annual,0,18.000000,150.146988,173.962088,-13.689822,8.341499,10.842487,1.299825,2.000000,0.000000,14.000000,9.000000,102.000000,HarvestStat Africa v1.2,https://raw.githubusercontent.com/HarvestStat/HarvestStat-Africa/main/public/hvstat_africa_data_v1.2.csv,WFP HDX CHIRPS v2 dekadal indicators,https://data.humdata.org/dataset/ken-rainfall-subnational
Kajiado,KE034,-2.112369,36.777606,2016,15123.000000,15189.600000,1.004404,Annual,0,18.000000,392.529492,373.466385,5.104370,21.807194,21.968867,1.007414,7.000000,2.000000,9.000000,4.000000,92.000000,HarvestStat Africa v1.2,https://raw.githubusercontent.com/HarvestStat/HarvestStat-Africa/main/public/hvstat_africa_data_v1.2.csv,WFP HDX CHIRPS v2 dekadal indicators,https://data.humdata.org/dataset/ken-rainfall-subnational
Kakamega,KE037,0.497190,34.800929,2016,90572.000000,233466.450000,2.577689,Annual,0,18.000000,1027.968419,951.356143,8.052954,57.109357,48.202886,0.844045,12.000000,9.000000,2.000000,2.000000,61.000000,HarvestStat Africa v1.2,https://raw.githubusercontent.com/HarvestStat/HarvestStat-Africa/main/public/hvstat_africa_data_v1.2.csv,WFP HDX CHIRPS v2 dekadal indicators,https://data.humdata.org/dataset/ken-rainfall-subnational
Kericho,KE035,-0.316683,35.225997,2016,32843.000000,103244.850000,3.143588,Annual,0,18.000000,939.910434,795.027352,18.223660,52.217246,41.922612,0.802850,11.000000,7.000000,3.000000,2.000000,92.000000,HarvestStat Africa v1.2,https://raw.githubusercontent.com/HarvestStat/HarvestStat-Africa/main/public/hvstat_africa_data_v1.2.csv,WFP HDX CHIRPS v2 dekadal indicators,https://data.humdata.org/dataset/ken-rainfall-subnational
Kiambu,KE022,-1.034385,36.843216,2016,41322.000000,36639.550000,0.886684,Annual,0,18.000000,719.333320,695.396027,3.442253,39.962962,38.798482,0.970861,8.000000,6.000000,3.000000,2.000000,92.000000,HarvestStat Africa v1.2,https://raw.githubusercontent.com/HarvestStat/HarvestStat-Africa/main/public/hvstat_africa_data_v1.2.csv,WFP HDX CHIRPS v2 dekadal indicators,https://data.humdata.org/dataset/ken-rainfall-subnational
Kilifi,KE003,-3.152441,39.672708,2016,61225.000000,55952.500000,0.913883,Annual,0,18.000000,347.180691,488.607513,-28.944873,19.287816,15.587383,0.808147,8.000000,1.000000,8.000000,6.000000,92.000000,HarvestStat Africa v1.2,https://raw.githubusercontent.com/HarvestStat/HarvestStat-Africa/main/public/hvstat_africa_data_v1.2.csv,WFP HDX CHIRPS v2 dekadal indicators,https://data.humdata.org/dataset/ken-rainfall-subnational
Kirinyaga,KE020,-0.467350,37.301902,2016,36795.000000,40368.770000,1.097127,Annual,0,18.000000,641.354170,646.759723,-0.835790,35.630787,37.569999,1.054425,8.000000,4.000000,5.000000,3.000000,92.000000,HarvestStat Africa v1.2,https://raw.githubusercontent.com/HarvestStat/HarvestStat-Africa/main/public/hvstat_africa_data_v1.2.csv,WFP HDX CHIRPS v2 dekadal indicators,https://data.humdata.org/dataset/ken-rainfall-subnational
Kisii,KE045,-0.736677,34.753510,2016,75038.000000,170294.900000,2.269449,Annual,0,18.000000,961.175005,925.845013,3.815973,53.398611,40.637669,0.761025,13.000000,7.000000,0.000000,0.000000,61.000000,HarvestStat Africa v1.2,https://raw.githubusercontent.com/HarvestStat/HarvestStat-Africa/main/public/hvstat_africa_data_v1.2.csv,WFP HDX CHIRPS v2 dekadal indicators,https://data.humdata.org/dataset/ken-rainfall-subnational
Kisumu,KE042,-0.194380,34.777329,2016,51096.000000,59011.500000,1.154914,Annual,0,18.000000,886.942041,816.425122,8.637280,49.274558,41.427148,0.840741,11.000000,7.000000,2.000000,1.000000,92.000000,HarvestStat Africa v1.2,https://raw.githubusercontent.com/HarvestStat/HarvestStat-Africa/main/public/hvstat_africa_data_v1.2.csv,WFP HDX CHIRPS v2 dekadal indicators,https://data.humdata.org/dataset/ken-rainfall-subnational
Kitui,KE015,-1.560490,38.371810,2016,69833.000000,10892.850000,0.155984,Annual,0,18.000000,276.422268,272.434005,1.463938,15.356793,19.213479,1.251139,4.000000,3.000000,12.000000,5.000000,92.000000,HarvestStat Africa v1.2,https://raw.githubusercontent.com/HarvestStat/HarvestStat-Africa/main/public/hvstat_africa_data_v1.2.csv,WFP HDX CHIRPS v2 dekadal indicators,https://data.humdata.org/dataset/ken-rainfall-subnational
Kwale,KE002,-4.120591,39.066136,2016,68955.000000,80641.000000,1.169473,Annual,0,18.000000,479.661715,541.885007,-11.482748,26.647873,26.010676,0.976088,10.000000,2.000000,6.000000,3.000000,92.000000,HarvestStat Africa v1.2,https://raw.githubusercontent.com/HarvestStat/HarvestStat-Africa/main/public/hvstat_africa_data_v1.2.csv,WFP HDX CHIRPS v2 dekadal indicators,https://data.humdata.org/dataset/ken-rainfall-subnational
Laikipia,KE031,0.289134,36.825248,2016,39678.000000,102932.000000,2.594183,Annual,0,18.000000,370.049668,361.774838,2.287287,20.558315,16.597954,0.807360,8.000000,1.000000,7.000000,3.000000,92.000000,HarvestStat Africa v1.2,https://raw.githubusercontent.com/HarvestStat/HarvestStat-Africa/main/public/hvstat_africa_data_v1.2.csv,WFP HDX CHIRPS v2 dekadal indicators,https://data.humdata.org/dataset/ken-rainfall-subnational
Lamu,KE005,-2.063679,40.545830,2016,25332.000000,32096.000000,1.267014,Annual,0,18.000000,408.768483,534.602138,-23.537814,22.709360,34.536360,1.520798,8.000000,1.000000,9.000000,9.000000,102.000000,HarvestStat Africa v1.2,https://raw.githubusercontent.com/HarvestStat/HarvestStat-Africa/main/public/hvstat_africa_data_v1.2.csv,WFP HDX CHIRPS v2 dekadal indicators,https://data.humdata.org/dataset/ken-rainfall-subnational
Machakos,KE016,-1.276237,37.394595,2016,129010.000000,66810.480000,0.517871,Annual,0,18.000000,408.847296,412.340392,-0.847139,22.713739,24.047614,1.058725,7.000000,3.000000,9.000000,4.000000,92.000000,HarvestStat Africa v1.2,https://raw.githubusercontent.com/HarvestStat/HarvestStat-Africa/main/public/hvstat_africa_data_v1.2.csv,WFP HDX CHIRPS v2 dekadal indicators,https://data.humdata.org/dataset/ken-rainfall-subnational
Makueni,KE017,-2.253637,37.876663,2016,108570.000000,29271.200000,0.269607,Annual,0,18.000000,346.194559,334.183265,3.594224,19.233031,22.538879,1.171884,5.000000,3.000000,9.000000,4.000000,92.000000,HarvestStat Africa v1.2,https://raw.githubusercontent.com/HarvestStat/HarvestStat-Africa/main/public/hvstat_africa_data_v1.2.csv,WFP HDX CHIRPS v2 dekadal indicators,https://data.humdata.org/dataset/ken-rainfall-subnational
Mandera,KE009,3.230964,40.711346,2016,3071.000000,1687.000000,0.549332,Annual,0,18.000000,219.743468,189.924349,15.700525,12.207970,21.072009,1.726086,4.000000,2.000000,14.000000,9.000000,92.000000,HarvestStat Africa v1.2,https://raw.githubusercontent.com/HarvestStat/HarvestStat-Africa/main/public/hvstat_africa_data_v1.2.csv,WFP HDX CHIRPS v2 dekadal indicators,https://data.humdata.org/dataset/ken-rainfall-subnational
Marsabit,KE010,2.860480,37.714884,2016,565.300000,310.000000,0.548381,Annual,0,18.000000,198.539060,184.486778,7.616959,11.029948,16.371973,1.484320,3.000000,1.000000,13.000000,6.000000,92.000000,HarvestStat Africa v1.2,https://raw.githubusercontent.com/HarvestStat/HarvestStat-Africa/main/public/hvstat_africa_data_v1.2.csv,WFP HDX CHIRPS v2 dekadal indicators,https://data.humdata.org/dataset/ken-rainfall-subnational
Meru,KE012,0.229055,37.776111,2016,44354.000000,33233.030000,0.749268,Annual,0,18.000000,476.797359,524.441410,-9.084723,26.488742,33.476721,1.263809,6.000000,3.000000,9.000000,4.000000,92.000000,HarvestStat Africa v1.2,https://raw.githubusercontent.com/HarvestStat/HarvestStat-Africa/main/public/hvstat_africa_data_v1.2.csv,WFP HDX CHIRPS v2 dekadal indicators,https://data.humdata.org/dataset/ken-rainfall-subnational
Migori,KE044,-1.018704,34.309173,2016,80312.000000,130807.270000,1.628739,Annual,0,18.000000,658.172415,753.103059,-12.605266,36.565134,28.038381,0.766806,11.000000,4.000000,4.000000,2.000000,61.000000,HarvestStat Africa v1.2,https://raw.githubusercontent.com/HarvestStat/HarvestStat-Africa/main/public/hvstat_africa_data_v1.2.csv,WFP HDX CHIRPS v2 dekadal indicators,https://data.humdata.org/dataset/ken-rainfall-subnational
Mombasa,KE001,-3.990448,39.701130,2016,798.000000,770.120000,0.965063,Annual,0,18.000000,655.600000,734.479994,-10.739570,36.422222,41.941090,1.151525,9.000000,4.000000,7.000000,4.000000,92.000000,HarvestStat Africa v1.2,https://raw.githubusercontent.com/HarvestStat/HarvestStat-Africa/main/public/hvstat_africa_data_v1.2.csv,WFP HDX CHIRPS v2 dekadal indicators,https://data.humdata.org/dataset/ken-rainfall-subnational
Murang'a,KE021,-0.828519,37.004173,2016,60241.800000,40591.010000,0.673801,Annual,0,18.000000,732.092434,695.837541,5.210253,40.671802,43.047982,1.058423,8.000000,6.000000,4.000000,2.000000,92.000000,HarvestStat Africa v1.2,https://raw.githubusercontent.com/HarvestStat/HarvestStat-Africa/main/public/hvstat_africa_data_v1.2.csv,WFP HDX CHIRPS v2 dekadal indicators,https://data.humdata.org/dataset/ken-rainfall-subnational
Nairobi,KE047,-1.300489,36.827926,2016,854.000000,555.680000,0.650679,Annual,0,18.000000,509.615375,505.110248,0.891909,28.311965,28.125121,0.993401,7.000000,4.000000,8.000000,3.000000,92.000000,HarvestStat Africa v1.2,https://raw.githubusercontent.com/HarvestStat/HarvestStat-Africa/main/public/hvstat_africa_data_v1.2.csv,WFP HDX CHIRPS v2 dekadal indicators,https://data.humdata.org/dataset/ken-rainfall-subnational
Nakuru,KE032,-0.458448,36.100384,2016,88686.000000,213902.950000,2.411913,Annual,0,18.000000,636.630252,535.090196,18.976250,35.368347,27.396412,0.774603,11.000000,5.000000,5.000000,3.000000,92.000000,HarvestStat Africa v1.2,https://raw.githubusercontent.com/HarvestStat/HarvestStat-Africa/main/public/hvstat_africa_data_v1.2.csv,WFP HDX CHIRPS v2 dekadal indicators,https://data.humdata.org/dataset/ken-rainfall-subnational
Nandi,KE029,0.227352,35.123876,2016,64578.000000,207505.380000,3.213252,Annual,0,18.000000,934.494509,819.099630,14.088015,51.916362,43.804739,0.843756,12.000000,8.000000,3.000000,2.000000,92.000000,HarvestStat Africa v1.2,https://raw.githubusercontent.com/HarvestStat/HarvestStat-Africa/main/public/hvstat_africa_data_v1.2.csv,WFP HDX CHIRPS v2 dekadal indicators,https://data.humdata.org/dataset/ken-rainfall-subnational
Narok,KE033,-1.279878,35.476358,2016,102258.000000,238875.350000,2.336006,Annual,0,18.000000,640.775309,591.197598,8.385980,35.598628,25.541450,0.717484,10.000000,5.000000,2.000000,1.000000,92.000000,HarvestStat Africa v1.2,https://raw.githubusercontent.com/HarvestStat/HarvestStat-Africa/main/public/hvstat_africa_data_v1.2.csv,WFP HDX CHIRPS v2 dekadal indicators,https://data.humdata.org/dataset/ken-rainfall-subnational
Nyamira,KE046,-0.649378,34.933398,2016,51800.000000,75034.950000,1.448551,Annual,0,18.000000,1012.931036,912.716100,10.979858,56.273946,44.603527,0.792614,13.000000,7.000000,1.000000,1.000000,61.000000,HarvestStat Africa v1.2,https://raw.githubusercontent.com/HarvestStat/HarvestStat-Africa/main/public/hvstat_africa_data_v1.2.csv,WFP HDX CHIRPS v2 dekadal indicators,https://data.humdata.org/dataset/ken-rainfall-subnational
Nyandarua,KE018,-0.389093,36.497431,2016,18744.000000,26916.000000,1.435980,Annual,0,18.000000,653.407405,598.538580,9.167133,36.300411,28.694144,0.790463,11.000000,6.000000,4.000000,2.000000,92.000000,HarvestStat Africa v1.2,https://raw.githubusercontent.com/HarvestStat/HarvestStat-Africa/main/public/hvstat_africa_data_v1.2.csv,WFP HDX CHIRPS v2 dekadal indicators,https://data.humdata.org/dataset/ken-rainfall-subnational
Nyeri,KE019,-0.314375,36.930473,2016,36157.000000,32397.770000,0.896030,Annual,0,18.000000,683.736360,644.133946,6.148164,37.985353,33.656074,0.886028,9.000000,5.000000,3.000000,2.000000,92.000000,HarvestStat Africa v1.2,https://raw.githubusercontent.com/HarvestStat/HarvestStat-Africa/main/public/hvstat_africa_data_v1.2.csv,WFP HDX CHIRPS v2 dekadal indicators,https://data.humdata.org/dataset/ken-rainfall-subnational
Samburu,KE025,1.541373,36.941540,2016,5519.000000,10438.000000,1.891285,Annual,0,18.000000,233.372267,270.988171,-13.881013,12.965126,13.308731,1.026502,5.000000,1.000000,12.000000,5.000000,92.000000,HarvestStat Africa v1.2,https://raw.githubusercontent.com/HarvestStat/HarvestStat-Africa/main/public/hvstat_africa_data_v1.2.csv,WFP HDX CHIRPS v2 dekadal indicators,https://data.humdata.org/dataset/ken-rainfall-subnational
Siaya,KE041,-0.057674,34.199887,2016,64999.000000,80545.530000,1.239181,Annual,0,18.000000,844.587504,811.195420,4.116404,46.921528,42.328416,0.902111,11.000000,6.000000,3.000000,2.000000,92.000000,HarvestStat Africa v1.2,https://raw.githubusercontent.com/HarvestStat/HarvestStat-Africa/main/public/hvstat_africa_data_v1.2.csv,WFP HDX CHIRPS v2 dekadal indicators,https://data.humdata.org/dataset/ken-rainfall-subnational
Taita Taveta,KE006,-3.405203,38.371760,2016,17516.000000,11050.000000,0.630852,Annual,0,18.000000,298.427806,310.607723,-3.921318,16.579323,18.381207,1.108683,5.000000,1.000000,9.000000,5.000000,92.000000,HarvestStat Africa v1.2,https://raw.githubusercontent.com/HarvestStat/HarvestStat-Africa/main/public/hvstat_africa_data_v1.2.csv,WFP HDX CHIRPS v2 dekadal indicators,https://data.humdata.org/dataset/ken-rainfall-subnational
Tana River,KE004,-1.534918,39.550288,2016,5001.000000,5325.500000,1.064887,Annual,0,18.000000,135.814575,192.080568,-29.292913,7.545254,5.742761,0.761109,0.000000,0.000000,13.000000,6.000000,182.000000,HarvestStat Africa v1.2,https://raw.githubusercontent.com/HarvestStat/HarvestStat-Africa/main/public/hvstat_africa_data_v1.2.csv,WFP HDX CHIRPS v2 dekadal indicators,https://data.humdata.org/dataset/ken-rainfall-subnational
Tharaka-Nithi,KE013,-0.191445,37.960417,2016,24776.000000,21513.130000,0.868305,Annual,0,18.000000,522.571427,547.091662,-4.481924,29.031746,40.416064,1.392133,5.000000,4.000000,9.000000,4.000000,92.000000,HarvestStat Africa v1.2,https://raw.githubusercontent.com/HarvestStat/HarvestStat-Africa/main/public/hvstat_africa_data_v1.2.csv,WFP HDX CHIRPS v2 dekadal indicators,https://data.humdata.org/dataset/ken-rainfall-subnational
Trans Nzoia,KE026,1.045915,34.980778,2016,96557.000000,356769.440000,3.694910,Annual,0,18.000000,744.620260,634.237966,17.403924,41.367792,34.890214,0.843415,11.000000,6.000000,6.000000,4.000000,92.000000,HarvestStat Africa v1.2,https://raw.githubusercontent.com/HarvestStat/HarvestStat-Africa/main/public/hvstat_africa_data_v1.2.csv,WFP HDX CHIRPS v2 dekadal indicators,https://data.humdata.org/dataset/ken-rainfall-subnational
Turkana,KE023,3.162488,35.313492,2016,4232.000000,3314.800000,0.783270,Annual,0,18.000000,196.782079,172.177661,14.290133,10.932338,11.904645,1.088939,5.000000,0.000000,12.000000,6.000000,92.000000,HarvestStat Africa v1.2,https://raw.githubusercontent.com/HarvestStat/HarvestStat-Africa/main/public/hvstat_africa_data_v1.2.csv,WFP HDX CHIRPS v2 dekadal indicators,https://data.humdata.org/dataset/ken-rainfall-subnational
Uasin Gishu,KE027,0.478188,35.303799,2016,101279.000000,335030.500000,3.307996,Annual,0,18.000000,729.837844,606.721928,20.291984,40.546547,34.578119,0.852801,11.000000,7.000000,5.000000,4.000000,92.000000,HarvestStat Africa v1.2,https://raw.githubusercontent.com/HarvestStat/HarvestStat-Africa/main/public/hvstat_africa_data_v1.2.csv,WFP HDX CHIRPS v2 dekadal indicators,https://data.humdata.org/dataset/ken-rainfall-subnational
Vihiga,KE038,0.084857,34.707784,2016,29190.000000,43374.000000,1.485920,Annual,0,18.000000,1102.842119,1006.033351,9.622819,61.269007,54.820498,0.894751,12.000000,7.000000,1.000000,1.000000,61.000000,HarvestStat Africa v1.2,https://raw.githubusercontent.com/HarvestStat/HarvestStat-Africa/main/public/hvstat_africa_data_v1.2.csv,WFP HDX CHIRPS v2 dekadal indicators,https://data.humdata.org/dataset/ken-rainfall-subnational
Wajir,KE008,1.939715,40.024507,2016,306.000000,453.000000,1.480392,Annual,0,18.000000,176.935106,193.539230,-8.579204,9.829728,14.935735,1.519445,4.000000,0.000000,14.000000,9.000000,92.000000,HarvestStat Africa v1.2,https://raw.githubusercontent.com/HarvestStat/HarvestStat-Africa/main/public/hvstat_africa_data_v1.2.csv,WFP HDX CHIRPS v2 dekadal indicators,https://data.humdata.org/dataset/ken-rainfall-subnational
West Pokot,KE024,1.893374,35.212768,2016,34450.000000,54000.000000,1.567489,Annual,0,18.000000,541.003401,443.095810,22.096257,30.055745,30.986365,1.030963,8.000000,4.000000,7.000000,4.000000,92.000000,HarvestStat Africa v1.2,https://raw.githubusercontent.com/HarvestStat/HarvestStat-Africa/main/public/hvstat_africa_data_v1.2.csv,WFP HDX CHIRPS v2 dekadal indicators,https://data.humdata.org/dataset/ken-rainfall-subnational
Baringo,KE030,0.726352,36.018591,2017,37658.000000,58475.600000,1.552807,Annual,0,18.000000,307.729343,465.744538,-33.927439,17.096075,11.878763,0.694824,6.000000,0.000000,7.000000,2.000000,121.000000,HarvestStat Africa v1.2,https://raw.githubusercontent.com/HarvestStat/HarvestStat-Africa/main/public/hvstat_africa_data_v1.2.csv,WFP HDX CHIRPS v2 dekadal indicators,https://data.humdata.org/dataset/ken-rainfall-subnational
Bomet,KE036,-0.716095,35.238459,2017,33291.000000,58336.810000,1.752330,Annual,0,18.000000,710.705262,842.724213,-15.665736,39.483626,28.630638,0.725127,12.000000,6.000000,2.000000,2.000000,70.000000,HarvestStat Africa v1.2,https://raw.githubusercontent.com/HarvestStat/HarvestStat-Africa/main/public/hvstat_africa_data_v1.2.csv,WFP HDX CHIRPS v2 dekadal indicators,https://data.humdata.org/dataset/ken-rainfall-subnational
Bungoma,KE039,0.785694,34.718757,2017,93484.000000,295481.100000,3.160767,Annual,0,18.000000,849.610017,854.742337,-0.600452,47.200557,29.408362,0.623051,14.000000,7.000000,3.000000,2.000000,70.000000,HarvestStat Africa v1.2,https://raw.githubusercontent.com/HarvestStat/HarvestStat-Africa/main/public/hvstat_africa_data_v1.2.csv,WFP HDX CHIRPS v2 dekadal indicators,https://data.humdata.org/dataset/ken-rainfall-subnational
Busia,KE040,0.375707,34.265111,2017,33122.000000,53629.000000,1.619135,Annual,0,18.000000,1045.846140,900.425645,16.150195,58.102563,43.024864,0.740499,14.000000,8.000000,2.000000,2.000000,70.000000,HarvestStat Africa v1.2,https://raw.githubusercontent.com/HarvestStat/HarvestStat-Africa/main/public/hvstat_africa_data_v1.2.csv,WFP HDX CHIRPS v2 dekadal indicators,https://data.humdata.org/dataset/ken-rainfall-subnational
Elgeyo-Marakwet,KE028,0.745102,35.560856,2017,30631.000000,92601.420000,3.023128,Annual,0,18.000000,483.212122,657.566659,-26.515112,26.845118,18.835345,0.701630,11.000000,3.000000,4.000000,2.000000,80.000000,HarvestStat Africa v1.2,https://raw.githubusercontent.com/HarvestStat/HarvestStat-Africa/main/public/hvstat_africa_data_v1.2.csv,WFP HDX CHIRPS v2 dekadal indicators,https://data.humdata.org/dataset/ken-rainfall-subnational
Embu,KE014,-0.532830,37.664629,2017,35812.000000,32113.190000,0.896716,Annual,0,18.000000,318.395610,525.286081,-39.386247,17.688645,20.510922,1.159553,5.000000,1.000000,11.000000,5.000000,91.000000,HarvestStat Africa v1.2,https://raw.githubusercontent.com/HarvestStat/HarvestStat-Africa/main/public/hvstat_africa_data_v1.2.csv,WFP HDX CHIRPS v2 dekadal indicators,https://data.humdata.org/dataset/ken-rainfall-subnational
Garissa,KE007,-0.520490,40.355590,2017,138.000000,119.000000,0.862319,Annual,0,18.000000,224.716153,240.279175,-6.477058,12.484231,13.603292,1.089638,5.000000,0.000000,11.000000,9.000000,91.000000,HarvestStat Africa v1.2,https://raw.githubusercontent.com/HarvestStat/HarvestStat-Africa/main/public/hvstat_africa_data_v1.2.csv,WFP HDX CHIRPS v2 dekadal indicators,https://data.humdata.org/dataset/ken-rainfall-subnational
Homa Bay,KE043,-0.562403,34.314532,2017,69055.000000,100741.380000,1.458857,Annual,0,18.000000,744.394497,734.102143,1.402033,41.355250,26.023834,0.629275,12.000000,6.000000,2.000000,2.000000,70.000000,HarvestStat Africa v1.2,https://raw.githubusercontent.com/HarvestStat/HarvestStat-Africa/main/public/hvstat_africa_data_v1.2.csv,WFP HDX CHIRPS v2 dekadal indicators,https://data.humdata.org/dataset/ken-rainfall-subnational
Isiolo,KE011,1.006385,38.747651,2017,358.000000,287.500000,0.803073,Annual,0,18.000000,81.320483,173.962088,-53.253905,4.517805,4.956513,1.097107,0.000000,0.000000,15.000000,9.000000,182.000000,HarvestStat Africa v1.2,https://raw.githubusercontent.com/HarvestStat/HarvestStat-Africa/main/public/hvstat_africa_data_v1.2.csv,WFP HDX CHIRPS v2 dekadal indicators,https://data.humdata.org/dataset/ken-rainfall-subnational
Kajiado,KE034,-2.112369,36.777606,2017,16663.000000,18698.000000,1.122127,Annual,0,18.000000,201.113764,373.466385,-46.149434,11.172987,7.986738,0.714826,2.000000,0.000000,9.000000,3.000000,101.000000,HarvestStat Africa v1.2,https://raw.githubusercontent.com/HarvestStat/HarvestStat-Africa/main/public/hvstat_africa_data_v1.2.csv,WFP HDX CHIRPS v2 dekadal indicators,https://data.humdata.org/dataset/ken-rainfall-subnational
Kakamega,KE037,0.497190,34.800929,2017,95387.000000,238290.550000,2.498145,Annual,0,18.000000,959.400004,951.356143,0.845515,53.300000,35.756673,0.670857,14.000000,9.000000,2.000000,2.000000,70.000000,HarvestStat Africa v1.2,https://raw.githubusercontent.com/HarvestStat/HarvestStat-Africa/main/public/hvstat_africa_data_v1.2.csv,WFP HDX CHIRPS v2 dekadal indicators,https://data.humdata.org/dataset/ken-rainfall-subnational
Kericho,KE035,-0.316683,35.225997,2017,33461.000000,105402.150000,3.150000,Annual,0,18.000000,688.582081,795.027352,-13.388882,38.254560,28.656759,0.749107,13.000000,5.000000,3.000000,2.000000,80.000000,HarvestStat Africa v1.2,https://raw.githubusercontent.com/HarvestStat/HarvestStat-Africa/main/public/hvstat_africa_data_v1.2.csv,WFP HDX CHIRPS v2 dekadal indicators,https://data.humdata.org/dataset/ken-rainfall-subnational
Kiambu,KE022,-1.034385,36.843216,2017,29434.000000,32219.000000,1.094618,Annual,0,18.000000,402.500000,695.396027,-42.119313,22.361111,19.088025,0.853626,8.000000,1.000000,5.000000,2.000000,91.000000,HarvestStat Africa v1.2,https://raw.githubusercontent.com/HarvestStat/HarvestStat-Africa/main/public/hvstat_africa_data_v1.2.csv,WFP HDX CHIRPS v2 dekadal indicators,https://data.humdata.org/dataset/ken-rainfall-subnational
Kilifi,KE003,-3.152441,39.672708,2017,60617.000000,54675.350000,0.901980,Annual,0,18.000000,517.074256,488.607513,5.826096,28.726348,35.004146,1.218538,10.000000,3.000000,7.000000,7.000000,91.000000,HarvestStat Africa v1.2,https://raw.githubusercontent.com/HarvestStat/HarvestStat-Africa/main/public/hvstat_africa_data_v1.2.csv,WFP HDX CHIRPS v2 dekadal indicators,https://data.humdata.org/dataset/ken-rainfall-subnational
Kirinyaga,KE020,-0.467350,37.301902,2017,30877.000000,33347.180000,1.080001,Annual,0,18.000000,394.770831,646.759723,-38.961748,21.931713,20.278006,0.924597,7.000000,3.000000,8.000000,4.000000,91.000000,HarvestStat Africa v1.2,https://raw.githubusercontent.com/HarvestStat/HarvestStat-Africa/main/public/hvstat_africa_data_v1.2.csv,WFP HDX CHIRPS v2 dekadal indicators,https://data.humdata.org/dataset/ken-rainfall-subnational
Kisii,KE045,-0.736677,34.753510,2017,74162.000000,154181.900000,2.078988,Annual,0,18.000000,864.100000,925.845013,-6.669044,48.005556,31.354539,0.653144,14.000000,8.000000,2.000000,2.000000,70.000000,HarvestStat Africa v1.2,https://raw.githubusercontent.com/HarvestStat/HarvestStat-Africa/main/public/hvstat_africa_data_v1.2.csv,WFP HDX CHIRPS v2 dekadal indicators,https://data.humdata.org/dataset/ken-rainfall-subnational
Kisumu,KE042,-0.194380,34.777329,2017,50470.000000,70913.500000,1.405062,Annual,0,18.000000,849.579705,816.425122,4.060946,47.198872,31.412404,0.665533,15.000000,7.000000,2.000000,2.000000,70.000000,HarvestStat Africa v1.2,https://raw.githubusercontent.com/HarvestStat/HarvestStat-Africa/main/public/hvstat_africa_data_v1.2.csv,WFP HDX CHIRPS v2 dekadal indicators,https://data.humdata.org/dataset/ken-rainfall-subnational
Kitui,KE015,-1.560490,38.371810,2017,80244.000000,22966.650000,0.286210,Annual,0,18.000000,190.510530,272.434005,-30.070943,10.583918,13.161930,1.243578,3.000000,0.000000,13.000000,5.000000,91.000000,HarvestStat Africa v1.2,https://raw.githubusercontent.com/HarvestStat/HarvestStat-Africa/main/public/hvstat_africa_data_v1.2.csv,WFP HDX CHIRPS v2 dekadal indicators,https://data.humdata.org/dataset/ken-rainfall-subnational
Kwale,KE002,-4.120591,39.066136,2017,68886.000000,62102.760000,0.901529,Annual,0,18.000000,572.241634,541.885007,5.602042,31.791202,44.190190,1.390013,10.000000,2.000000,8.000000,8.000000,80.000000,HarvestStat Africa v1.2,https://raw.githubusercontent.com/HarvestStat/HarvestStat-Africa/main/public/hvstat_africa_data_v1.2.csv,WFP HDX CHIRPS v2 dekadal indicators,https://data.humdata.org/dataset/ken-rainfall-subnational
Laikipia,KE031,0.289134,36.825248,2017,44312.000000,127618.000000,2.879987,Annual,0,18.000000,221.096024,361.774838,-38.885737,12.283112,8.738009,0.711384,4.000000,0.000000,10.000000,4.000000,121.000000,HarvestStat Africa v1.2,https://raw.githubusercontent.com/HarvestStat/HarvestStat-Africa/main/public/hvstat_africa_data_v1.2.csv,WFP HDX CHIRPS v2 dekadal indicators,https://data.humdata.org/dataset/ken-rainfall-subnational
Lamu,KE005,-2.063679,40.545830,2017,22704.000000,29025.000000,1.278409,Annual,0,18.000000,541.133012,534.602138,1.221633,30.062945,36.929278,1.228399,9.000000,4.000000,9.000000,9.000000,91.000000,HarvestStat Africa v1.2,https://raw.githubusercontent.com/HarvestStat/HarvestStat-Africa/main/public/hvstat_africa_data_v1.2.csv,WFP HDX CHIRPS v2 dekadal indicators,https://data.humdata.org/dataset/ken-rainfall-subnational
Machakos,KE016,-1.276237,37.394595,2017,130298.000000,81373.550000,0.624519,Annual,0,18.000000,258.093592,412.340392,-37.407638,14.338533,13.759364,0.959608,5.000000,0.000000,10.000000,5.000000,91.000000,HarvestStat Africa v1.2,https://raw.githubusercontent.com/HarvestStat/HarvestStat-Africa/main/public/hvstat_africa_data_v1.2.csv,WFP HDX CHIRPS v2 dekadal indicators,https://data.humdata.org/dataset/ken-rainfall-subnational
Makueni,KE017,-2.253637,37.876663,2017,123311.000000,62758.600000,0.508946,Annual,0,18.000000,221.556425,334.183265,-33.702119,12.308690,13.923707,1.131209,4.000000,1.000000,11.000000,5.000000,91.000000,HarvestStat Africa v1.2,https://raw.githubusercontent.com/HarvestStat/HarvestStat-Africa/main/public/hvstat_africa_data_v1.2.csv,WFP HDX CHIRPS v2 dekadal indicators,https://data.humdata.org/dataset/ken-rainfall-subnational
Mandera,KE009,3.230964,40.711346,2017,1500.000000,350.000000,0.233333,Annual,0,18.000000,159.992874,189.924349,-15.759683,8.888493,12.340859,1.388408,4.000000,0.000000,13.000000,9.000000,91.000000,HarvestStat Africa v1.2,https://raw.githubusercontent.com/HarvestStat/HarvestStat-Africa/main/public/hvstat_africa_data_v1.2.csv,WFP HDX CHIRPS v2 dekadal indicators,https://data.humdata.org/dataset/ken-rainfall-subnational
Marsabit,KE010,2.860480,37.714884,2017,1060.000000,347.000000,0.327358,Annual,0,18.000000,141.891493,184.486778,-23.088530,7.882861,9.190135,1.165838,3.000000,0.000000,13.000000,5.000000,111.000000,HarvestStat Africa v1.2,https://raw.githubusercontent.com/HarvestStat/HarvestStat-Africa/main/public/hvstat_africa_data_v1.2.csv,WFP HDX CHIRPS v2 dekadal indicators,https://data.humdata.org/dataset/ken-rainfall-subnational
Meru,KE012,0.229055,37.776111,2017,72012.000000,74726.300000,1.037692,Annual,0,18.000000,273.035242,524.441410,-47.937894,15.168625,16.192782,1.067518,4.000000,1.000000,10.000000,4.000000,91.000000,HarvestStat Africa v1.2,https://raw.githubusercontent.com/HarvestStat/HarvestStat-Africa/main/public/hvstat_africa_data_v1.2.csv,WFP HDX CHIRPS v2 dekadal indicators,https://data.humdata.org/dataset/ken-rainfall-subnational
Migori,KE044,-1.018704,34.309173,2017,82153.000000,128126.340000,1.559606,Annual,0,18.000000,689.655174,753.103059,-8.424861,38.314176,27.361347,0.714131,13.000000,6.000000,3.000000,2.000000,70.000000,HarvestStat Africa v1.2,https://raw.githubusercontent.com/HarvestStat/HarvestStat-Africa/main/public/hvstat_africa_data_v1.2.csv,WFP HDX CHIRPS v2 dekadal indicators,https://data.humdata.org/dataset/ken-rainfall-subnational
Mombasa,KE001,-3.990448,39.701130,2017,439.000000,308.920000,0.703690,Annual,0,18.000000,877.200000,734.479994,19.431435,48.733333,83.537403,1.714174,10.000000,5.000000,7.000000,7.000000,80.000000,HarvestStat Africa v1.2,https://raw.githubusercontent.com/HarvestStat/HarvestStat-Africa/main/public/hvstat_africa_data_v1.2.csv,WFP HDX CHIRPS v2 dekadal indicators,https://data.humdata.org/dataset/ken-rainfall-subnational
Murang'a,KE021,-0.828519,37.004173,2017,65701.000000,71793.000000,1.092723,Annual,0,18.000000,441.924372,695.837541,-36.490295,24.551354,20.718178,0.843871,8.000000,3.000000,8.000000,4.000000,91.000000,HarvestStat Africa v1.2,https://raw.githubusercontent.com/HarvestStat/HarvestStat-Africa/main/public/hvstat_africa_data_v1.2.csv,WFP HDX CHIRPS v2 dekadal indicators,https://data.humdata.org/dataset/ken-rainfall-subnational
Nairobi,KE047,-1.300489,36.827926,2017,804.000000,458.000000,0.569652,Annual,0,18.000000,272.884616,505.110248,-45.975237,15.160256,11.379296,0.750600,6.000000,0.000000,10.000000,5.000000,91.000000,HarvestStat Africa v1.2,https://raw.githubusercontent.com/HarvestStat/HarvestStat-Africa/main/public/hvstat_africa_data_v1.2.csv,WFP HDX CHIRPS v2 dekadal indicators,https://data.humdata.org/dataset/ken-rainfall-subnational
Nakuru,KE032,-0.458448,36.100384,2017,86102.000000,238002.400000,2.764191,Annual,0,18.000000,342.840336,535.090196,-35.928496,19.046685,12.459773,0.654170,7.000000,1.000000,5.000000,2.000000,101.000000,HarvestStat Africa v1.2,https://raw.githubusercontent.com/HarvestStat/HarvestStat-Africa/main/public/hvstat_africa_data_v1.2.csv,WFP HDX CHIRPS v2 dekadal indicators,https://data.humdata.org/dataset/ken-rainfall-subnational
Nandi,KE029,0.227352,35.123876,2017,67451.000000,229736.300000,3.405973,Annual,0,18.000000,746.769232,819.099630,-8.830476,41.487180,26.586950,0.640847,14.000000,6.000000,3.000000,2.000000,80.000000,HarvestStat Africa v1.2,https://raw.githubusercontent.com/HarvestStat/HarvestStat-Africa/main/public/hvstat_africa_data_v1.2.csv,WFP HDX CHIRPS v2 dekadal indicators,https://data.humdata.org/dataset/ken-rainfall-subnational
Narok,KE033,-1.279878,35.476358,2017,91602.000000,208306.850000,2.274043,Annual,0,18.000000,415.732421,591.197598,-29.679616,23.096246,12.390063,0.536454,10.000000,0.000000,3.000000,2.000000,80.000000,HarvestStat Africa v1.2,https://raw.githubusercontent.com/HarvestStat/HarvestStat-Africa/main/public/hvstat_africa_data_v1.2.csv,WFP HDX CHIRPS v2 dekadal indicators,https://data.humdata.org/dataset/ken-rainfall-subnational
Nyamira,KE046,-0.649378,34.933398,2017,60101.000000,91040.700000,1.514795,Annual,0,18.000000,859.724140,912.716100,-5.805963,47.762452,33.761728,0.706868,13.000000,7.000000,2.000000,2.000000,70.000000,HarvestStat Africa v1.2,https://raw.githubusercontent.com/HarvestStat/HarvestStat-Africa/main/public/hvstat_africa_data_v1.2.csv,WFP HDX CHIRPS v2 dekadal indicators,https://data.humdata.org/dataset/ken-rainfall-subnational
Nyandarua,KE018,-0.389093,36.497431,2017,14980.000000,12927.000000,0.862951,Annual,0,18.000000,366.833335,598.538580,-38.711831,20.379630,13.602863,0.667474,8.000000,1.000000,5.000000,4.000000,91.000000,HarvestStat Africa v1.2,https://raw.githubusercontent.com/HarvestStat/HarvestStat-Africa/main/public/hvstat_africa_data_v1.2.csv,WFP HDX CHIRPS v2 dekadal indicators,https://data.humdata.org/dataset/ken-rainfall-subnational
Nyeri,KE019,-0.314375,36.930473,2017,28631.000000,39049.060000,1.363873,Annual,0,18.000000,417.927273,644.133946,-35.117956,23.218182,17.852895,0.768919,7.000000,2.000000,6.000000,3.000000,91.000000,HarvestStat Africa v1.2,https://raw.githubusercontent.com/HarvestStat/HarvestStat-Africa/main/public/hvstat_africa_data_v1.2.csv,WFP HDX CHIRPS v2 dekadal indicators,https://data.humdata.org/dataset/ken-rainfall-subnational
Samburu,KE025,1.541373,36.941540,2017,8010.000000,4364.000000,0.544819,Annual,0,18.000000,167.252555,270.988171,-38.280496,9.291809,8.198312,0.882316,3.000000,0.000000,12.000000,5.000000,111.000000,HarvestStat Africa v1.2,https://raw.githubusercontent.com/HarvestStat/HarvestStat-Africa/main/public/hvstat_africa_data_v1.2.csv,WFP HDX CHIRPS v2 dekadal indicators,https://data.humdata.org/dataset/ken-rainfall-subnational
Siaya,KE041,-0.057674,34.199887,2017,66766.000000,87638.450000,1.312621,Annual,0,18.000000,943.562496,811.195420,16.317532,52.420139,38.124507,0.727287,14.000000,7.000000,3.000000,2.000000,70.000000,HarvestStat Africa v1.2,https://raw.githubusercontent.com/HarvestStat/HarvestStat-Africa/main/public/hvstat_africa_data_v1.2.csv,WFP HDX CHIRPS v2 dekadal indicators,https://data.humdata.org/dataset/ken-rainfall-subnational
Taita Taveta,KE006,-3.405203,38.371760,2017,18977.000000,20364.000000,1.073088,Annual,0,18.000000,239.975049,310.607723,-22.740154,13.331947,13.841200,1.038198,4.000000,1.000000,12.000000,8.000000,101.000000,HarvestStat Africa v1.2,https://raw.githubusercontent.com/HarvestStat/HarvestStat-Africa/main/public/hvstat_africa_data_v1.2.csv,WFP HDX CHIRPS v2 dekadal indicators,https://data.humdata.org/dataset/ken-rainfall-subnational
Tana River,KE004,-1.534918,39.550288,2017,4819.000000,3536.000000,0.733762,Annual,0,18.000000,149.494734,192.080568,-22.170818,8.305263,6.651042,0.800823,2.000000,0.000000,13.000000,9.000000,182.000000,HarvestStat Africa v1.2,https://raw.githubusercontent.com/HarvestStat/HarvestStat-Africa/main/public/hvstat_africa_data_v1.2.csv,WFP HDX CHIRPS v2 dekadal indicators,https://data.humdata.org/dataset/ken-rainfall-subnational
Tharaka-Nithi,KE013,-0.191445,37.960417,2017,24436.000000,19128.500000,0.782800,Annual,0,18.000000,318.000002,547.091662,-41.874457,17.666667,23.973338,1.356981,5.000000,1.000000,11.000000,4.000000,91.000000,HarvestStat Africa v1.2,https://raw.githubusercontent.com/HarvestStat/HarvestStat-Africa/main/public/hvstat_africa_data_v1.2.csv,WFP HDX CHIRPS v2 dekadal indicators,https://data.humdata.org/dataset/ken-rainfall-subnational
Trans Nzoia,KE026,1.045915,34.980778,2017,107681.000000,548196.010000,5.090926,Annual,0,18.000000,599.202534,634.237966,-5.524020,33.289030,21.191285,0.636585,13.000000,3.000000,4.000000,2.000000,80.000000,HarvestStat Africa v1.2,https://raw.githubusercontent.com/HarvestStat/HarvestStat-Africa/main/public/hvstat_africa_data_v1.2.csv,WFP HDX CHIRPS v2 dekadal indicators,https://data.humdata.org/dataset/ken-rainfall-subnational
Turkana,KE023,3.162488,35.313492,2017,4245.840000,3741.010000,0.881100,Annual,0,18.000000,116.181336,172.177661,-32.522410,6.454519,4.358759,0.675304,0.000000,0.000000,14.000000,5.000000,182.000000,HarvestStat Africa v1.2,https://raw.githubusercontent.com/HarvestStat/HarvestStat-Africa/main/public/hvstat_africa_data_v1.2.csv,WFP HDX CHIRPS v2 dekadal indicators,https://data.humdata.org/dataset/ken-rainfall-subnational
Uasin Gishu,KE027,0.478188,35.303799,2017,95209.000000,405459.680000,4.258628,Annual,0,18.000000,456.135142,606.721928,-24.819737,25.340841,16.704698,0.659201,11.000000,1.000000,5.000000,2.000000,80.000000,HarvestStat Africa v1.2,https://raw.githubusercontent.com/HarvestStat/HarvestStat-Africa/main/public/hvstat_africa_data_v1.2.csv,WFP HDX CHIRPS v2 dekadal indicators,https://data.humdata.org/dataset/ken-rainfall-subnational
Vihiga,KE038,0.084857,34.707784,2017,25090.000000,35129.000000,1.400120,Annual,0,18.000000,1111.631559,1006.033351,10.496492,61.757309,42.929176,0.695127,15.000000,10.000000,3.000000,2.000000,70.000000,HarvestStat Africa v1.2,https://raw.githubusercontent.com/HarvestStat/HarvestStat-Africa/main/public/hvstat_africa_data_v1.2.csv,WFP HDX CHIRPS v2 dekadal indicators,https://data.humdata.org/dataset/ken-rainfall-subnational
Wajir,KE008,1.939715,40.024507,2017,610.000000,1034.000000,1.695082,Annual,0,18.000000,168.339103,193.539230,-13.020682,9.352172,13.270517,1.418977,4.000000,0.000000,14.000000,9.000000,91.000000,HarvestStat Africa v1.2,https://raw.githubusercontent.com/HarvestStat/HarvestStat-Africa/main/public/hvstat_africa_data_v1.2.csv,WFP HDX CHIRPS v2 dekadal indicators,https://data.humdata.org/dataset/ken-rainfall-subnational
West Pokot,KE024,1.893374,35.212768,2017,32172.000000,61840.000000,1.922168,Annual,0,18.000000,332.581636,443.095810,-24.941372,18.476758,13.309329,0.720328,7.000000,0.000000,6.000000,2.000000,121.000000,HarvestStat Africa v1.2,https://raw.githubusercontent.com/HarvestStat/HarvestStat-Africa/main/public/hvstat_africa_data_v1.2.csv,WFP HDX CHIRPS v2 dekadal indicators,https://data.humdata.org/dataset/ken-rainfall-subnational
Baringo,KE030,0.726352,36.018591,2018,45171.000000,70810.300000,1.567605,Annual,0,18.000000,966.826212,465.744538,107.587236,53.712567,41.566532,0.773870,11.000000,10.000000,6.000000,6.000000,60.000000,HarvestStat Africa v1.2,https://raw.githubusercontent.com/HarvestStat/HarvestStat-Africa/main/public/hvstat_africa_data_v1.2.csv,WFP HDX CHIRPS v2 dekadal indicators,https://data.humdata.org/dataset/ken-rainfall-subnational
Bomet,KE036,-0.716095,35.238459,2018,34476.000000,74728.000000,2.167537,Annual,0,18.000000,1202.631585,842.724213,42.707610,66.812866,41.709585,0.624275,13.000000,12.000000,1.000000,1.000000,60.000000,HarvestStat Africa v1.2,https://raw.githubusercontent.com/HarvestStat/HarvestStat-Africa/main/public/hvstat_africa_data_v1.2.csv,WFP HDX CHIRPS v2 dekadal indicators,https://data.humdata.org/dataset/ken-rainfall-subnational
Bungoma,KE039,0.785694,34.718757,2018,94635.000000,315710.750000,3.336089,Annual,0,18.000000,1165.150005,854.742337,36.315935,64.730556,48.077717,0.742736,14.000000,10.000000,4.000000,4.000000,60.000000,HarvestStat Africa v1.2,https://raw.githubusercontent.com/HarvestStat/HarvestStat-Africa/main/public/hvstat_africa_data_v1.2.csv,WFP HDX CHIRPS v2 dekadal indicators,https://data.humdata.org/dataset/ken-rainfall-subnational
Busia,KE040,0.375707,34.265111,2018,61850.000000,67445.000000,1.090461,Annual,0,18.000000,1081.057698,900.425645,20.060741,60.058761,39.960128,0.665351,14.000000,9.000000,3.000000,2.000000,60.000000,HarvestStat Africa v1.2,https://raw.githubusercontent.com/HarvestStat/HarvestStat-Africa/main/public/hvstat_africa_data_v1.2.csv,WFP HDX CHIRPS v2 dekadal indicators,https://data.humdata.org/dataset/ken-rainfall-subnational
Elgeyo-Marakwet,KE028,0.745102,35.560856,2018,31779.000000,104486.900000,3.287923,Annual,0,18.000000,1191.353529,657.566659,81.176085,66.186307,52.144355,0.787842,11.000000,11.000000,5.000000,5.000000,60.000000,HarvestStat Africa v1.2,https://raw.githubusercontent.com/HarvestStat/HarvestStat-Africa/main/public/hvstat_africa_data_v1.2.csv,WFP HDX CHIRPS v2 dekadal indicators,https://data.humdata.org/dataset/ken-rainfall-subnational
Embu,KE014,-0.532830,37.664629,2018,34100.000000,28367.600000,0.831894,Annual,0,18.000000,1001.241750,525.286081,90.608848,55.624542,63.426301,1.140258,9.000000,9.000000,8.000000,6.000000,60.000000,HarvestStat Africa v1.2,https://raw.githubusercontent.com/HarvestStat/HarvestStat-Africa/main/public/hvstat_africa_data_v1.2.csv,WFP HDX CHIRPS v2 dekadal indicators,https://data.humdata.org/dataset/ken-rainfall-subnational
Garissa,KE007,-0.520490,40.355590,2018,150.000000,109.100000,0.727333,Annual,0,18.000000,464.411687,240.279175,93.280040,25.800649,25.465038,0.986992,9.000000,3.000000,7.000000,6.000000,60.000000,HarvestStat Africa v1.2,https://raw.githubusercontent.com/HarvestStat/HarvestStat-Africa/main/public/hvstat_africa_data_v1.2.csv,WFP HDX CHIRPS v2 dekadal indicators,https://data.humdata.org/dataset/ken-rainfall-subnational
Homa Bay,KE043,-0.562403,34.314532,2018,72793.000000,102742.000000,1.411427,Annual,0,18.000000,865.871563,734.102143,17.949739,48.103976,30.253452,0.628918,12.000000,9.000000,3.000000,2.000000,60.000000,HarvestStat Africa v1.2,https://raw.githubusercontent.com/HarvestStat/HarvestStat-Africa/main/public/hvstat_africa_data_v1.2.csv,WFP HDX CHIRPS v2 dekadal indicators,https://data.humdata.org/dataset/ken-rainfall-subnational
Isiolo,KE011,1.006385,38.747651,2018,530.000000,749.000000,1.413208,Annual,0,18.000000,406.749396,173.962088,133.814966,22.597189,31.606840,1.398707,6.000000,4.000000,12.000000,6.000000,60.000000,HarvestStat Africa v1.2,https://raw.githubusercontent.com/HarvestStat/HarvestStat-Africa/main/public/hvstat_africa_data_v1.2.csv,WFP HDX CHIRPS v2 dekadal indicators,https://data.humdata.org/dataset/ken-rainfall-subnational
Kajiado,KE034,-2.112369,36.777606,2018,17511.000000,16188.950000,0.924502,Annual,0,18.000000,722.292125,373.466385,93.402179,40.127340,45.288977,1.128631,8.000000,5.000000,8.000000,5.000000,60.000000,HarvestStat Africa v1.2,https://raw.githubusercontent.com/HarvestStat/HarvestStat-Africa/main/public/hvstat_africa_data_v1.2.csv,WFP HDX CHIRPS v2 dekadal indicators,https://data.humdata.org/dataset/ken-rainfall-subnational
Kakamega,KE037,0.497190,34.800929,2018,95389.500000,259002.990000,2.715215,Annual,0,18.000000,1277.589472,951.356143,34.291399,70.977193,48.177045,0.678768,14.000000,10.000000,4.000000,4.000000,60.000000,HarvestStat Africa v1.2,https://raw.githubusercontent.com/HarvestStat/HarvestStat-Africa/main/public/hvstat_africa_data_v1.2.csv,WFP HDX CHIRPS v2 dekadal indicators,https://data.humdata.org/dataset/ken-rainfall-subnational
Kericho,KE035,-0.316683,35.225997,2018,32050.000000,85815.000000,2.677535,Annual,0,18.000000,1251.477593,795.027352,57.413149,69.526533,46.096582,0.663007,13.000000,12.000000,3.000000,2.000000,60.000000,HarvestStat Africa v1.2,https://raw.githubusercontent.com/HarvestStat/HarvestStat-Africa/main/public/hvstat_africa_data_v1.2.csv,WFP HDX CHIRPS v2 dekadal indicators,https://data.humdata.org/dataset/ken-rainfall-subnational
Kiambu,KE022,-1.034385,36.843216,2018,31447.200000,83239.200000,2.646951,Annual,0,18.000000,1407.476179,695.396027,102.399226,78.193121,86.249379,1.103030,10.000000,8.000000,1.000000,1.000000,60.000000,HarvestStat Africa v1.2,https://raw.githubusercontent.com/HarvestStat/HarvestStat-Africa/main/public/hvstat_africa_data_v1.2.csv,WFP HDX CHIRPS v2 dekadal indicators,https://data.humdata.org/dataset/ken-rainfall-subnational
Kilifi,KE003,-3.152441,39.672708,2018,72499.000000,45769.290000,0.631309,Annual,0,18.000000,721.435639,488.607513,47.651360,40.079758,39.517672,0.985976,12.000000,6.000000,6.000000,6.000000,60.000000,HarvestStat Africa v1.2,https://raw.githubusercontent.com/HarvestStat/HarvestStat-Africa/main/public/hvstat_africa_data_v1.2.csv,WFP HDX CHIRPS v2 dekadal indicators,https://data.humdata.org/dataset/ken-rainfall-subnational
Kirinyaga,KE020,-0.467350,37.301902,2018,30406.000000,45035.970000,1.481154,Annual,0,18.000000,1296.645827,646.759723,100.483391,72.035879,71.806266,0.996813,12.000000,9.000000,6.000000,6.000000,60.000000,HarvestStat Africa v1.2,https://raw.githubusercontent.com/HarvestStat/HarvestStat-Africa/main/public/hvstat_africa_data_v1.2.csv,WFP HDX CHIRPS v2 dekadal indicators,https://data.humdata.org/dataset/ken-rainfall-subnational
Kisii,KE045,-0.736677,34.753510,2018,66625.000000,144479.840000,2.168553,Annual,0,18.000000,1125.799998,925.845013,21.597026,62.544444,39.095281,0.625080,14.000000,10.000000,1.000000,1.000000,60.000000,HarvestStat Africa v1.2,https://raw.githubusercontent.com/HarvestStat/HarvestStat-Africa/main/public/hvstat_africa_data_v1.2.csv,WFP HDX CHIRPS v2 dekadal indicators,https://data.humdata.org/dataset/ken-rainfall-subnational
Kisumu,KE042,-0.194380,34.777329,2018,50228.000000,69956.400000,1.392777,Annual,0,18.000000,1072.971018,816.425122,31.423077,59.609501,38.556090,0.646811,14.000000,10.000000,2.000000,1.000000,60.000000,HarvestStat Africa v1.2,https://raw.githubusercontent.com/HarvestStat/HarvestStat-Africa/main/public/hvstat_africa_data_v1.2.csv,WFP HDX CHIRPS v2 dekadal indicators,https://data.humdata.org/dataset/ken-rainfall-subnational
Kitui,KE015,-1.560490,38.371810,2018,76901.000000,98045.700000,1.274960,Annual,0,18.000000,569.890676,272.434005,109.184855,31.660593,42.810080,1.352157,6.000000,5.000000,9.000000,6.000000,60.000000,HarvestStat Africa v1.2,https://raw.githubusercontent.com/HarvestStat/HarvestStat-Africa/main/public/hvstat_africa_data_v1.2.csv,WFP HDX CHIRPS v2 dekadal indicators,https://data.humdata.org/dataset/ken-rainfall-subnational
Kwale,KE002,-4.120591,39.066136,2018,65500.000000,35485.350000,0.541761,Annual,0,18.000000,766.657978,541.885007,41.479829,42.592110,40.994366,0.962487,12.000000,6.000000,5.000000,5.000000,60.000000,HarvestStat Africa v1.2,https://raw.githubusercontent.com/HarvestStat/HarvestStat-Africa/main/public/hvstat_africa_data_v1.2.csv,WFP HDX CHIRPS v2 dekadal indicators,https://data.humdata.org/dataset/ken-rainfall-subnational
Laikipia,KE031,0.289134,36.825248,2018,44569.000000,129535.000000,2.906392,Annual,0,18.000000,772.344373,361.774838,113.487588,42.908021,33.345505,0.777139,12.000000,9.000000,6.000000,6.000000,60.000000,HarvestStat Africa v1.2,https://raw.githubusercontent.com/HarvestStat/HarvestStat-Africa/main/public/hvstat_africa_data_v1.2.csv,WFP HDX CHIRPS v2 dekadal indicators,https://data.humdata.org/dataset/ken-rainfall-subnational
Lamu,KE005,-2.063679,40.545830,2018,29350.000000,53232.000000,1.813697,Annual,0,18.000000,891.512315,534.602138,66.761831,49.528462,68.715983,1.387404,11.000000,5.000000,6.000000,6.000000,80.000000,HarvestStat Africa v1.2,https://raw.githubusercontent.com/HarvestStat/HarvestStat-Africa/main/public/hvstat_africa_data_v1.2.csv,WFP HDX CHIRPS v2 dekadal indicators,https://data.humdata.org/dataset/ken-rainfall-subnational
Machakos,KE016,-1.276237,37.394595,2018,214208.000000,92034.230000,0.429649,Annual,0,18.000000,783.955660,412.340392,90.123421,43.553092,49.994001,1.147886,8.000000,6.000000,7.000000,5.000000,60.000000,HarvestStat Africa v1.2,https://raw.githubusercontent.com/HarvestStat/HarvestStat-Africa/main/public/hvstat_africa_data_v1.2.csv,WFP HDX CHIRPS v2 dekadal indicators,https://data.humdata.org/dataset/ken-rainfall-subnational
Makueni,KE017,-2.253637,37.876663,2018,139024.000000,109433.800000,0.787158,Annual,0,18.000000,630.996115,334.183265,88.817389,35.055340,46.370124,1.322769,6.000000,5.000000,8.000000,5.000000,60.000000,HarvestStat Africa v1.2,https://raw.githubusercontent.com/HarvestStat/HarvestStat-Africa/main/public/hvstat_africa_data_v1.2.csv,WFP HDX CHIRPS v2 dekadal indicators,https://data.humdata.org/dataset/ken-rainfall-subnational
Mandera,KE009,3.230964,40.711346,2018,3071.000000,964.290000,0.313999,Annual,0,18.000000,337.065314,189.924349,77.473460,18.725851,24.633993,1.315507,6.000000,2.000000,10.000000,6.000000,60.000000,HarvestStat Africa v1.2,https://raw.githubusercontent.com/HarvestStat/HarvestStat-Africa/main/public/hvstat_africa_data_v1.2.csv,WFP HDX CHIRPS v2 dekadal indicators,https://data.humdata.org/dataset/ken-rainfall-subnational
Marsabit,KE010,2.860480,37.714884,2018,998.000000,402.000000,0.402806,Annual,0,18.000000,355.581163,184.486778,92.740731,19.754509,25.808631,1.306468,6.000000,2.000000,10.000000,6.000000,60.000000,HarvestStat Africa v1.2,https://raw.githubusercontent.com/HarvestStat/HarvestStat-Africa/main/public/hvstat_africa_data_v1.2.csv,WFP HDX CHIRPS v2 dekadal indicators,https://data.humdata.org/dataset/ken-rainfall-subnational
Meru,KE012,0.229055,37.776111,2018,74577.000000,96249.000000,1.290599,Annual,0,18.000000,1042.837017,524.441410,98.847192,57.935390,64.286076,1.109617,10.000000,8.000000,7.000000,6.000000,60.000000,HarvestStat Africa v1.2,https://raw.githubusercontent.com/HarvestStat/HarvestStat-Africa/main/public/hvstat_africa_data_v1.2.csv,WFP HDX CHIRPS v2 dekadal indicators,https://data.humdata.org/dataset/ken-rainfall-subnational
Migori,KE044,-1.018704,34.309173,2018,80745.260000,103964.780000,1.287565,Annual,0,18.000000,873.390802,753.103059,15.972282,48.521711,31.552030,0.650266,13.000000,9.000000,1.000000,1.000000,60.000000,HarvestStat Africa v1.2,https://raw.githubusercontent.com/HarvestStat/HarvestStat-Africa/main/public/hvstat_africa_data_v1.2.csv,WFP HDX CHIRPS v2 dekadal indicators,https://data.humdata.org/dataset/ken-rainfall-subnational
Mombasa,KE001,-3.990448,39.701130,2018,481.000000,259.220000,0.538919,Annual,0,18.000000,980.700000,734.479994,33.523038,54.483333,68.463764,1.256600,12.000000,7.000000,6.000000,6.000000,60.000000,HarvestStat Africa v1.2,https://raw.githubusercontent.com/HarvestStat/HarvestStat-Africa/main/public/hvstat_africa_data_v1.2.csv,WFP HDX CHIRPS v2 dekadal indicators,https://data.humdata.org/dataset/ken-rainfall-subnational
Murang'a,KE021,-0.828519,37.004173,2018,68328.600000,74087.330000,1.084280,Annual,0,18.000000,1473.966392,695.837541,111.826224,81.887022,84.840924,1.036073,11.000000,9.000000,1.000000,1.000000,60.000000,HarvestStat Africa v1.2,https://raw.githubusercontent.com/HarvestStat/HarvestStat-Africa/main/public/hvstat_africa_data_v1.2.csv,WFP HDX CHIRPS v2 dekadal indicators,https://data.humdata.org/dataset/ken-rainfall-subnational
Nairobi,KE047,-1.300489,36.827926,2018,724.500000,1086.730000,1.499972,Annual,0,18.000000,924.576916,505.110248,83.044577,51.365384,53.203985,1.035795,9.000000,6.000000,5.000000,2.000000,60.000000,HarvestStat Africa v1.2,https://raw.githubusercontent.com/HarvestStat/HarvestStat-Africa/main/public/hvstat_africa_data_v1.2.csv,WFP HDX CHIRPS v2 dekadal indicators,https://data.humdata.org/dataset/ken-rainfall-subnational
Nakuru,KE032,-0.458448,36.100384,2018,76705.500000,214783.500000,2.800106,Annual,0,18.000000,1098.924374,535.090196,105.371801,61.051354,43.270854,0.708762,12.000000,11.000000,4.000000,3.000000,60.000000,HarvestStat Africa v1.2,https://raw.githubusercontent.com/HarvestStat/HarvestStat-Africa/main/public/hvstat_africa_data_v1.2.csv,WFP HDX CHIRPS v2 dekadal indicators,https://data.humdata.org/dataset/ken-rainfall-subnational
Nandi,KE029,0.227352,35.123876,2018,66627.000000,184127.080000,2.763551,Annual,0,18.000000,1219.824172,819.099630,48.922564,67.768010,46.069966,0.679819,13.000000,11.000000,3.000000,2.000000,60.000000,HarvestStat Africa v1.2,https://raw.githubusercontent.com/HarvestStat/HarvestStat-Africa/main/public/hvstat_africa_data_v1.2.csv,WFP HDX CHIRPS v2 dekadal indicators,https://data.humdata.org/dataset/ken-rainfall-subnational
Narok,KE033,-1.279878,35.476358,2018,111559.000000,210004.700000,1.882454,Annual,0,18.000000,1032.303601,591.197598,74.612279,57.350200,43.182619,0.752964,16.000000,7.000000,2.000000,2.000000,60.000000,HarvestStat Africa v1.2,https://raw.githubusercontent.com/HarvestStat/HarvestStat-Africa/main/public/hvstat_africa_data_v1.2.csv,WFP HDX CHIRPS v2 dekadal indicators,https://data.humdata.org/dataset/ken-rainfall-subnational
Nyamira,KE046,-0.649378,34.933398,2018,46870.000000,80693.000000,1.721634,Annual,0,18.000000,1143.689648,912.716100,25.306177,63.538314,41.352154,0.650822,13.000000,11.000000,1.000000,1.000000,60.000000,HarvestStat Africa v1.2,https://raw.githubusercontent.com/HarvestStat/HarvestStat-Africa/main/public/hvstat_africa_data_v1.2.csv,WFP HDX CHIRPS v2 dekadal indicators,https://data.humdata.org/dataset/ken-rainfall-subnational
Nyandarua,KE018,-0.389093,36.497431,2018,15555.000000,16540.000000,1.063324,Annual,0,18.000000,1269.324079,598.538580,112.070553,70.518004,50.715973,0.719192,12.000000,11.000000,5.000000,3.000000,60.000000,HarvestStat Africa v1.2,https://raw.githubusercontent.com/HarvestStat/HarvestStat-Africa/main/public/hvstat_africa_data_v1.2.csv,WFP HDX CHIRPS v2 dekadal indicators,https://data.humdata.org/dataset/ken-rainfall-subnational
Nyeri,KE019,-0.314375,36.930473,2018,28874.000000,29738.400000,1.029937,Annual,0,18.000000,1232.527295,644.133946,91.346428,68.473739,56.174584,0.820381,12.000000,10.000000,5.000000,3.000000,60.000000,HarvestStat Africa v1.2,https://raw.githubusercontent.com/HarvestStat/HarvestStat-Africa/main/public/hvstat_africa_data_v1.2.csv,WFP HDX CHIRPS v2 dekadal indicators,https://data.humdata.org/dataset/ken-rainfall-subnational
Samburu,KE025,1.541373,36.941540,2018,8580.000000,1839.200000,0.214359,Annual,0,18.000000,572.802925,270.988171,111.375619,31.822385,32.144654,1.010127,9.000000,5.000000,7.000000,6.000000,60.000000,HarvestStat Africa v1.2,https://raw.githubusercontent.com/HarvestStat/HarvestStat-Africa/main/public/hvstat_africa_data_v1.2.csv,WFP HDX CHIRPS v2 dekadal indicators,https://data.humdata.org/dataset/ken-rainfall-subnational
Siaya,KE041,-0.057674,34.199887,2018,64387.000000,75732.950000,1.176215,Annual,0,18.000000,981.775001,811.195420,21.028174,54.543056,35.010185,0.641882,14.000000,10.000000,3.000000,2.000000,60.000000,HarvestStat Africa v1.2,https://raw.githubusercontent.com/HarvestStat/HarvestStat-Africa/main/public/hvstat_africa_data_v1.2.csv,WFP HDX CHIRPS v2 dekadal indicators,https://data.humdata.org/dataset/ken-rainfall-subnational
Taita Taveta,KE006,-3.405203,38.371760,2018,17069.000000,16698.430000,0.978290,Annual,0,18.000000,502.614985,310.607723,61.816641,27.923055,39.095127,1.400102,5.000000,3.000000,9.000000,5.000000,60.000000,HarvestStat Africa v1.2,https://raw.githubusercontent.com/HarvestStat/HarvestStat-Africa/main/public/hvstat_africa_data_v1.2.csv,WFP HDX CHIRPS v2 dekadal indicators,https://data.humdata.org/dataset/ken-rainfall-subnational
Tana River,KE004,-1.534918,39.550288,2018,5311.000000,4471.050000,0.841847,Annual,0,18.000000,381.061536,192.080568,98.386303,21.170085,23.136360,1.092880,8.000000,3.000000,9.000000,6.000000,60.000000,HarvestStat Africa v1.2,https://raw.githubusercontent.com/HarvestStat/HarvestStat-Africa/main/public/hvstat_africa_data_v1.2.csv,WFP HDX CHIRPS v2 dekadal indicators,https://data.humdata.org/dataset/ken-rainfall-subnational
Tharaka-Nithi,KE013,-0.191445,37.960417,2018,24436.000000,11942.690000,0.488733,Annual,0,18.000000,1043.583331,547.091662,90.751094,57.976852,71.223380,1.228480,9.000000,8.000000,8.000000,6.000000,60.000000,HarvestStat Africa v1.2,https://raw.githubusercontent.com/HarvestStat/HarvestStat-Africa/main/public/hvstat_africa_data_v1.2.csv,WFP HDX CHIRPS v2 dekadal indicators,https://data.humdata.org/dataset/ken-rainfall-subnational
Trans Nzoia,KE026,1.045915,34.980778,2018,106549.000000,426499.000000,4.002844,Annual,0,18.000000,1042.759499,634.237966,64.411397,57.931083,44.351555,0.765592,11.000000,11.000000,5.000000,5.000000,60.000000,HarvestStat Africa v1.2,https://raw.githubusercontent.com/HarvestStat/HarvestStat-Africa/main/public/hvstat_africa_data_v1.2.csv,WFP HDX CHIRPS v2 dekadal indicators,https://data.humdata.org/dataset/ken-rainfall-subnational
Turkana,KE023,3.162488,35.313492,2018,8931.000000,5689.480000,0.637048,Annual,0,18.000000,363.574761,172.177661,111.162562,20.198598,20.752470,1.027421,8.000000,2.000000,7.000000,6.000000,60.000000,HarvestStat Africa v1.2,https://raw.githubusercontent.com/HarvestStat/HarvestStat-Africa/main/public/hvstat_africa_data_v1.2.csv,WFP HDX CHIRPS v2 dekadal indicators,https://data.humdata.org/dataset/ken-rainfall-subnational
Uasin Gishu,KE027,0.478188,35.303799,2018,100081.000000,324366.000000,3.241035,Annual,0,18.000000,1051.243254,606.721928,73.266072,58.402403,44.773973,0.766646,11.000000,11.000000,5.000000,5.000000,60.000000,HarvestStat Africa v1.2,https://raw.githubusercontent.com/HarvestStat/HarvestStat-Africa/main/public/hvstat_africa_data_v1.2.csv,WFP HDX CHIRPS v2 dekadal indicators,https://data.humdata.org/dataset/ken-rainfall-subnational
Vihiga,KE038,0.084857,34.707784,2018,28560.000000,38207.800000,1.337808,Annual,0,18.000000,1293.842124,1006.033351,28.608274,71.880118,45.635039,0.634877,14.000000,10.000000,2.000000,1.000000,60.000000,HarvestStat Africa v1.2,https://raw.githubusercontent.com/HarvestStat/HarvestStat-Africa/main/public/hvstat_africa_data_v1.2.csv,WFP HDX CHIRPS v2 dekadal indicators,https://data.humdata.org/dataset/ken-rainfall-subnational
Wajir,KE008,1.939715,40.024507,2018,306.000000,225.000000,0.735294,Annual,0,18.000000,365.570039,193.539230,88.886790,20.309447,26.708324,1.315069,7.000000,2.000000,9.000000,6.000000,60.000000,HarvestStat Africa v1.2,https://raw.githubusercontent.com/HarvestStat/HarvestStat-Africa/main/public/hvstat_africa_data_v1.2.csv,WFP HDX CHIRPS v2 dekadal indicators,https://data.humdata.org/dataset/ken-rainfall-subnational
West Pokot,KE024,1.893374,35.212768,2018,36720.000000,82848.500000,2.256223,Annual,0,18.000000,818.578239,443.095810,84.740686,45.476569,39.987437,0.879298,11.000000,8.000000,6.000000,6.000000,60.000000,HarvestStat Africa v1.2,https://raw.githubusercontent.com/HarvestStat/HarvestStat-Africa/main/public/hvstat_africa_data_v1.2.csv,WFP HDX CHIRPS v2 dekadal indicators,https://data.humdata.org/dataset/ken-rainfall-subnational
Baringo,KE030,0.726352,36.018591,2019,47437.000000,68374.390000,1.441373,Annual,0,18.000000,377.544157,465.744538,-18.937502,20.974675,23.523307,1.121510,5.000000,2.000000,8.000000,6.000000,111.000000,HarvestStat Africa v1.2,https://raw.githubusercontent.com/HarvestStat/HarvestStat-Africa/main/public/hvstat_africa_data_v1.2.csv,WFP HDX CHIRPS v2 dekadal indicators,https://data.humdata.org/dataset/ken-rainfall-subnational
Bomet,KE036,-0.716095,35.238459,2019,42763.000000,73609.650000,1.721340,Annual,0,18.000000,759.578945,842.724213,-9.866249,42.198830,39.434567,0.934494,11.000000,7.000000,4.000000,2.000000,91.000000,HarvestStat Africa v1.2,https://raw.githubusercontent.com/HarvestStat/HarvestStat-Africa/main/public/hvstat_africa_data_v1.2.csv,WFP HDX CHIRPS v2 dekadal indicators,https://data.humdata.org/dataset/ken-rainfall-subnational
Bungoma,KE039,0.785694,34.718757,2019,87960.000000,317912.330000,3.614283,Annual,0,18.000000,718.820001,854.742337,-15.902142,39.934444,33.020553,0.826869,11.000000,6.000000,4.000000,2.000000,80.000000,HarvestStat Africa v1.2,https://raw.githubusercontent.com/HarvestStat/HarvestStat-Africa/main/public/hvstat_africa_data_v1.2.csv,WFP HDX CHIRPS v2 dekadal indicators,https://data.humdata.org/dataset/ken-rainfall-subnational
Busia,KE040,0.375707,34.265111,2019,48150.000000,69449.500000,1.442357,Annual,0,18.000000,860.519234,900.425645,-4.431950,47.806624,39.348521,0.823077,13.000000,7.000000,4.000000,2.000000,80.000000,HarvestStat Africa v1.2,https://raw.githubusercontent.com/HarvestStat/HarvestStat-Africa/main/public/hvstat_africa_data_v1.2.csv,WFP HDX CHIRPS v2 dekadal indicators,https://data.humdata.org/dataset/ken-rainfall-subnational
Elgeyo-Marakwet,KE028,0.745102,35.560856,2019,25856.000000,87431.250000,3.381469,Annual,0,18.000000,508.666670,657.566659,-22.644090,28.259259,27.497030,0.973027,10.000000,3.000000,7.000000,5.000000,111.000000,HarvestStat Africa v1.2,https://raw.githubusercontent.com/HarvestStat/HarvestStat-Africa/main/public/hvstat_africa_data_v1.2.csv,WFP HDX CHIRPS v2 dekadal indicators,https://data.humdata.org/dataset/ken-rainfall-subnational
Embu,KE014,-0.532830,37.664629,2019,35130.000000,34650.380000,0.986347,Annual,0,18.000000,403.857137,525.286081,-23.116726,22.436508,33.538651,1.494825,5.000000,1.000000,7.000000,3.000000,111.000000,HarvestStat Africa v1.2,https://raw.githubusercontent.com/HarvestStat/HarvestStat-Africa/main/public/hvstat_africa_data_v1.2.csv,WFP HDX CHIRPS v2 dekadal indicators,https://data.humdata.org/dataset/ken-rainfall-subnational
Garissa,KE007,-0.520490,40.355590,2019,238.000000,296.000000,1.243697,Annual,0,18.000000,167.270106,240.279175,-30.385100,9.292784,10.198606,1.097476,2.000000,0.000000,13.000000,9.000000,111.000000,HarvestStat Africa v1.2,https://raw.githubusercontent.com/HarvestStat/HarvestStat-Africa/main/public/hvstat_africa_data_v1.2.csv,WFP HDX CHIRPS v2 dekadal indicators,https://data.humdata.org/dataset/ken-rainfall-subnational
Homa Bay,KE043,-0.562403,34.314532,2019,72097.000000,92393.610000,1.281518,Annual,0,18.000000,701.532109,734.102143,-4.436717,38.974006,30.279616,0.776918,13.000000,6.000000,4.000000,2.000000,80.000000,HarvestStat Africa v1.2,https://raw.githubusercontent.com/HarvestStat/HarvestStat-Africa/main/public/hvstat_africa_data_v1.2.csv,WFP HDX CHIRPS v2 dekadal indicators,https://data.humdata.org/dataset/ken-rainfall-subnational
Isiolo,KE011,1.006385,38.747651,2019,586.250000,41.900000,0.071471,Annual,0,18.000000,113.410846,173.962088,-34.807148,6.300603,12.562288,1.993823,1.000000,1.000000,16.000000,8.000000,182.000000,HarvestStat Africa v1.2,https://raw.githubusercontent.com/HarvestStat/HarvestStat-Africa/main/public/hvstat_africa_data_v1.2.csv,WFP HDX CHIRPS v2 dekadal indicators,https://data.humdata.org/dataset/ken-rainfall-subnational
Kajiado,KE034,-2.112369,36.777606,2019,31384.000000,15542.750000,0.495244,Annual,0,18.000000,211.717695,373.466385,-43.310107,11.762094,17.287277,1.469745,1.000000,1.000000,13.000000,9.000000,182.000000,HarvestStat Africa v1.2,https://raw.githubusercontent.com/HarvestStat/HarvestStat-Africa/main/public/hvstat_africa_data_v1.2.csv,WFP HDX CHIRPS v2 dekadal indicators,https://data.humdata.org/dataset/ken-rainfall-subnational
Kakamega,KE037,0.497190,34.800929,2019,83773.000000,226888.010000,2.708367,Annual,0,18.000000,810.326310,951.356143,-14.824084,45.018128,37.464882,0.832218,11.000000,7.000000,4.000000,2.000000,80.000000,HarvestStat Africa v1.2,https://raw.githubusercontent.com/HarvestStat/HarvestStat-Africa/main/public/hvstat_africa_data_v1.2.csv,WFP HDX CHIRPS v2 dekadal indicators,https://data.humdata.org/dataset/ken-rainfall-subnational
Kericho,KE035,-0.316683,35.225997,2019,34397.000000,92730.900000,2.695901,Annual,0,18.000000,663.432828,795.027352,-16.552201,36.857379,36.846142,0.999695,10.000000,5.000000,5.000000,4.000000,111.000000,HarvestStat Africa v1.2,https://raw.githubusercontent.com/HarvestStat/HarvestStat-Africa/main/public/hvstat_africa_data_v1.2.csv,WFP HDX CHIRPS v2 dekadal indicators,https://data.humdata.org/dataset/ken-rainfall-subnational
Kiambu,KE022,-1.034385,36.843216,2019,31528.000000,43258.980000,1.372081,Annual,0,18.000000,431.285721,695.396027,-37.979841,23.960318,31.252346,1.304338,6.000000,2.000000,9.000000,4.000000,111.000000,HarvestStat Africa v1.2,https://raw.githubusercontent.com/HarvestStat/HarvestStat-Africa/main/public/hvstat_africa_data_v1.2.csv,WFP HDX CHIRPS v2 dekadal indicators,https://data.humdata.org/dataset/ken-rainfall-subnational
Kilifi,KE003,-3.152441,39.672708,2019,71781.900000,44584.630000,0.621112,Annual,0,18.000000,456.267324,488.607513,-6.618848,25.348185,34.417703,1.357798,5.000000,3.000000,8.000000,6.000000,111.000000,HarvestStat Africa v1.2,https://raw.githubusercontent.com/HarvestStat/HarvestStat-Africa/main/public/hvstat_africa_data_v1.2.csv,WFP HDX CHIRPS v2 dekadal indicators,https://data.humdata.org/dataset/ken-rainfall-subnational
Kirinyaga,KE020,-0.467350,37.301902,2019,30505.000000,40280.830000,1.320466,Annual,0,18.000000,567.208333,646.759723,-12.299991,31.511574,40.523837,1.285999,8.000000,4.000000,5.000000,3.000000,111.000000,HarvestStat Africa v1.2,https://raw.githubusercontent.com/HarvestStat/HarvestStat-Africa/main/public/hvstat_africa_data_v1.2.csv,WFP HDX CHIRPS v2 dekadal indicators,https://data.humdata.org/dataset/ken-rainfall-subnational
Kisii,KE045,-0.736677,34.753510,2019,67285.500000,132789.630000,1.973525,Annual,0,18.000000,883.474993,925.845013,-4.576362,49.081944,41.734885,0.850310,13.000000,8.000000,4.000000,2.000000,80.000000,HarvestStat Africa v1.2,https://raw.githubusercontent.com/HarvestStat/HarvestStat-Africa/main/public/hvstat_africa_data_v1.2.csv,WFP HDX CHIRPS v2 dekadal indicators,https://data.humdata.org/dataset/ken-rainfall-subnational
Kisumu,KE042,-0.194380,34.777329,2019,46307.000000,67306.550000,1.453485,Annual,0,18.000000,663.768115,816.425122,-18.698225,36.876006,29.276997,0.793931,12.000000,6.000000,4.000000,2.000000,91.000000,HarvestStat Africa v1.2,https://raw.githubusercontent.com/HarvestStat/HarvestStat-Africa/main/public/hvstat_africa_data_v1.2.csv,WFP HDX CHIRPS v2 dekadal indicators,https://data.humdata.org/dataset/ken-rainfall-subnational
Kitui,KE015,-1.560490,38.371810,2019,87252.000000,27959.980000,0.320451,Annual,0,18.000000,169.336009,272.434005,-37.843292,9.407556,17.442073,1.854049,1.000000,1.000000,17.000000,11.000000,182.000000,HarvestStat Africa v1.2,https://raw.githubusercontent.com/HarvestStat/HarvestStat-Africa/main/public/hvstat_africa_data_v1.2.csv,WFP HDX CHIRPS v2 dekadal indicators,https://data.humdata.org/dataset/ken-rainfall-subnational
Kwale,KE002,-4.120591,39.066136,2019,56576.000000,34060.740000,0.602035,Annual,0,18.000000,531.416355,541.885007,-1.931895,29.523131,41.960149,1.421264,7.000000,3.000000,8.000000,8.000000,111.000000,HarvestStat Africa v1.2,https://raw.githubusercontent.com/HarvestStat/HarvestStat-Africa/main/public/hvstat_africa_data_v1.2.csv,WFP HDX CHIRPS v2 dekadal indicators,https://data.humdata.org/dataset/ken-rainfall-subnational
Laikipia,KE031,0.289134,36.825248,2019,46470.000000,133834.000000,2.880009,Annual,0,18.000000,313.337744,361.774838,-13.388740,17.407652,18.311875,1.051944,5.000000,2.000000,7.000000,3.000000,111.000000,HarvestStat Africa v1.2,https://raw.githubusercontent.com/HarvestStat/HarvestStat-Africa/main/public/hvstat_africa_data_v1.2.csv,WFP HDX CHIRPS v2 dekadal indicators,https://data.humdata.org/dataset/ken-rainfall-subnational
Lamu,KE005,-2.063679,40.545830,2019,37500.000000,28325.000000,0.755333,Annual,0,18.000000,447.931037,534.602138,-16.212262,24.885058,41.101852,1.651668,5.000000,3.000000,10.000000,9.000000,121.000000,HarvestStat Africa v1.2,https://raw.githubusercontent.com/HarvestStat/HarvestStat-Africa/main/public/hvstat_africa_data_v1.2.csv,WFP HDX CHIRPS v2 dekadal indicators,https://data.humdata.org/dataset/ken-rainfall-subnational
Machakos,KE016,-1.276237,37.394595,2019,133795.000000,40926.500000,0.305890,Annual,0,18.000000,255.842366,412.340392,-37.953601,14.213465,25.922031,1.823766,1.000000,1.000000,11.000000,8.000000,111.000000,HarvestStat Africa v1.2,https://raw.githubusercontent.com/HarvestStat/HarvestStat-Africa/main/public/hvstat_africa_data_v1.2.csv,WFP HDX CHIRPS v2 dekadal indicators,https://data.humdata.org/dataset/ken-rainfall-subnational
Makueni,KE017,-2.253637,37.876663,2019,146562.000000,120000.000000,0.818766,Annual,0,18.000000,192.198443,334.183265,-42.487113,10.677691,18.569573,1.739100,1.000000,1.000000,14.000000,9.000000,111.000000,HarvestStat Africa v1.2,https://raw.githubusercontent.com/HarvestStat/HarvestStat-Africa/main/public/hvstat_africa_data_v1.2.csv,WFP HDX CHIRPS v2 dekadal indicators,https://data.humdata.org/dataset/ken-rainfall-subnational
Mandera,KE009,3.230964,40.711346,2019,3708.000000,1846.750000,0.498045,Annual,0,18.000000,149.642518,189.924349,-21.209408,8.313473,13.208131,1.588762,2.000000,1.000000,13.000000,8.000000,131.000000,HarvestStat Africa v1.2,https://raw.githubusercontent.com/HarvestStat/HarvestStat-Africa/main/public/hvstat_africa_data_v1.2.csv,WFP HDX CHIRPS v2 dekadal indicators,https://data.humdata.org/dataset/ken-rainfall-subnational
Marsabit,KE010,2.860480,37.714884,2019,1023.000000,292.500000,0.285924,Annual,0,18.000000,134.893226,184.486778,-26.881900,7.494068,12.859265,1.715926,1.000000,1.000000,15.000000,8.000000,182.000000,HarvestStat Africa v1.2,https://raw.githubusercontent.com/HarvestStat/HarvestStat-Africa/main/public/hvstat_africa_data_v1.2.csv,WFP HDX CHIRPS v2 dekadal indicators,https://data.humdata.org/dataset/ken-rainfall-subnational
Meru,KE012,0.229055,37.776111,2019,67416.000000,74756.970000,1.108891,Annual,0,18.000000,393.665201,524.441410,-24.936286,21.870289,31.166645,1.425068,6.000000,1.000000,9.000000,3.000000,111.000000,HarvestStat Africa v1.2,https://raw.githubusercontent.com/HarvestStat/HarvestStat-Africa/main/public/hvstat_africa_data_v1.2.csv,WFP HDX CHIRPS v2 dekadal indicators,https://data.humdata.org/dataset/ken-rainfall-subnational
Migori,KE044,-1.018704,34.309173,2019,78221.760000,95965.840000,1.226843,Annual,0,18.000000,711.000004,753.103059,-5.590610,39.500000,30.718602,0.777686,12.000000,6.000000,3.000000,1.000000,80.000000,HarvestStat Africa v1.2,https://raw.githubusercontent.com/HarvestStat/HarvestStat-Africa/main/public/hvstat_africa_data_v1.2.csv,WFP HDX CHIRPS v2 dekadal indicators,https://data.humdata.org/dataset/ken-rainfall-subnational
Mombasa,KE001,-3.990448,39.701130,2019,606.000000,802.980000,1.325050,Annual,0,18.000000,725.600000,734.479994,-1.209018,40.311111,73.261426,1.817400,5.000000,3.000000,9.000000,9.000000,121.000000,HarvestStat Africa v1.2,https://raw.githubusercontent.com/HarvestStat/HarvestStat-Africa/main/public/hvstat_africa_data_v1.2.csv,WFP HDX CHIRPS v2 dekadal indicators,https://data.humdata.org/dataset/ken-rainfall-subnational
Murang'a,KE021,-0.828519,37.004173,2019,66381.000000,63653.300000,0.958908,Annual,0,18.000000,491.294118,695.837541,-29.395284,27.294118,39.799904,1.458186,7.000000,2.000000,9.000000,7.000000,111.000000,HarvestStat Africa v1.2,https://raw.githubusercontent.com/HarvestStat/HarvestStat-Africa/main/public/hvstat_africa_data_v1.2.csv,WFP HDX CHIRPS v2 dekadal indicators,https://data.humdata.org/dataset/ken-rainfall-subnational
Nairobi,KE047,-1.300489,36.827926,2019,683.600000,971.840000,1.421650,Annual,0,18.000000,296.961537,505.110248,-41.208570,16.497863,23.879142,1.447408,3.000000,1.000000,11.000000,9.000000,111.000000,HarvestStat Africa v1.2,https://raw.githubusercontent.com/HarvestStat/HarvestStat-Africa/main/public/hvstat_africa_data_v1.2.csv,WFP HDX CHIRPS v2 dekadal indicators,https://data.humdata.org/dataset/ken-rainfall-subnational
Nakuru,KE032,-0.458448,36.100384,2019,64963.000000,206150.540000,3.173353,Annual,0,18.000000,425.096641,535.090196,-20.556077,23.616480,26.462269,1.120500,6.000000,2.000000,8.000000,6.000000,111.000000,HarvestStat Africa v1.2,https://raw.githubusercontent.com/HarvestStat/HarvestStat-Africa/main/public/hvstat_africa_data_v1.2.csv,WFP HDX CHIRPS v2 dekadal indicators,https://data.humdata.org/dataset/ken-rainfall-subnational
Nandi,KE029,0.227352,35.123876,2019,59746.000000,165866.420000,2.776193,Annual,0,18.000000,638.010993,819.099630,-22.108255,35.445055,31.637965,0.892592,10.000000,5.000000,4.000000,2.000000,91.000000,HarvestStat Africa v1.2,https://raw.githubusercontent.com/HarvestStat/HarvestStat-Africa/main/public/hvstat_africa_data_v1.2.csv,WFP HDX CHIRPS v2 dekadal indicators,https://data.humdata.org/dataset/ken-rainfall-subnational
Narok,KE033,-1.279878,35.476358,2019,116717.000000,202854.500000,1.738003,Annual,0,18.000000,473.747854,591.197598,-19.866411,26.319325,26.850386,1.020178,8.000000,2.000000,4.000000,2.000000,91.000000,HarvestStat Africa v1.2,https://raw.githubusercontent.com/HarvestStat/HarvestStat-Africa/main/public/hvstat_africa_data_v1.2.csv,WFP HDX CHIRPS v2 dekadal indicators,https://data.humdata.org/dataset/ken-rainfall-subnational
Nyamira,KE046,-0.649378,34.933398,2019,42730.000000,67562.750000,1.581155,Annual,0,18.000000,834.068971,912.716100,-8.616823,46.337165,40.805871,0.880629,13.000000,7.000000,4.000000,2.000000,80.000000,HarvestStat Africa v1.2,https://raw.githubusercontent.com/HarvestStat/HarvestStat-Africa/main/public/hvstat_africa_data_v1.2.csv,WFP HDX CHIRPS v2 dekadal indicators,https://data.humdata.org/dataset/ken-rainfall-subnational
Nyandarua,KE018,-0.389093,36.497431,2019,14660.000000,14148.000000,0.965075,Annual,0,18.000000,468.194444,598.538580,-21.777065,26.010802,30.167535,1.159808,6.000000,2.000000,5.000000,4.000000,111.000000,HarvestStat Africa v1.2,https://raw.githubusercontent.com/HarvestStat/HarvestStat-Africa/main/public/hvstat_africa_data_v1.2.csv,WFP HDX CHIRPS v2 dekadal indicators,https://data.humdata.org/dataset/ken-rainfall-subnational
Nyeri,KE019,-0.314375,36.930473,2019,26521.000000,26251.330000,0.989832,Annual,0,18.000000,569.154541,644.133946,-11.640344,31.619697,33.924474,1.072891,9.000000,4.000000,3.000000,2.000000,111.000000,HarvestStat Africa v1.2,https://raw.githubusercontent.com/HarvestStat/HarvestStat-Africa/main/public/hvstat_africa_data_v1.2.csv,WFP HDX CHIRPS v2 dekadal indicators,https://data.humdata.org/dataset/ken-rainfall-subnational
Samburu,KE025,1.541373,36.941540,2019,10320.000000,9756.000000,0.945349,Annual,0,18.000000,218.620436,270.988171,-19.324731,12.145580,17.287579,1.423364,3.000000,1.000000,13.000000,8.000000,182.000000,HarvestStat Africa v1.2,https://raw.githubusercontent.com/HarvestStat/HarvestStat-Africa/main/public/hvstat_africa_data_v1.2.csv,WFP HDX CHIRPS v2 dekadal indicators,https://data.humdata.org/dataset/ken-rainfall-subnational
Siaya,KE041,-0.057674,34.199887,2019,63493.000000,72350.880000,1.139510,Annual,0,18.000000,739.412500,811.195420,-8.849029,41.078472,33.101485,0.805811,13.000000,7.000000,4.000000,2.000000,80.000000,HarvestStat Africa v1.2,https://raw.githubusercontent.com/HarvestStat/HarvestStat-Africa/main/public/hvstat_africa_data_v1.2.csv,WFP HDX CHIRPS v2 dekadal indicators,https://data.humdata.org/dataset/ken-rainfall-subnational
Taita Taveta,KE006,-3.405203,38.371760,2019,10006.000000,16642.970000,1.663299,Annual,0,18.000000,259.866309,310.607723,-16.336173,14.437017,14.902977,1.032275,4.000000,1.000000,10.000000,3.000000,111.000000,HarvestStat Africa v1.2,https://raw.githubusercontent.com/HarvestStat/HarvestStat-Africa/main/public/hvstat_africa_data_v1.2.csv,WFP HDX CHIRPS v2 dekadal indicators,https://data.humdata.org/dataset/ken-rainfall-subnational
Tana River,KE004,-1.534918,39.550288,2019,5666.000000,8222.250000,1.451156,Annual,0,18.000000,131.744132,192.080568,-31.412046,7.319118,5.903652,0.806607,1.000000,0.000000,15.000000,11.000000,111.000000,HarvestStat Africa v1.2,https://raw.githubusercontent.com/HarvestStat/HarvestStat-Africa/main/public/hvstat_africa_data_v1.2.csv,WFP HDX CHIRPS v2 dekadal indicators,https://data.humdata.org/dataset/ken-rainfall-subnational
Tharaka-Nithi,KE013,-0.191445,37.960417,2019,18591.000000,41600.900000,2.237690,Annual,0,18.000000,381.190479,547.091662,-30.324202,21.177249,33.764846,1.594392,5.000000,1.000000,7.000000,3.000000,111.000000,HarvestStat Africa v1.2,https://raw.githubusercontent.com/HarvestStat/HarvestStat-Africa/main/public/hvstat_africa_data_v1.2.csv,WFP HDX CHIRPS v2 dekadal indicators,https://data.humdata.org/dataset/ken-rainfall-subnational
Trans Nzoia,KE026,1.045915,34.980778,2019,104850.000000,489055.500000,4.664335,Annual,0,18.000000,565.291142,634.237966,-10.870813,31.405063,28.276607,0.900384,10.000000,5.000000,6.000000,5.000000,80.000000,HarvestStat Africa v1.2,https://raw.githubusercontent.com/HarvestStat/HarvestStat-Africa/main/public/hvstat_africa_data_v1.2.csv,WFP HDX CHIRPS v2 dekadal indicators,https://data.humdata.org/dataset/ken-rainfall-subnational
Turkana,KE023,3.162488,35.313492,2019,2474.500000,7983.730000,3.226401,Annual,1,18.000000,151.443262,172.177661,-12.042444,8.413515,11.015814,1.309300,2.000000,0.000000,14.000000,6.000000,182.000000,HarvestStat Africa v1.2,https://raw.githubusercontent.com/HarvestStat/HarvestStat-Africa/main/public/hvstat_africa_data_v1.2.csv,WFP HDX CHIRPS v2 dekadal indicators,https://data.humdata.org/dataset/ken-rainfall-subnational
Uasin Gishu,KE027,0.478188,35.303799,2019,106999.000000,379318.770000,3.545068,Annual,0,18.000000,465.729722,606.721928,-23.238357,25.873873,24.817046,0.959155,9.000000,3.000000,8.000000,6.000000,111.000000,HarvestStat Africa v1.2,https://raw.githubusercontent.com/HarvestStat/HarvestStat-Africa/main/public/hvstat_africa_data_v1.2.csv,WFP HDX CHIRPS v2 dekadal indicators,https://data.humdata.org/dataset/ken-rainfall-subnational
Vihiga,KE038,0.084857,34.707784,2019,25134.000000,30566.240000,1.216131,Annual,0,18.000000,897.578937,1006.033351,-10.780399,49.865496,39.401119,0.790148,14.000000,8.000000,4.000000,2.000000,91.000000,HarvestStat Africa v1.2,https://raw.githubusercontent.com/HarvestStat/HarvestStat-Africa/main/public/hvstat_africa_data_v1.2.csv,WFP HDX CHIRPS v2 dekadal indicators,https://data.humdata.org/dataset/ken-rainfall-subnational
Wajir,KE008,1.939715,40.024507,2019,97.500000,38.700000,0.396923,Annual,0,18.000000,132.537587,193.539230,-31.519007,7.363199,13.675841,1.857323,1.000000,1.000000,15.000000,8.000000,182.000000,HarvestStat Africa v1.2,https://raw.githubusercontent.com/HarvestStat/HarvestStat-Africa/main/public/hvstat_africa_data_v1.2.csv,WFP HDX CHIRPS v2 dekadal indicators,https://data.humdata.org/dataset/ken-rainfall-subnational
West Pokot,KE024,1.893374,35.212768,2019,32354.000000,48531.000000,1.500000,Annual,0,18.000000,358.258502,443.095810,-19.146493,19.903250,20.324544,1.021167,7.000000,2.000000,8.000000,6.000000,111.000000,HarvestStat Africa v1.2,https://raw.githubusercontent.com/HarvestStat/HarvestStat-Africa/main/public/hvstat_africa_data_v1.2.csv,WFP HDX CHIRPS v2 dekadal indicators,https://data.humdata.org/dataset/ken-rainfall-subnational
Baringo,KE030,0.726352,36.018591,2020,34708.800000,59169.000000,1.704726,Annual,0,18.000000,772.307698,465.744538,65.822170,42.905983,34.608428,0.806611,11.000000,8.000000,5.000000,2.000000,61.000000,HarvestStat Africa v1.2,https://raw.githubusercontent.com/HarvestStat/HarvestStat-Africa/main/public/hvstat_africa_data_v1.2.csv,WFP HDX CHIRPS v2 dekadal indicators,https://data.humdata.org/dataset/ken-rainfall-subnational
Bomet,KE036,-0.716095,35.238459,2020,40480.000000,58685.000000,1.449728,Annual,0,18.000000,1269.852626,842.724213,50.684246,70.547368,40.494771,0.574008,18.000000,9.000000,0.000000,0.000000,61.000000,HarvestStat Africa v1.2,https://raw.githubusercontent.com/HarvestStat/HarvestStat-Africa/main/public/hvstat_africa_data_v1.2.csv,WFP HDX CHIRPS v2 dekadal indicators,https://data.humdata.org/dataset/ken-rainfall-subnational
Bungoma,KE039,0.785694,34.718757,2020,93214.000000,269443.000000,2.890585,Annual,0,18.000000,1184.600016,854.742337,38.591475,65.811112,40.340283,0.612971,14.000000,12.000000,2.000000,1.000000,61.000000,HarvestStat Africa v1.2,https://raw.githubusercontent.com/HarvestStat/HarvestStat-Africa/main/public/hvstat_africa_data_v1.2.csv,WFP HDX CHIRPS v2 dekadal indicators,https://data.humdata.org/dataset/ken-rainfall-subnational
Busia,KE040,0.375707,34.265111,2020,33810.000000,42028.000000,1.243064,Annual,0,18.000000,1262.153850,900.425645,40.173023,70.119658,42.121956,0.600715,15.000000,11.000000,1.000000,1.000000,61.000000,HarvestStat Africa v1.2,https://raw.githubusercontent.com/HarvestStat/HarvestStat-Africa/main/public/hvstat_africa_data_v1.2.csv,WFP HDX CHIRPS v2 dekadal indicators,https://data.humdata.org/dataset/ken-rainfall-subnational
Elgeyo-Marakwet,KE028,0.745102,35.560856,2020,31351.000000,86007.000000,2.743357,Annual,0,18.000000,1020.727266,657.566659,55.227953,56.707070,43.574063,0.768406,13.000000,9.000000,4.000000,2.000000,61.000000,HarvestStat Africa v1.2,https://raw.githubusercontent.com/HarvestStat/HarvestStat-Africa/main/public/hvstat_africa_data_v1.2.csv,WFP HDX CHIRPS v2 dekadal indicators,https://data.humdata.org/dataset/ken-rainfall-subnational
Embu,KE014,-0.532830,37.664629,2020,35925.000000,31378.000000,0.873431,Annual,0,18.000000,948.725277,525.286081,80.611158,52.706960,61.565042,1.168063,12.000000,6.000000,3.000000,2.000000,61.000000,HarvestStat Africa v1.2,https://raw.githubusercontent.com/HarvestStat/HarvestStat-Africa/main/public/hvstat_africa_data_v1.2.csv,WFP HDX CHIRPS v2 dekadal indicators,https://data.humdata.org/dataset/ken-rainfall-subnational
Garissa,KE007,-0.520490,40.355590,2020,145.000000,71.000000,0.489655,Annual,0,18.000000,352.101029,240.279175,46.538305,19.561168,21.832882,1.116134,4.000000,1.000000,7.000000,3.000000,81.000000,HarvestStat Africa v1.2,https://raw.githubusercontent.com/HarvestStat/HarvestStat-Africa/main/public/hvstat_africa_data_v1.2.csv,WFP HDX CHIRPS v2 dekadal indicators,https://data.humdata.org/dataset/ken-rainfall-subnational
Homa Bay,KE043,-0.562403,34.314532,2020,79608.000000,82278.000000,1.033539,Annual,0,18.000000,1020.486246,734.102143,39.011479,56.693680,34.351085,0.605907,16.000000,8.000000,0.000000,0.000000,61.000000,HarvestStat Africa v1.2,https://raw.githubusercontent.com/HarvestStat/HarvestStat-Africa/main/public/hvstat_africa_data_v1.2.csv,WFP HDX CHIRPS v2 dekadal indicators,https://data.humdata.org/dataset/ken-rainfall-subnational
Isiolo,KE011,1.006385,38.747651,2020,147.000000,139.000000,0.945578,Annual,0,18.000000,325.054220,173.962088,86.853483,18.058568,27.084294,1.499803,4.000000,2.000000,11.000000,6.000000,81.000000,HarvestStat Africa v1.2,https://raw.githubusercontent.com/HarvestStat/HarvestStat-Africa/main/public/hvstat_africa_data_v1.2.csv,WFP HDX CHIRPS v2 dekadal indicators,https://data.humdata.org/dataset/ken-rainfall-subnational
Kajiado,KE034,-2.112369,36.777606,2020,4808.000000,2864.000000,0.595674,Annual,0,18.000000,635.037913,373.466385,70.038841,35.279884,35.393019,1.003207,9.000000,5.000000,6.000000,4.000000,61.000000,HarvestStat Africa v1.2,https://raw.githubusercontent.com/HarvestStat/HarvestStat-Africa/main/public/hvstat_africa_data_v1.2.csv,WFP HDX CHIRPS v2 dekadal indicators,https://data.humdata.org/dataset/ken-rainfall-subnational
Kakamega,KE037,0.497190,34.800929,2020,98415.000000,262506.000000,2.667337,Annual,0,18.000000,1375.378936,951.356143,44.570353,76.409941,44.001885,0.575866,15.000000,12.000000,1.000000,1.000000,61.000000,HarvestStat Africa v1.2,https://raw.githubusercontent.com/HarvestStat/HarvestStat-Africa/main/public/hvstat_africa_data_v1.2.csv,WFP HDX CHIRPS v2 dekadal indicators,https://data.humdata.org/dataset/ken-rainfall-subnational
Kericho,KE035,-0.316683,35.225997,2020,35068.000000,98746.000000,2.815844,Annual,0,18.000000,1147.970141,795.027352,44.393792,63.776119,41.701435,0.653872,16.000000,10.000000,1.000000,1.000000,61.000000,HarvestStat Africa v1.2,https://raw.githubusercontent.com/HarvestStat/HarvestStat-Africa/main/public/hvstat_africa_data_v1.2.csv,WFP HDX CHIRPS v2 dekadal indicators,https://data.humdata.org/dataset/ken-rainfall-subnational
Kiambu,KE022,-1.034385,36.843216,2020,30371.000000,25563.000000,0.841691,Annual,0,18.000000,1129.619046,695.396027,62.442551,62.756614,60.651205,0.966451,14.000000,7.000000,1.000000,1.000000,61.000000,HarvestStat Africa v1.2,https://raw.githubusercontent.com/HarvestStat/HarvestStat-Africa/main/public/hvstat_africa_data_v1.2.csv,WFP HDX CHIRPS v2 dekadal indicators,https://data.humdata.org/dataset/ken-rainfall-subnational
Kilifi,KE003,-3.152441,39.672708,2020,53943.000000,26176.000000,0.485253,Annual,0,18.000000,699.809412,488.607513,43.225266,38.878301,34.419155,0.885305,11.000000,5.000000,4.000000,3.000000,81.000000,HarvestStat Africa v1.2,https://raw.githubusercontent.com/HarvestStat/HarvestStat-Africa/main/public/hvstat_africa_data_v1.2.csv,WFP HDX CHIRPS v2 dekadal indicators,https://data.humdata.org/dataset/ken-rainfall-subnational
Kirinyaga,KE020,-0.467350,37.301902,2020,30373.000000,24388.000000,0.802950,Annual,0,18.000000,1201.645839,646.759723,85.794785,66.758102,73.496536,1.100938,15.000000,8.000000,1.000000,1.000000,61.000000,HarvestStat Africa v1.2,https://raw.githubusercontent.com/HarvestStat/HarvestStat-Africa/main/public/hvstat_africa_data_v1.2.csv,WFP HDX CHIRPS v2 dekadal indicators,https://data.humdata.org/dataset/ken-rainfall-subnational
Kisii,KE045,-0.736677,34.753510,2020,65876.000000,96249.000000,1.461063,Annual,0,18.000000,1298.000007,925.845013,40.196252,72.111112,38.106571,0.528442,18.000000,10.000000,0.000000,0.000000,61.000000,HarvestStat Africa v1.2,https://raw.githubusercontent.com/HarvestStat/HarvestStat-Africa/main/public/hvstat_africa_data_v1.2.csv,WFP HDX CHIRPS v2 dekadal indicators,https://data.humdata.org/dataset/ken-rainfall-subnational
Kisumu,KE042,-0.194380,34.777329,2020,62600.000000,40990.000000,0.654792,Annual,0,18.000000,1144.376816,816.425122,40.169231,63.576490,38.243001,0.601527,17.000000,9.000000,0.000000,0.000000,61.000000,HarvestStat Africa v1.2,https://raw.githubusercontent.com/HarvestStat/HarvestStat-Africa/main/public/hvstat_africa_data_v1.2.csv,WFP HDX CHIRPS v2 dekadal indicators,https://data.humdata.org/dataset/ken-rainfall-subnational
Kitui,KE015,-1.560490,38.371810,2020,79035.000000,11507.500000,0.145600,Annual,0,18.000000,483.124375,272.434005,77.336297,26.840243,29.582250,1.102160,6.000000,4.000000,7.000000,6.000000,61.000000,HarvestStat Africa v1.2,https://raw.githubusercontent.com/HarvestStat/HarvestStat-Africa/main/public/hvstat_africa_data_v1.2.csv,WFP HDX CHIRPS v2 dekadal indicators,https://data.humdata.org/dataset/ken-rainfall-subnational
Kwale,KE002,-4.120591,39.066136,2020,56128.000000,33815.000000,0.602462,Annual,0,18.000000,934.721189,541.885007,72.494381,51.928955,52.270689,1.006581,14.000000,5.000000,3.000000,3.000000,61.000000,HarvestStat Africa v1.2,https://raw.githubusercontent.com/HarvestStat/HarvestStat-Africa/main/public/hvstat_africa_data_v1.2.csv,WFP HDX CHIRPS v2 dekadal indicators,https://data.humdata.org/dataset/ken-rainfall-subnational
Laikipia,KE031,0.289134,36.825248,2020,46470.000000,140000.000000,3.012696,Annual,0,18.000000,684.215234,361.774838,89.127370,38.011957,32.671693,0.859511,12.000000,5.000000,3.000000,2.000000,61.000000,HarvestStat Africa v1.2,https://raw.githubusercontent.com/HarvestStat/HarvestStat-Africa/main/public/hvstat_africa_data_v1.2.csv,WFP HDX CHIRPS v2 dekadal indicators,https://data.humdata.org/dataset/ken-rainfall-subnational
Lamu,KE005,-2.063679,40.545830,2020,16820.000000,4772.000000,0.283710,Annual,0,18.000000,648.152716,534.602138,21.240203,36.008484,33.323865,0.925445,9.000000,6.000000,5.000000,4.000000,81.000000,HarvestStat Africa v1.2,https://raw.githubusercontent.com/HarvestStat/HarvestStat-Africa/main/public/hvstat_africa_data_v1.2.csv,WFP HDX CHIRPS v2 dekadal indicators,https://data.humdata.org/dataset/ken-rainfall-subnational
Machakos,KE016,-1.276237,37.394595,2020,144201.000000,59321.000000,0.411377,Annual,0,18.000000,741.172418,412.340392,79.747712,41.176245,41.763128,1.014253,11.000000,5.000000,4.000000,3.000000,61.000000,HarvestStat Africa v1.2,https://raw.githubusercontent.com/HarvestStat/HarvestStat-Africa/main/public/hvstat_africa_data_v1.2.csv,WFP HDX CHIRPS v2 dekadal indicators,https://data.humdata.org/dataset/ken-rainfall-subnational
Makueni,KE017,-2.253637,37.876663,2020,150726.000000,88013.000000,0.583927,Annual,0,18.000000,582.319068,334.183265,74.251415,32.351059,33.042376,1.021369,8.000000,5.000000,7.000000,6.000000,61.000000,HarvestStat Africa v1.2,https://raw.githubusercontent.com/HarvestStat/HarvestStat-Africa/main/public/hvstat_africa_data_v1.2.csv,WFP HDX CHIRPS v2 dekadal indicators,https://data.humdata.org/dataset/ken-rainfall-subnational
Mandera,KE009,3.230964,40.711346,2020,3510.000000,1818.000000,0.517949,Annual,0,18.000000,279.650835,189.924349,47.243277,15.536158,29.608227,1.905763,3.000000,2.000000,15.000000,8.000000,102.000000,HarvestStat Africa v1.2,https://raw.githubusercontent.com/HarvestStat/HarvestStat-Africa/main/public/hvstat_africa_data_v1.2.csv,WFP HDX CHIRPS v2 dekadal indicators,https://data.humdata.org/dataset/ken-rainfall-subnational
Marsabit,KE010,2.860480,37.714884,2020,658.000000,46.000000,0.069909,Annual,0,18.000000,292.774300,184.486778,58.696630,16.265239,22.887497,1.407142,3.000000,2.000000,11.000000,6.000000,81.000000,HarvestStat Africa v1.2,https://raw.githubusercontent.com/HarvestStat/HarvestStat-Africa/main/public/hvstat_africa_data_v1.2.csv,WFP HDX CHIRPS v2 dekadal indicators,https://data.humdata.org/dataset/ken-rainfall-subnational
Meru,KE012,0.229055,37.776111,2020,75058.000000,53331.000000,0.710531,Annual,0,18.000000,994.039648,524.441410,89.542555,55.224425,70.045980,1.268388,12.000000,6.000000,3.000000,2.000000,61.000000,HarvestStat Africa v1.2,https://raw.githubusercontent.com/HarvestStat/HarvestStat-Africa/main/public/hvstat_africa_data_v1.2.csv,WFP HDX CHIRPS v2 dekadal indicators,https://data.humdata.org/dataset/ken-rainfall-subnational
Migori,KE044,-1.018704,34.309173,2020,95034.000000,99598.000000,1.048025,Annual,0,18.000000,1024.356325,753.103059,36.018081,56.908685,33.524887,0.589100,17.000000,8.000000,0.000000,0.000000,61.000000,HarvestStat Africa v1.2,https://raw.githubusercontent.com/HarvestStat/HarvestStat-Africa/main/public/hvstat_africa_data_v1.2.csv,WFP HDX CHIRPS v2 dekadal indicators,https://data.humdata.org/dataset/ken-rainfall-subnational
Murang'a,KE021,-0.828519,37.004173,2020,62983.260000,49256.000000,0.782049,Annual,0,18.000000,1269.571418,695.837541,82.452274,70.531745,71.308703,1.011016,16.000000,7.000000,1.000000,1.000000,61.000000,HarvestStat Africa v1.2,https://raw.githubusercontent.com/HarvestStat/HarvestStat-Africa/main/public/hvstat_africa_data_v1.2.csv,WFP HDX CHIRPS v2 dekadal indicators,https://data.humdata.org/dataset/ken-rainfall-subnational
Nairobi,KE047,-1.300489,36.827926,2020,754.000000,571.000000,0.757294,Annual,0,18.000000,817.615385,505.110248,61.868698,45.423077,42.095404,0.926740,14.000000,5.000000,2.000000,1.000000,61.000000,HarvestStat Africa v1.2,https://raw.githubusercontent.com/HarvestStat/HarvestStat-Africa/main/public/hvstat_africa_data_v1.2.csv,WFP HDX CHIRPS v2 dekadal indicators,https://data.humdata.org/dataset/ken-rainfall-subnational
Nakuru,KE032,-0.458448,36.100384,2020,87651.000000,242825.000000,2.770362,Annual,0,18.000000,875.844540,535.090196,63.681665,48.658030,36.112873,0.742177,13.000000,6.000000,1.000000,1.000000,61.000000,HarvestStat Africa v1.2,https://raw.githubusercontent.com/HarvestStat/HarvestStat-Africa/main/public/hvstat_africa_data_v1.2.csv,WFP HDX CHIRPS v2 dekadal indicators,https://data.humdata.org/dataset/ken-rainfall-subnational
Nandi,KE029,0.227352,35.123876,2020,26825.000000,64175.000000,2.392358,Annual,0,18.000000,1187.791213,819.099630,45.011812,65.988401,42.612939,0.645764,15.000000,12.000000,1.000000,1.000000,61.000000,HarvestStat Africa v1.2,https://raw.githubusercontent.com/HarvestStat/HarvestStat-Africa/main/public/hvstat_africa_data_v1.2.csv,WFP HDX CHIRPS v2 dekadal indicators,https://data.humdata.org/dataset/ken-rainfall-subnational
Narok,KE033,-1.279878,35.476358,2020,121809.000000,280273.000000,2.300922,Annual,0,18.000000,965.903943,591.197598,63.380898,53.661330,37.504689,0.698915,17.000000,6.000000,0.000000,0.000000,61.000000,HarvestStat Africa v1.2,https://raw.githubusercontent.com/HarvestStat/HarvestStat-Africa/main/public/hvstat_africa_data_v1.2.csv,WFP HDX CHIRPS v2 dekadal indicators,https://data.humdata.org/dataset/ken-rainfall-subnational
Nyamira,KE046,-0.649378,34.933398,2020,43134.000000,61937.000000,1.435921,Annual,0,18.000000,1286.172427,912.716100,40.917031,71.454024,39.526273,0.553171,18.000000,10.000000,0.000000,0.000000,61.000000,HarvestStat Africa v1.2,https://raw.githubusercontent.com/HarvestStat/HarvestStat-Africa/main/public/hvstat_africa_data_v1.2.csv,WFP HDX CHIRPS v2 dekadal indicators,https://data.humdata.org/dataset/ken-rainfall-subnational
Nyandarua,KE018,-0.389093,36.497431,2020,11555.000000,13816.000000,1.195673,Annual,0,18.000000,1019.768514,598.538580,70.376405,56.653806,46.095087,0.813627,15.000000,7.000000,1.000000,1.000000,61.000000,HarvestStat Africa v1.2,https://raw.githubusercontent.com/HarvestStat/HarvestStat-Africa/main/public/hvstat_africa_data_v1.2.csv,WFP HDX CHIRPS v2 dekadal indicators,https://data.humdata.org/dataset/ken-rainfall-subnational
Nyeri,KE019,-0.314375,36.930473,2020,27067.000000,19382.000000,0.716075,Annual,0,18.000000,1210.399984,644.133946,87.911224,67.244444,65.524055,0.974416,17.000000,7.000000,0.000000,0.000000,61.000000,HarvestStat Africa v1.2,https://raw.githubusercontent.com/HarvestStat/HarvestStat-Africa/main/public/hvstat_africa_data_v1.2.csv,WFP HDX CHIRPS v2 dekadal indicators,https://data.humdata.org/dataset/ken-rainfall-subnational
Samburu,KE025,1.541373,36.941540,2020,12425.000000,12090.000000,0.973038,Annual,0,18.000000,520.856935,270.988171,92.206520,28.936496,31.505918,1.088795,7.000000,3.000000,5.000000,2.000000,61.000000,HarvestStat Africa v1.2,https://raw.githubusercontent.com/HarvestStat/HarvestStat-Africa/main/public/hvstat_africa_data_v1.2.csv,WFP HDX CHIRPS v2 dekadal indicators,https://data.humdata.org/dataset/ken-rainfall-subnational
Siaya,KE041,-0.057674,34.199887,2020,83933.000000,53512.000000,0.637556,Annual,0,18.000000,1076.075001,811.195420,32.652993,59.781945,34.296521,0.573694,16.000000,8.000000,0.000000,0.000000,61.000000,HarvestStat Africa v1.2,https://raw.githubusercontent.com/HarvestStat/HarvestStat-Africa/main/public/hvstat_africa_data_v1.2.csv,WFP HDX CHIRPS v2 dekadal indicators,https://data.humdata.org/dataset/ken-rainfall-subnational
Taita Taveta,KE006,-3.405203,38.371760,2020,12252.000000,3360.000000,0.274241,Annual,0,18.000000,548.319072,310.607723,76.531049,30.462171,26.926741,0.883940,8.000000,5.000000,8.000000,6.000000,61.000000,HarvestStat Africa v1.2,https://raw.githubusercontent.com/HarvestStat/HarvestStat-Africa/main/public/hvstat_africa_data_v1.2.csv,WFP HDX CHIRPS v2 dekadal indicators,https://data.humdata.org/dataset/ken-rainfall-subnational
Tana River,KE004,-1.534918,39.550288,2020,4251.000000,958.000000,0.225359,Annual,0,18.000000,302.319839,192.080568,57.392204,16.795547,15.346215,0.913707,5.000000,1.000000,9.000000,6.000000,61.000000,HarvestStat Africa v1.2,https://raw.githubusercontent.com/HarvestStat/HarvestStat-Africa/main/public/hvstat_africa_data_v1.2.csv,WFP HDX CHIRPS v2 dekadal indicators,https://data.humdata.org/dataset/ken-rainfall-subnational
Tharaka-Nithi,KE013,-0.191445,37.960417,2020,25420.000000,30352.000000,1.194020,Annual,0,18.000000,1023.702390,547.091662,87.117162,56.872355,76.110222,1.338264,12.000000,6.000000,4.000000,3.000000,61.000000,HarvestStat Africa v1.2,https://raw.githubusercontent.com/HarvestStat/HarvestStat-Africa/main/public/hvstat_africa_data_v1.2.csv,WFP HDX CHIRPS v2 dekadal indicators,https://data.humdata.org/dataset/ken-rainfall-subnational
Trans Nzoia,KE026,1.045915,34.980778,2020,105190.000000,410402.000000,3.901531,Annual,0,18.000000,963.227854,634.237966,51.871680,53.512659,36.298066,0.678308,13.000000,10.000000,5.000000,2.000000,61.000000,HarvestStat Africa v1.2,https://raw.githubusercontent.com/HarvestStat/HarvestStat-Africa/main/public/hvstat_africa_data_v1.2.csv,WFP HDX CHIRPS v2 dekadal indicators,https://data.humdata.org/dataset/ken-rainfall-subnational
Turkana,KE023,3.162488,35.313492,2020,1295.000000,1154.000000,0.891120,Annual,0,18.000000,322.541354,172.177661,87.330547,17.918964,16.885327,0.942316,6.000000,0.000000,9.000000,6.000000,61.000000,HarvestStat Africa v1.2,https://raw.githubusercontent.com/HarvestStat/HarvestStat-Africa/main/public/hvstat_africa_data_v1.2.csv,WFP HDX CHIRPS v2 dekadal indicators,https://data.humdata.org/dataset/ken-rainfall-subnational
Uasin Gishu,KE027,0.478188,35.303799,2020,104645.000000,385400.000000,3.682928,Annual,0,18.000000,935.315301,606.721928,54.158809,51.961961,41.926848,0.806876,12.000000,9.000000,4.000000,2.000000,61.000000,HarvestStat Africa v1.2,https://raw.githubusercontent.com/HarvestStat/HarvestStat-Africa/main/public/hvstat_africa_data_v1.2.csv,WFP HDX CHIRPS v2 dekadal indicators,https://data.humdata.org/dataset/ken-rainfall-subnational
Vihiga,KE038,0.084857,34.707784,2020,22340.000000,24191.000000,1.082856,Annual,0,18.000000,1406.421060,1006.033351,39.798652,78.134503,42.558382,0.544681,17.000000,12.000000,0.000000,0.000000,61.000000,HarvestStat Africa v1.2,https://raw.githubusercontent.com/HarvestStat/HarvestStat-Africa/main/public/hvstat_africa_data_v1.2.csv,WFP HDX CHIRPS v2 dekadal indicators,https://data.humdata.org/dataset/ken-rainfall-subnational
Wajir,KE008,1.939715,40.024507,2020,54.000000,19.000000,0.351852,Annual,0,18.000000,346.259058,193.539230,78.908977,19.236614,37.978657,1.974290,3.000000,2.000000,14.000000,8.000000,81.000000,HarvestStat Africa v1.2,https://raw.githubusercontent.com/HarvestStat/HarvestStat-Africa/main/public/hvstat_africa_data_v1.2.csv,WFP HDX CHIRPS v2 dekadal indicators,https://data.humdata.org/dataset/ken-rainfall-subnational
West Pokot,KE024,1.893374,35.212768,2020,34911.000000,53193.000000,1.523674,Annual,0,18.000000,701.653070,443.095810,58.352450,38.980726,31.279716,0.802441,12.000000,6.000000,5.000000,2.000000,61.000000,HarvestStat Africa v1.2,https://raw.githubusercontent.com/HarvestStat/HarvestStat-Africa/main/public/hvstat_africa_data_v1.2.csv,WFP HDX CHIRPS v2 dekadal indicators,https://data.humdata.org/dataset/ken-rainfall-subnational
Baringo,KE030,0.726352,36.018591,2021,31129.000000,33003.090000,1.060204,Seasonal aggregate,0,18.000000,435.991459,465.744538,-6.388283,24.221748,32.886990,1.357746,6.000000,1.000000,6.000000,3.000000,111.000000,HarvestStat Africa v1.2,https://raw.githubusercontent.com/HarvestStat/HarvestStat-Africa/main/public/hvstat_africa_data_v1.2.csv,WFP HDX CHIRPS v2 dekadal indicators,https://data.humdata.org/dataset/ken-rainfall-subnational
Bomet,KE036,-0.716095,35.238459,2021,48974.000000,84256.830000,1.720440,Seasonal aggregate,0,18.000000,994.631587,842.724213,18.025752,55.257310,33.309474,0.602807,17.000000,7.000000,0.000000,0.000000,60.000000,HarvestStat Africa v1.2,https://raw.githubusercontent.com/HarvestStat/HarvestStat-Africa/main/public/hvstat_africa_data_v1.2.csv,WFP HDX CHIRPS v2 dekadal indicators,https://data.humdata.org/dataset/ken-rainfall-subnational
Bungoma,KE039,0.785694,34.718757,2021,96010.000000,248324.400000,2.586443,Seasonal aggregate,0,18.000000,918.949994,854.742337,7.511931,51.052777,48.514955,0.950290,12.000000,6.000000,1.000000,1.000000,80.000000,HarvestStat Africa v1.2,https://raw.githubusercontent.com/HarvestStat/HarvestStat-Africa/main/public/hvstat_africa_data_v1.2.csv,WFP HDX CHIRPS v2 dekadal indicators,https://data.humdata.org/dataset/ken-rainfall-subnational
Busia,KE040,0.375707,34.265111,2021,56000.000000,69090.300000,1.233755,Seasonal aggregate,0,18.000000,1047.423081,900.425645,16.325328,58.190171,52.025600,0.894062,16.000000,8.000000,2.000000,2.000000,80.000000,HarvestStat Africa v1.2,https://raw.githubusercontent.com/HarvestStat/HarvestStat-Africa/main/public/hvstat_africa_data_v1.2.csv,WFP HDX CHIRPS v2 dekadal indicators,https://data.humdata.org/dataset/ken-rainfall-subnational
Elgeyo-Marakwet,KE028,0.745102,35.560856,2021,30349.000000,90836.820000,2.993075,Seasonal aggregate,0,18.000000,622.474751,657.566659,-5.336631,34.581931,48.579890,1.404777,9.000000,2.000000,3.000000,2.000000,91.000000,HarvestStat Africa v1.2,https://raw.githubusercontent.com/HarvestStat/HarvestStat-Africa/main/public/hvstat_africa_data_v1.2.csv,WFP HDX CHIRPS v2 dekadal indicators,https://data.humdata.org/dataset/ken-rainfall-subnational
Embu,KE014,-0.532830,37.664629,2021,37446.000000,41632.110000,1.111791,Seasonal aggregate,0,18.000000,542.340665,525.286081,3.246723,30.130037,34.172998,1.134184,8.000000,4.000000,7.000000,4.000000,91.000000,HarvestStat Africa v1.2,https://raw.githubusercontent.com/HarvestStat/HarvestStat-Africa/main/public/hvstat_africa_data_v1.2.csv,WFP HDX CHIRPS v2 dekadal indicators,https://data.humdata.org/dataset/ken-rainfall-subnational
Garissa,KE007,-0.520490,40.355590,2021,129.000000,24.840000,0.192558,Seasonal aggregate,0,18.000000,132.639176,240.279175,-44.797889,7.368843,6.727555,0.912973,3.000000,0.000000,14.000000,9.000000,182.000000,HarvestStat Africa v1.2,https://raw.githubusercontent.com/HarvestStat/HarvestStat-Africa/main/public/hvstat_africa_data_v1.2.csv,WFP HDX CHIRPS v2 dekadal indicators,https://data.humdata.org/dataset/ken-rainfall-subnational
Homa Bay,KE043,-0.562403,34.314532,2021,76834.000000,85835.880000,1.117160,Seasonal aggregate,0,18.000000,820.899085,734.102143,11.823551,45.605505,37.059505,0.812610,13.000000,6.000000,0.000000,0.000000,60.000000,HarvestStat Africa v1.2,https://raw.githubusercontent.com/HarvestStat/HarvestStat-Africa/main/public/hvstat_africa_data_v1.2.csv,WFP HDX CHIRPS v2 dekadal indicators,https://data.humdata.org/dataset/ken-rainfall-subnational
Isiolo,KE011,1.006385,38.747651,2021,218.400000,47.790000,0.218819,Seasonal aggregate,0,18.000000,103.840964,173.962088,-40.308279,5.768942,6.050906,1.048876,1.000000,0.000000,16.000000,9.000000,182.000000,HarvestStat Africa v1.2,https://raw.githubusercontent.com/HarvestStat/HarvestStat-Africa/main/public/hvstat_africa_data_v1.2.csv,WFP HDX CHIRPS v2 dekadal indicators,https://data.humdata.org/dataset/ken-rainfall-subnational
Kajiado,KE034,-2.112369,36.777606,2021,8637.200000,5175.981000,0.599266,Seasonal aggregate,0,18.000000,345.311807,373.466385,-7.538718,19.183989,15.997805,0.833914,7.000000,1.000000,7.000000,4.000000,91.000000,HarvestStat Africa v1.2,https://raw.githubusercontent.com/HarvestStat/HarvestStat-Africa/main/public/hvstat_africa_data_v1.2.csv,WFP HDX CHIRPS v2 dekadal indicators,https://data.humdata.org/dataset/ken-rainfall-subnational
Kakamega,KE037,0.497190,34.800929,2021,95620.000000,220535.550000,2.306375,Seasonal aggregate,0,18.000000,1082.378941,951.356143,13.772213,60.132163,56.848479,0.945392,16.000000,7.000000,1.000000,1.000000,70.000000,HarvestStat Africa v1.2,https://raw.githubusercontent.com/HarvestStat/HarvestStat-Africa/main/public/hvstat_africa_data_v1.2.csv,WFP HDX CHIRPS v2 dekadal indicators,https://data.humdata.org/dataset/ken-rainfall-subnational
Kericho,KE035,-0.316683,35.225997,2021,48338.000000,104381.550000,2.159410,Seasonal aggregate,0,18.000000,934.089534,795.027352,17.491497,51.893863,41.744010,0.804411,16.000000,6.000000,0.000000,0.000000,70.000000,HarvestStat Africa v1.2,https://raw.githubusercontent.com/HarvestStat/HarvestStat-Africa/main/public/hvstat_africa_data_v1.2.csv,WFP HDX CHIRPS v2 dekadal indicators,https://data.humdata.org/dataset/ken-rainfall-subnational
Kiambu,KE022,-1.034385,36.843216,2021,24453.000000,20484.270000,0.837700,Seasonal aggregate,0,18.000000,613.595247,695.396027,-11.763194,34.088625,33.489149,0.982414,12.000000,4.000000,5.000000,3.000000,91.000000,HarvestStat Africa v1.2,https://raw.githubusercontent.com/HarvestStat/HarvestStat-Africa/main/public/hvstat_africa_data_v1.2.csv,WFP HDX CHIRPS v2 dekadal indicators,https://data.humdata.org/dataset/ken-rainfall-subnational
Kilifi,KE003,-3.152441,39.672708,2021,41695.000000,4692.330000,0.112539,Seasonal aggregate,0,18.000000,281.435643,488.607513,-42.400467,15.635314,16.352903,1.045895,4.000000,1.000000,9.000000,9.000000,91.000000,HarvestStat Africa v1.2,https://raw.githubusercontent.com/HarvestStat/HarvestStat-Africa/main/public/hvstat_africa_data_v1.2.csv,WFP HDX CHIRPS v2 dekadal indicators,https://data.humdata.org/dataset/ken-rainfall-subnational
Kirinyaga,KE020,-0.467350,37.301902,2021,27334.000000,26445.240000,0.967485,Seasonal aggregate,0,18.000000,628.312504,646.759723,-2.852252,34.906250,33.095705,0.948131,10.000000,5.000000,4.000000,3.000000,80.000000,HarvestStat Africa v1.2,https://raw.githubusercontent.com/HarvestStat/HarvestStat-Africa/main/public/hvstat_africa_data_v1.2.csv,WFP HDX CHIRPS v2 dekadal indicators,https://data.humdata.org/dataset/ken-rainfall-subnational
Kisii,KE045,-0.736677,34.753510,2021,71965.000000,123282.000000,1.713083,Seasonal aggregate,0,18.000000,1027.925003,925.845013,11.025602,57.106945,40.296022,0.705624,17.000000,7.000000,0.000000,0.000000,60.000000,HarvestStat Africa v1.2,https://raw.githubusercontent.com/HarvestStat/HarvestStat-Africa/main/public/hvstat_africa_data_v1.2.csv,WFP HDX CHIRPS v2 dekadal indicators,https://data.humdata.org/dataset/ken-rainfall-subnational
Kisumu,KE042,-0.194380,34.777329,2021,54230.000000,26397.000000,0.486760,Seasonal aggregate,0,18.000000,993.782620,816.425122,21.723670,55.210146,43.172381,0.781965,15.000000,6.000000,0.000000,0.000000,70.000000,HarvestStat Africa v1.2,https://raw.githubusercontent.com/HarvestStat/HarvestStat-Africa/main/public/hvstat_africa_data_v1.2.csv,WFP HDX CHIRPS v2 dekadal indicators,https://data.humdata.org/dataset/ken-rainfall-subnational
Kitui,KE015,-1.560490,38.371810,2021,77003.000000,23376.420000,0.303578,Seasonal aggregate,0,18.000000,231.798394,272.434005,-14.915763,12.877689,15.762113,1.223986,3.000000,1.000000,13.000000,9.000000,91.000000,HarvestStat Africa v1.2,https://raw.githubusercontent.com/HarvestStat/HarvestStat-Africa/main/public/hvstat_africa_data_v1.2.csv,WFP HDX CHIRPS v2 dekadal indicators,https://data.humdata.org/dataset/ken-rainfall-subnational
Kwale,KE002,-4.120591,39.066136,2021,57908.000000,20176.920000,0.348431,Seasonal aggregate,0,18.000000,415.821567,541.885007,-23.263873,23.101198,28.237591,1.222343,7.000000,2.000000,6.000000,4.000000,91.000000,HarvestStat Africa v1.2,https://raw.githubusercontent.com/HarvestStat/HarvestStat-Africa/main/public/hvstat_africa_data_v1.2.csv,WFP HDX CHIRPS v2 dekadal indicators,https://data.humdata.org/dataset/ken-rainfall-subnational
Laikipia,KE031,0.289134,36.825248,2021,29515.000000,32058.450000,1.086175,Seasonal aggregate,0,18.000000,325.672181,361.774838,-9.979317,18.092899,16.433498,0.908284,3.000000,2.000000,7.000000,3.000000,121.000000,HarvestStat Africa v1.2,https://raw.githubusercontent.com/HarvestStat/HarvestStat-Africa/main/public/hvstat_africa_data_v1.2.csv,WFP HDX CHIRPS v2 dekadal indicators,https://data.humdata.org/dataset/ken-rainfall-subnational
Lamu,KE005,-2.063679,40.545830,2021,24250.000000,10455.030000,0.431135,Seasonal aggregate,0,18.000000,239.339904,534.602138,-55.230276,13.296661,13.327126,1.002291,6.000000,1.000000,10.000000,9.000000,121.000000,HarvestStat Africa v1.2,https://raw.githubusercontent.com/HarvestStat/HarvestStat-Africa/main/public/hvstat_africa_data_v1.2.csv,WFP HDX CHIRPS v2 dekadal indicators,https://data.humdata.org/dataset/ken-rainfall-subnational
Machakos,KE016,-1.276237,37.394595,2021,122478.000000,59091.300000,0.482465,Seasonal aggregate,0,18.000000,412.443350,412.340392,0.024969,22.913519,20.510565,0.895129,7.000000,4.000000,6.000000,3.000000,91.000000,HarvestStat Africa v1.2,https://raw.githubusercontent.com/HarvestStat/HarvestStat-Africa/main/public/hvstat_africa_data_v1.2.csv,WFP HDX CHIRPS v2 dekadal indicators,https://data.humdata.org/dataset/ken-rainfall-subnational
Makueni,KE017,-2.253637,37.876663,2021,103171.000000,36613.440000,0.354881,Seasonal aggregate,0,18.000000,282.894944,334.183265,-15.347364,15.716386,14.923409,0.949545,6.000000,1.000000,8.000000,4.000000,80.000000,HarvestStat Africa v1.2,https://raw.githubusercontent.com/HarvestStat/HarvestStat-Africa/main/public/hvstat_africa_data_v1.2.csv,WFP HDX CHIRPS v2 dekadal indicators,https://data.humdata.org/dataset/ken-rainfall-subnational
Mandera,KE009,3.230964,40.711346,2021,2718.000000,888.300000,0.326821,Seasonal aggregate,0,18.000000,200.302847,189.924349,5.464543,11.127936,17.651422,1.586226,4.000000,2.000000,14.000000,9.000000,91.000000,HarvestStat Africa v1.2,https://raw.githubusercontent.com/HarvestStat/HarvestStat-Africa/main/public/hvstat_africa_data_v1.2.csv,WFP HDX CHIRPS v2 dekadal indicators,https://data.humdata.org/dataset/ken-rainfall-subnational
Marsabit,KE010,2.860480,37.714884,2021,940.000000,179.910000,0.191394,Seasonal aggregate,0,18.000000,127.025174,184.486778,-31.146733,7.056954,6.671721,0.945411,2.000000,0.000000,12.000000,7.000000,182.000000,HarvestStat Africa v1.2,https://raw.githubusercontent.com/HarvestStat/HarvestStat-Africa/main/public/hvstat_africa_data_v1.2.csv,WFP HDX CHIRPS v2 dekadal indicators,https://data.humdata.org/dataset/ken-rainfall-subnational
Meru,KE012,0.229055,37.776111,2021,59574.000000,59152.140000,0.992919,Seasonal aggregate,0,18.000000,499.118940,524.441410,-4.828465,27.728830,30.136672,1.086835,8.000000,4.000000,8.000000,4.000000,91.000000,HarvestStat Africa v1.2,https://raw.githubusercontent.com/HarvestStat/HarvestStat-Africa/main/public/hvstat_africa_data_v1.2.csv,WFP HDX CHIRPS v2 dekadal indicators,https://data.humdata.org/dataset/ken-rainfall-subnational
Migori,KE044,-1.018704,34.309173,2021,64390.000000,77096.970000,1.197344,Seasonal aggregate,0,18.000000,786.275850,753.103059,4.404814,43.681992,33.704861,0.771596,12.000000,7.000000,0.000000,0.000000,60.000000,HarvestStat Africa v1.2,https://raw.githubusercontent.com/HarvestStat/HarvestStat-Africa/main/public/hvstat_africa_data_v1.2.csv,WFP HDX CHIRPS v2 dekadal indicators,https://data.humdata.org/dataset/ken-rainfall-subnational
Mombasa,KE001,-3.990448,39.701130,2021,260.000000,52.650000,0.202500,Seasonal aggregate,0,18.000000,439.300000,734.479994,-40.188977,24.405556,37.056855,1.518378,7.000000,1.000000,7.000000,7.000000,101.000000,HarvestStat Africa v1.2,https://raw.githubusercontent.com/HarvestStat/HarvestStat-Africa/main/public/hvstat_africa_data_v1.2.csv,WFP HDX CHIRPS v2 dekadal indicators,https://data.humdata.org/dataset/ken-rainfall-subnational
Murang'a,KE021,-0.828519,37.004173,2021,66720.000000,54208.800000,0.812482,Seasonal aggregate,0,18.000000,630.495801,695.837541,-9.390373,35.027544,30.595418,0.873467,12.000000,5.000000,4.000000,3.000000,91.000000,HarvestStat Africa v1.2,https://raw.githubusercontent.com/HarvestStat/HarvestStat-Africa/main/public/hvstat_africa_data_v1.2.csv,WFP HDX CHIRPS v2 dekadal indicators,https://data.humdata.org/dataset/ken-rainfall-subnational
Nairobi,KE047,-1.300489,36.827926,2021,710.000000,125.730000,0.177085,Seasonal aggregate,0,18.000000,468.923084,505.110248,-7.164211,26.051282,25.503700,0.978981,8.000000,3.000000,6.000000,3.000000,91.000000,HarvestStat Africa v1.2,https://raw.githubusercontent.com/HarvestStat/HarvestStat-Africa/main/public/hvstat_africa_data_v1.2.csv,WFP HDX CHIRPS v2 dekadal indicators,https://data.humdata.org/dataset/ken-rainfall-subnational
Nakuru,KE032,-0.458448,36.100384,2021,81246.000000,161478.720000,1.987528,Seasonal aggregate,0,18.000000,539.558828,535.090196,0.835118,29.975490,22.895915,0.763821,11.000000,2.000000,1.000000,1.000000,91.000000,HarvestStat Africa v1.2,https://raw.githubusercontent.com/HarvestStat/HarvestStat-Africa/main/public/hvstat_africa_data_v1.2.csv,WFP HDX CHIRPS v2 dekadal indicators,https://data.humdata.org/dataset/ken-rainfall-subnational
Nandi,KE029,0.227352,35.123876,2021,76606.000000,188517.600000,2.460873,Seasonal aggregate,0,18.000000,983.263724,819.099630,20.042018,54.625762,48.710894,0.891720,16.000000,6.000000,1.000000,1.000000,70.000000,HarvestStat Africa v1.2,https://raw.githubusercontent.com/HarvestStat/HarvestStat-Africa/main/public/hvstat_africa_data_v1.2.csv,WFP HDX CHIRPS v2 dekadal indicators,https://data.humdata.org/dataset/ken-rainfall-subnational
Narok,KE033,-1.279878,35.476358,2021,124926.000000,200910.330000,1.608235,Seasonal aggregate,0,18.000000,612.907383,591.197598,3.672171,34.050410,20.078053,0.589657,12.000000,4.000000,1.000000,1.000000,80.000000,HarvestStat Africa v1.2,https://raw.githubusercontent.com/HarvestStat/HarvestStat-Africa/main/public/hvstat_africa_data_v1.2.csv,WFP HDX CHIRPS v2 dekadal indicators,https://data.humdata.org/dataset/ken-rainfall-subnational
Nyamira,KE046,-0.649378,34.933398,2021,61710.000000,112626.000000,1.825085,Seasonal aggregate,0,18.000000,1091.034497,912.716100,19.537115,60.613028,42.490493,0.701013,17.000000,7.000000,0.000000,0.000000,60.000000,HarvestStat Africa v1.2,https://raw.githubusercontent.com/HarvestStat/HarvestStat-Africa/main/public/hvstat_africa_data_v1.2.csv,WFP HDX CHIRPS v2 dekadal indicators,https://data.humdata.org/dataset/ken-rainfall-subnational
Nyandarua,KE018,-0.389093,36.497431,2021,17806.000000,37218.060000,2.090198,Seasonal aggregate,0,18.000000,524.555559,598.538580,-12.360610,29.141976,22.862031,0.784505,10.000000,2.000000,1.000000,1.000000,70.000000,HarvestStat Africa v1.2,https://raw.githubusercontent.com/HarvestStat/HarvestStat-Africa/main/public/hvstat_africa_data_v1.2.csv,WFP HDX CHIRPS v2 dekadal indicators,https://data.humdata.org/dataset/ken-rainfall-subnational
Nyeri,KE019,-0.314375,36.930473,2021,26361.000000,36029.700000,1.366780,Seasonal aggregate,0,18.000000,637.254551,644.133946,-1.068007,35.403031,28.669162,0.809794,11.000000,4.000000,3.000000,3.000000,70.000000,HarvestStat Africa v1.2,https://raw.githubusercontent.com/HarvestStat/HarvestStat-Africa/main/public/hvstat_africa_data_v1.2.csv,WFP HDX CHIRPS v2 dekadal indicators,https://data.humdata.org/dataset/ken-rainfall-subnational
Samburu,KE025,1.541373,36.941540,2021,9938.000000,4687.920000,0.471717,Seasonal aggregate,0,18.000000,217.299266,270.988171,-19.812269,12.072181,11.671471,0.966807,3.000000,1.000000,10.000000,5.000000,121.000000,HarvestStat Africa v1.2,https://raw.githubusercontent.com/HarvestStat/HarvestStat-Africa/main/public/hvstat_africa_data_v1.2.csv,WFP HDX CHIRPS v2 dekadal indicators,https://data.humdata.org/dataset/ken-rainfall-subnational
Siaya,KE041,-0.057674,34.199887,2021,70300.000000,50422.950000,0.717254,Seasonal aggregate,0,18.000000,949.937502,811.195420,17.103410,52.774306,48.253926,0.914345,14.000000,6.000000,1.000000,1.000000,70.000000,HarvestStat Africa v1.2,https://raw.githubusercontent.com/HarvestStat/HarvestStat-Africa/main/public/hvstat_africa_data_v1.2.csv,WFP HDX CHIRPS v2 dekadal indicators,https://data.humdata.org/dataset/ken-rainfall-subnational
Taita Taveta,KE006,-3.405203,38.371760,2021,8975.000000,2931.750000,0.326657,Seasonal aggregate,0,18.000000,249.903746,310.607723,-19.543615,13.883541,14.289594,1.029247,4.000000,1.000000,10.000000,5.000000,91.000000,HarvestStat Africa v1.2,https://raw.githubusercontent.com/HarvestStat/HarvestStat-Africa/main/public/hvstat_africa_data_v1.2.csv,WFP HDX CHIRPS v2 dekadal indicators,https://data.humdata.org/dataset/ken-rainfall-subnational
Tana River,KE004,-1.534918,39.550288,2021,4126.000000,720.810000,0.174699,Seasonal aggregate,0,18.000000,113.561943,192.080568,-40.877964,6.308997,5.511373,0.873574,1.000000,0.000000,14.000000,9.000000,182.000000,HarvestStat Africa v1.2,https://raw.githubusercontent.com/HarvestStat/HarvestStat-Africa/main/public/hvstat_africa_data_v1.2.csv,WFP HDX CHIRPS v2 dekadal indicators,https://data.humdata.org/dataset/ken-rainfall-subnational
Tharaka-Nithi,KE013,-0.191445,37.960417,2021,22341.000000,16356.690000,0.732138,Seasonal aggregate,0,18.000000,542.714291,547.091662,-0.800117,30.150794,37.910919,1.257377,7.000000,4.000000,8.000000,4.000000,91.000000,HarvestStat Africa v1.2,https://raw.githubusercontent.com/HarvestStat/HarvestStat-Africa/main/public/hvstat_africa_data_v1.2.csv,WFP HDX CHIRPS v2 dekadal indicators,https://data.humdata.org/dataset/ken-rainfall-subnational
Trans Nzoia,KE026,1.045915,34.980778,2021,105160.000000,407898.000000,3.878832,Seasonal aggregate,0,18.000000,668.822781,634.237966,5.452971,37.156821,44.469171,1.196797,11.000000,3.000000,3.000000,2.000000,80.000000,HarvestStat Africa v1.2,https://raw.githubusercontent.com/HarvestStat/HarvestStat-Africa/main/public/hvstat_africa_data_v1.2.csv,WFP HDX CHIRPS v2 dekadal indicators,https://data.humdata.org/dataset/ken-rainfall-subnational
Turkana,KE023,3.162488,35.313492,2021,1216.000000,500.130000,0.411291,Seasonal aggregate,0,18.000000,138.939025,172.177661,-19.304848,7.718835,9.236954,1.196677,2.000000,0.000000,15.000000,9.000000,182.000000,HarvestStat Africa v1.2,https://raw.githubusercontent.com/HarvestStat/HarvestStat-Africa/main/public/hvstat_africa_data_v1.2.csv,WFP HDX CHIRPS v2 dekadal indicators,https://data.humdata.org/dataset/ken-rainfall-subnational
Uasin Gishu,KE027,0.478188,35.303799,2021,104581.000000,345414.150000,3.302838,Seasonal aggregate,0,18.000000,624.657654,606.721928,2.956169,34.703203,38.919320,1.121491,10.000000,3.000000,3.000000,2.000000,80.000000,HarvestStat Africa v1.2,https://raw.githubusercontent.com/HarvestStat/HarvestStat-Africa/main/public/hvstat_africa_data_v1.2.csv,WFP HDX CHIRPS v2 dekadal indicators,https://data.humdata.org/dataset/ken-rainfall-subnational
Vihiga,KE038,0.084857,34.707784,2021,22290.000000,31115.520000,1.395941,Seasonal aggregate,0,18.000000,1177.105261,1006.033351,17.004596,65.394737,54.867550,0.839021,17.000000,7.000000,0.000000,0.000000,70.000000,HarvestStat Africa v1.2,https://raw.githubusercontent.com/HarvestStat/HarvestStat-Africa/main/public/hvstat_africa_data_v1.2.csv,WFP HDX CHIRPS v2 dekadal indicators,https://data.humdata.org/dataset/ken-rainfall-subnational
Wajir,KE008,1.939715,40.024507,2021,27.800000,7.900000,0.284173,Seasonal aggregate,0,18.000000,127.817197,193.539230,-33.957990,7.100955,11.019157,1.551785,3.000000,0.000000,15.000000,9.000000,101.000000,HarvestStat Africa v1.2,https://raw.githubusercontent.com/HarvestStat/HarvestStat-Africa/main/public/hvstat_africa_data_v1.2.csv,WFP HDX CHIRPS v2 dekadal indicators,https://data.humdata.org/dataset/ken-rainfall-subnational
West Pokot,KE024,1.893374,35.212768,2021,39732.000000,71517.600000,1.800000,Seasonal aggregate,0,18.000000,401.642851,443.095810,-9.355304,22.313492,34.392663,1.541339,5.000000,2.000000,8.000000,7.000000,111.000000,HarvestStat Africa v1.2,https://raw.githubusercontent.com/HarvestStat/HarvestStat-Africa/main/public/hvstat_africa_data_v1.2.csv,WFP HDX CHIRPS v2 dekadal indicators,https://data.humdata.org/dataset/ken-rainfall-subnational
Baringo,KE030,0.726352,36.018591,2022,45498.000000,59439.960000,1.306430,Seasonal aggregate,0,18.000000,368.062674,465.744538,-20.973271,20.447926,16.939607,0.828427,7.000000,1.000000,6.000000,2.000000,111.000000,HarvestStat Africa v1.2,https://raw.githubusercontent.com/HarvestStat/HarvestStat-Africa/main/public/hvstat_africa_data_v1.2.csv,WFP HDX CHIRPS v2 dekadal indicators,https://data.humdata.org/dataset/ken-rainfall-subnational
Bomet,KE036,-0.716095,35.238459,2022,20529.000000,26262.450000,1.279285,Seasonal aggregate,0,18.000000,1153.736847,842.724213,36.905625,64.096491,41.105005,0.641299,15.000000,9.000000,1.000000,1.000000,80.000000,HarvestStat Africa v1.2,https://raw.githubusercontent.com/HarvestStat/HarvestStat-Africa/main/public/hvstat_africa_data_v1.2.csv,WFP HDX CHIRPS v2 dekadal indicators,https://data.humdata.org/dataset/ken-rainfall-subnational
Bungoma,KE039,0.785694,34.718757,2022,95454.000000,289489.320000,3.032763,Seasonal aggregate,0,18.000000,828.240003,854.742337,-3.100623,46.013333,36.273988,0.788336,12.000000,5.000000,2.000000,1.000000,80.000000,HarvestStat Africa v1.2,https://raw.githubusercontent.com/HarvestStat/HarvestStat-Africa/main/public/hvstat_africa_data_v1.2.csv,WFP HDX CHIRPS v2 dekadal indicators,https://data.humdata.org/dataset/ken-rainfall-subnational
Busia,KE040,0.375707,34.265111,2022,46086.000000,51013.530000,1.106920,Seasonal aggregate,0,18.000000,986.596162,900.425645,9.569976,54.810898,44.343217,0.809022,14.000000,7.000000,2.000000,1.000000,80.000000,HarvestStat Africa v1.2,https://raw.githubusercontent.com/HarvestStat/HarvestStat-Africa/main/public/hvstat_africa_data_v1.2.csv,WFP HDX CHIRPS v2 dekadal indicators,https://data.humdata.org/dataset/ken-rainfall-subnational
Elgeyo-Marakwet,KE028,0.745102,35.560856,2022,30358.000000,94978.530000,3.128616,Seasonal aggregate,0,18.000000,498.313129,657.566659,-24.218614,27.684063,20.691978,0.747433,9.000000,3.000000,3.000000,1.000000,80.000000,HarvestStat Africa v1.2,https://raw.githubusercontent.com/HarvestStat/HarvestStat-Africa/main/public/hvstat_africa_data_v1.2.csv,WFP HDX CHIRPS v2 dekadal indicators,https://data.humdata.org/dataset/ken-rainfall-subnational
Embu,KE014,-0.532830,37.664629,2022,35610.000000,15944.310000,0.447748,Seasonal aggregate,0,18.000000,353.219781,525.286081,-32.756684,19.623321,32.105946,1.636112,4.000000,2.000000,11.000000,6.000000,80.000000,HarvestStat Africa v1.2,https://raw.githubusercontent.com/HarvestStat/HarvestStat-Africa/main/public/hvstat_africa_data_v1.2.csv,WFP HDX CHIRPS v2 dekadal indicators,https://data.humdata.org/dataset/ken-rainfall-subnational
Garissa,KE007,-0.520490,40.355590,2022,271.000000,136.170000,0.502472,Seasonal aggregate,0,18.000000,150.115463,240.279175,-37.524564,8.339748,8.466584,1.015209,2.000000,0.000000,14.000000,10.000000,111.000000,HarvestStat Africa v1.2,https://raw.githubusercontent.com/HarvestStat/HarvestStat-Africa/main/public/hvstat_africa_data_v1.2.csv,WFP HDX CHIRPS v2 dekadal indicators,https://data.humdata.org/dataset/ken-rainfall-subnational
Homa Bay,KE043,-0.562403,34.314532,2022,72182.000000,73532.340000,1.018707,Seasonal aggregate,0,18.000000,995.275226,734.102143,35.577213,55.293068,38.666778,0.699306,14.000000,8.000000,1.000000,1.000000,80.000000,HarvestStat Africa v1.2,https://raw.githubusercontent.com/HarvestStat/HarvestStat-Africa/main/public/hvstat_africa_data_v1.2.csv,WFP HDX CHIRPS v2 dekadal indicators,https://data.humdata.org/dataset/ken-rainfall-subnational
Isiolo,KE011,1.006385,38.747651,2022,66.600000,37.900000,0.569069,Seasonal aggregate,0,18.000000,116.845781,173.962088,-32.832617,6.491432,10.142108,1.562384,1.000000,0.000000,16.000000,10.000000,182.000000,HarvestStat Africa v1.2,https://raw.githubusercontent.com/HarvestStat/HarvestStat-Africa/main/public/hvstat_africa_data_v1.2.csv,WFP HDX CHIRPS v2 dekadal indicators,https://data.humdata.org/dataset/ken-rainfall-subnational
Kajiado,KE034,-2.112369,36.777606,2022,9729.200000,3599.650000,0.369984,Seasonal aggregate,0,18.000000,264.119379,373.466385,-29.278942,14.673299,14.132401,0.963137,5.000000,1.000000,9.000000,3.000000,101.000000,HarvestStat Africa v1.2,https://raw.githubusercontent.com/HarvestStat/HarvestStat-Africa/main/public/hvstat_africa_data_v1.2.csv,WFP HDX CHIRPS v2 dekadal indicators,https://data.humdata.org/dataset/ken-rainfall-subnational
Kakamega,KE037,0.497190,34.800929,2022,83205.000000,199609.200000,2.399005,Seasonal aggregate,0,18.000000,988.652632,951.356143,3.920350,54.925146,43.363153,0.789495,14.000000,7.000000,2.000000,1.000000,80.000000,HarvestStat Africa v1.2,https://raw.githubusercontent.com/HarvestStat/HarvestStat-Africa/main/public/hvstat_africa_data_v1.2.csv,WFP HDX CHIRPS v2 dekadal indicators,https://data.humdata.org/dataset/ken-rainfall-subnational
Kericho,KE035,-0.316683,35.225997,2022,41122.000000,117383.670000,2.854522,Seasonal aggregate,0,18.000000,912.432846,795.027352,14.767479,50.690714,34.368684,0.678007,14.000000,7.000000,1.000000,1.000000,80.000000,HarvestStat Africa v1.2,https://raw.githubusercontent.com/HarvestStat/HarvestStat-Africa/main/public/hvstat_africa_data_v1.2.csv,WFP HDX CHIRPS v2 dekadal indicators,https://data.humdata.org/dataset/ken-rainfall-subnational
Kiambu,KE022,-1.034385,36.843216,2022,26016.000000,25700.400000,0.987869,Seasonal aggregate,0,18.000000,429.785715,695.396027,-38.195546,23.876984,22.620016,0.947356,8.000000,2.000000,8.000000,3.000000,80.000000,HarvestStat Africa v1.2,https://raw.githubusercontent.com/HarvestStat/HarvestStat-Africa/main/public/hvstat_africa_data_v1.2.csv,WFP HDX CHIRPS v2 dekadal indicators,https://data.humdata.org/dataset/ken-rainfall-subnational
Kilifi,KE003,-3.152441,39.672708,2022,66389.000000,48143.520000,0.725173,Seasonal aggregate,0,18.000000,379.977721,488.607513,-22.232526,21.109873,25.445042,1.205362,6.000000,2.000000,8.000000,8.000000,91.000000,HarvestStat Africa v1.2,https://raw.githubusercontent.com/HarvestStat/HarvestStat-Africa/main/public/hvstat_africa_data_v1.2.csv,WFP HDX CHIRPS v2 dekadal indicators,https://data.humdata.org/dataset/ken-rainfall-subnational
Kirinyaga,KE020,-0.467350,37.301902,2022,35850.000000,27634.770000,0.770844,Seasonal aggregate,0,18.000000,424.937503,646.759723,-34.297470,23.607639,30.334340,1.284937,6.000000,2.000000,9.000000,3.000000,80.000000,HarvestStat Africa v1.2,https://raw.githubusercontent.com/HarvestStat/HarvestStat-Africa/main/public/hvstat_africa_data_v1.2.csv,WFP HDX CHIRPS v2 dekadal indicators,https://data.humdata.org/dataset/ken-rainfall-subnational
Kisii,KE045,-0.736677,34.753510,2022,69760.000000,84734.100000,1.214652,Seasonal aggregate,0,18.000000,1349.449985,925.845013,45.753335,74.969444,45.601161,0.608263,16.000000,12.000000,0.000000,0.000000,80.000000,HarvestStat Africa v1.2,https://raw.githubusercontent.com/HarvestStat/HarvestStat-Africa/main/public/hvstat_africa_data_v1.2.csv,WFP HDX CHIRPS v2 dekadal indicators,https://data.humdata.org/dataset/ken-rainfall-subnational
Kisumu,KE042,-0.194380,34.777329,2022,53750.000000,33372.270000,0.620879,Seasonal aggregate,0,18.000000,1017.347823,816.425122,24.610059,56.519323,43.543086,0.770411,14.000000,7.000000,2.000000,1.000000,101.000000,HarvestStat Africa v1.2,https://raw.githubusercontent.com/HarvestStat/HarvestStat-Africa/main/public/hvstat_africa_data_v1.2.csv,WFP HDX CHIRPS v2 dekadal indicators,https://data.humdata.org/dataset/ken-rainfall-subnational
Kitui,KE015,-1.560490,38.371810,2022,76096.000000,3198.510000,0.042033,Seasonal aggregate,0,18.000000,183.651957,272.434005,-32.588460,10.202887,19.450995,1.906421,2.000000,1.000000,16.000000,10.000000,182.000000,HarvestStat Africa v1.2,https://raw.githubusercontent.com/HarvestStat/HarvestStat-Africa/main/public/hvstat_africa_data_v1.2.csv,WFP HDX CHIRPS v2 dekadal indicators,https://data.humdata.org/dataset/ken-rainfall-subnational
Kwale,KE002,-4.120591,39.066136,2022,56519.000000,41062.770000,0.726530,Seasonal aggregate,0,18.000000,423.059483,541.885007,-21.928181,23.503305,25.568581,1.087872,8.000000,2.000000,7.000000,5.000000,91.000000,HarvestStat Africa v1.2,https://raw.githubusercontent.com/HarvestStat/HarvestStat-Africa/main/public/hvstat_africa_data_v1.2.csv,WFP HDX CHIRPS v2 dekadal indicators,https://data.humdata.org/dataset/ken-rainfall-subnational
Laikipia,KE031,0.289134,36.825248,2022,29988.000000,13256.550000,0.442062,Seasonal aggregate,0,18.000000,241.880797,361.774838,-33.140514,13.437822,11.598351,0.863112,4.000000,1.000000,11.000000,6.000000,101.000000,HarvestStat Africa v1.2,https://raw.githubusercontent.com/HarvestStat/HarvestStat-Africa/main/public/hvstat_africa_data_v1.2.csv,WFP HDX CHIRPS v2 dekadal indicators,https://data.humdata.org/dataset/ken-rainfall-subnational
Lamu,KE005,-2.063679,40.545830,2022,39566.000000,27656.730000,0.699002,Seasonal aggregate,0,18.000000,421.763546,534.602138,-21.107022,23.431308,38.960388,1.662749,8.000000,1.000000,10.000000,10.000000,111.000000,HarvestStat Africa v1.2,https://raw.githubusercontent.com/HarvestStat/HarvestStat-Africa/main/public/hvstat_africa_data_v1.2.csv,WFP HDX CHIRPS v2 dekadal indicators,https://data.humdata.org/dataset/ken-rainfall-subnational
Machakos,KE016,-1.276237,37.394595,2022,123971.000000,22700.790000,0.183114,Seasonal aggregate,0,18.000000,291.128078,412.340392,-29.396177,16.173782,23.844657,1.474278,3.000000,1.000000,11.000000,3.000000,80.000000,HarvestStat Africa v1.2,https://raw.githubusercontent.com/HarvestStat/HarvestStat-Africa/main/public/hvstat_africa_data_v1.2.csv,WFP HDX CHIRPS v2 dekadal indicators,https://data.humdata.org/dataset/ken-rainfall-subnational
Makueni,KE017,-2.253637,37.876663,2022,117049.000000,28164.960000,0.240625,Seasonal aggregate,0,18.000000,227.638126,334.183265,-31.882249,12.646563,20.115472,1.590588,2.000000,1.000000,14.000000,6.000000,182.000000,HarvestStat Africa v1.2,https://raw.githubusercontent.com/HarvestStat/HarvestStat-Africa/main/public/hvstat_africa_data_v1.2.csv,WFP HDX CHIRPS v2 dekadal indicators,https://data.humdata.org/dataset/ken-rainfall-subnational
Mandera,KE009,3.230964,40.711346,2022,2733.000000,815.670000,0.298452,Seasonal aggregate,0,18.000000,165.171024,189.924349,-13.033255,9.176168,15.103048,1.645899,3.000000,1.000000,13.000000,8.000000,101.000000,HarvestStat Africa v1.2,https://raw.githubusercontent.com/HarvestStat/HarvestStat-Africa/main/public/hvstat_africa_data_v1.2.csv,WFP HDX CHIRPS v2 dekadal indicators,https://data.humdata.org/dataset/ken-rainfall-subnational
Marsabit,KE010,2.860480,37.714884,2022,730.000000,92.880000,0.127233,Seasonal aggregate,0,18.000000,154.087675,184.486778,-16.477659,8.560426,12.075010,1.410562,2.000000,1.000000,13.000000,6.000000,101.000000,HarvestStat Africa v1.2,https://raw.githubusercontent.com/HarvestStat/HarvestStat-Africa/main/public/hvstat_africa_data_v1.2.csv,WFP HDX CHIRPS v2 dekadal indicators,https://data.humdata.org/dataset/ken-rainfall-subnational
Meru,KE012,0.229055,37.776111,2022,106756.000000,101280.960000,0.948714,Seasonal aggregate,0,18.000000,312.863434,524.441410,-40.343492,17.381302,23.834628,1.371280,4.000000,2.000000,11.000000,3.000000,80.000000,HarvestStat Africa v1.2,https://raw.githubusercontent.com/HarvestStat/HarvestStat-Africa/main/public/hvstat_africa_data_v1.2.csv,WFP HDX CHIRPS v2 dekadal indicators,https://data.humdata.org/dataset/ken-rainfall-subnational
Migori,KE044,-1.018704,34.309173,2022,61857.000000,77637.060000,1.255105,Seasonal aggregate,0,18.000000,1070.057468,753.103059,42.086459,59.447637,35.704313,0.600601,15.000000,9.000000,0.000000,0.000000,80.000000,HarvestStat Africa v1.2,https://raw.githubusercontent.com/HarvestStat/HarvestStat-Africa/main/public/hvstat_africa_data_v1.2.csv,WFP HDX CHIRPS v2 dekadal indicators,https://data.humdata.org/dataset/ken-rainfall-subnational
Mombasa,KE001,-3.990448,39.701130,2022,174.000000,29.790000,0.171207,Seasonal aggregate,0,18.000000,536.600000,734.479994,-26.941509,29.811111,46.864733,1.572056,8.000000,2.000000,9.000000,9.000000,101.000000,HarvestStat Africa v1.2,https://raw.githubusercontent.com/HarvestStat/HarvestStat-Africa/main/public/hvstat_africa_data_v1.2.csv,WFP HDX CHIRPS v2 dekadal indicators,https://data.humdata.org/dataset/ken-rainfall-subnational
Murang'a,KE021,-0.828519,37.004173,2022,65763.000000,39715.200000,0.603914,Seasonal aggregate,0,18.000000,455.546213,695.837541,-34.532677,25.308123,28.424776,1.123148,8.000000,2.000000,8.000000,3.000000,80.000000,HarvestStat Africa v1.2,https://raw.githubusercontent.com/HarvestStat/HarvestStat-Africa/main/public/hvstat_africa_data_v1.2.csv,WFP HDX CHIRPS v2 dekadal indicators,https://data.humdata.org/dataset/ken-rainfall-subnational
Nairobi,KE047,-1.300489,36.827926,2022,857.000000,295.380000,0.344667,Seasonal aggregate,0,18.000000,316.461538,505.110248,-37.348027,17.581197,17.491033,0.994872,6.000000,1.000000,10.000000,3.000000,80.000000,HarvestStat Africa v1.2,https://raw.githubusercontent.com/HarvestStat/HarvestStat-Africa/main/public/hvstat_africa_data_v1.2.csv,WFP HDX CHIRPS v2 dekadal indicators,https://data.humdata.org/dataset/ken-rainfall-subnational
Nakuru,KE032,-0.458448,36.100384,2022,79005.000000,161665.470000,2.046269,Seasonal aggregate,0,18.000000,493.281524,535.090196,-7.813388,27.404529,18.471905,0.674046,10.000000,1.000000,3.000000,2.000000,80.000000,HarvestStat Africa v1.2,https://raw.githubusercontent.com/HarvestStat/HarvestStat-Africa/main/public/hvstat_africa_data_v1.2.csv,WFP HDX CHIRPS v2 dekadal indicators,https://data.humdata.org/dataset/ken-rainfall-subnational
Nandi,KE029,0.227352,35.123876,2022,59812.000000,172740.150000,2.888052,Seasonal aggregate,0,18.000000,855.439559,819.099630,4.436570,47.524420,34.787460,0.731991,13.000000,7.000000,3.000000,2.000000,80.000000,HarvestStat Africa v1.2,https://raw.githubusercontent.com/HarvestStat/HarvestStat-Africa/main/public/hvstat_africa_data_v1.2.csv,WFP HDX CHIRPS v2 dekadal indicators,https://data.humdata.org/dataset/ken-rainfall-subnational
Narok,KE033,-1.279878,35.476358,2022,118190.000000,133997.940000,1.133750,Seasonal aggregate,0,18.000000,686.837051,591.197598,16.177240,38.157614,22.875030,0.599488,12.000000,6.000000,1.000000,1.000000,80.000000,HarvestStat Africa v1.2,https://raw.githubusercontent.com/HarvestStat/HarvestStat-Africa/main/public/hvstat_africa_data_v1.2.csv,WFP HDX CHIRPS v2 dekadal indicators,https://data.humdata.org/dataset/ken-rainfall-subnational
Nyamira,KE046,-0.649378,34.933398,2022,44839.000000,38738.790000,0.863953,Seasonal aggregate,0,18.000000,1283.206879,912.716100,40.592116,71.289271,46.055124,0.646032,15.000000,12.000000,1.000000,1.000000,80.000000,HarvestStat Africa v1.2,https://raw.githubusercontent.com/HarvestStat/HarvestStat-Africa/main/public/hvstat_africa_data_v1.2.csv,WFP HDX CHIRPS v2 dekadal indicators,https://data.humdata.org/dataset/ken-rainfall-subnational
Nyandarua,KE018,-0.389093,36.497431,2022,16340.000000,25830.270000,1.580800,Seasonal aggregate,0,18.000000,415.935184,598.538580,-30.508208,23.107510,16.663282,0.721120,8.000000,2.000000,3.000000,1.000000,80.000000,HarvestStat Africa v1.2,https://raw.githubusercontent.com/HarvestStat/HarvestStat-Africa/main/public/hvstat_africa_data_v1.2.csv,WFP HDX CHIRPS v2 dekadal indicators,https://data.humdata.org/dataset/ken-rainfall-subnational
Nyeri,KE019,-0.314375,36.930473,2022,28699.000000,8326.440000,0.290130,Seasonal aggregate,0,18.000000,449.836365,644.133946,-30.164158,24.990909,23.687072,0.947828,8.000000,2.000000,7.000000,3.000000,80.000000,HarvestStat Africa v1.2,https://raw.githubusercontent.com/HarvestStat/HarvestStat-Africa/main/public/hvstat_africa_data_v1.2.csv,WFP HDX CHIRPS v2 dekadal indicators,https://data.humdata.org/dataset/ken-rainfall-subnational
Samburu,KE025,1.541373,36.941540,2022,6900.000000,190.620000,0.027626,Seasonal aggregate,0,18.000000,214.379563,270.988171,-20.889697,11.909976,15.732045,1.320913,2.000000,1.000000,12.000000,6.000000,101.000000,HarvestStat Africa v1.2,https://raw.githubusercontent.com/HarvestStat/HarvestStat-Africa/main/public/hvstat_africa_data_v1.2.csv,WFP HDX CHIRPS v2 dekadal indicators,https://data.humdata.org/dataset/ken-rainfall-subnational
Siaya,KE041,-0.057674,34.199887,2022,63085.000000,60412.320000,0.957634,Seasonal aggregate,0,18.000000,996.900000,811.195420,22.892706,55.383333,45.479840,0.821183,14.000000,7.000000,2.000000,1.000000,80.000000,HarvestStat Africa v1.2,https://raw.githubusercontent.com/HarvestStat/HarvestStat-Africa/main/public/hvstat_africa_data_v1.2.csv,WFP HDX CHIRPS v2 dekadal indicators,https://data.humdata.org/dataset/ken-rainfall-subnational
Taita Taveta,KE006,-3.405203,38.371760,2022,11100.000000,3268.980000,0.294503,Seasonal aggregate,0,18.000000,222.270942,310.607723,-28.439982,12.348386,11.200177,0.907016,3.000000,0.000000,10.000000,5.000000,101.000000,HarvestStat Africa v1.2,https://raw.githubusercontent.com/HarvestStat/HarvestStat-Africa/main/public/hvstat_africa_data_v1.2.csv,WFP HDX CHIRPS v2 dekadal indicators,https://data.humdata.org/dataset/ken-rainfall-subnational
Tana River,KE004,-1.534918,39.550288,2022,2751.000000,4666.320000,1.696227,Seasonal aggregate,0,18.000000,114.157895,192.080568,-40.567702,6.342105,5.025003,0.792324,1.000000,0.000000,15.000000,10.000000,182.000000,HarvestStat Africa v1.2,https://raw.githubusercontent.com/HarvestStat/HarvestStat-Africa/main/public/hvstat_africa_data_v1.2.csv,WFP HDX CHIRPS v2 dekadal indicators,https://data.humdata.org/dataset/ken-rainfall-subnational
Tharaka-Nithi,KE013,-0.191445,37.960417,2022,35630.000000,18855.450000,0.529202,Seasonal aggregate,0,18.000000,372.452383,547.091662,-31.921393,20.691799,37.458793,1.810321,3.000000,2.000000,10.000000,3.000000,101.000000,HarvestStat Africa v1.2,https://raw.githubusercontent.com/HarvestStat/HarvestStat-Africa/main/public/hvstat_africa_data_v1.2.csv,WFP HDX CHIRPS v2 dekadal indicators,https://data.humdata.org/dataset/ken-rainfall-subnational
Trans Nzoia,KE026,1.045915,34.980778,2022,102900.000000,407484.000000,3.960000,Seasonal aggregate,0,18.000000,576.113928,634.237966,-9.164390,32.006329,25.818433,0.806666,11.000000,3.000000,4.000000,2.000000,80.000000,HarvestStat Africa v1.2,https://raw.githubusercontent.com/HarvestStat/HarvestStat-Africa/main/public/hvstat_africa_data_v1.2.csv,WFP HDX CHIRPS v2 dekadal indicators,https://data.humdata.org/dataset/ken-rainfall-subnational
Turkana,KE023,3.162488,35.313492,2022,1917.000000,1336.230000,0.697042,Seasonal aggregate,0,18.000000,138.446449,172.177661,-19.590934,7.691469,8.678788,1.128365,1.000000,0.000000,14.000000,8.000000,182.000000,HarvestStat Africa v1.2,https://raw.githubusercontent.com/HarvestStat/HarvestStat-Africa/main/public/hvstat_africa_data_v1.2.csv,WFP HDX CHIRPS v2 dekadal indicators,https://data.humdata.org/dataset/ken-rainfall-subnational
Uasin Gishu,KE027,0.478188,35.303799,2022,102000.000000,367200.000000,3.600000,Seasonal aggregate,0,18.000000,500.675680,606.721928,-17.478559,27.815316,20.487546,0.736556,11.000000,1.000000,4.000000,2.000000,80.000000,HarvestStat Africa v1.2,https://raw.githubusercontent.com/HarvestStat/HarvestStat-Africa/main/public/hvstat_africa_data_v1.2.csv,WFP HDX CHIRPS v2 dekadal indicators,https://data.humdata.org/dataset/ken-rainfall-subnational
Vihiga,KE038,0.084857,34.707784,2022,50310.000000,56616.120000,1.125345,Seasonal aggregate,0,18.000000,1196.736855,1006.033351,18.955982,66.485381,54.258679,0.816099,14.000000,8.000000,3.000000,1.000000,101.000000,HarvestStat Africa v1.2,https://raw.githubusercontent.com/HarvestStat/HarvestStat-Africa/main/public/hvstat_africa_data_v1.2.csv,WFP HDX CHIRPS v2 dekadal indicators,https://data.humdata.org/dataset/ken-rainfall-subnational
Wajir,KE008,1.939715,40.024507,2022,21.000000,5.800000,0.276190,Seasonal aggregate,0,18.000000,144.701460,193.539230,-25.234042,8.038970,12.916076,1.606683,3.000000,1.000000,14.000000,9.000000,111.000000,HarvestStat Africa v1.2,https://raw.githubusercontent.com/HarvestStat/HarvestStat-Africa/main/public/hvstat_africa_data_v1.2.csv,WFP HDX CHIRPS v2 dekadal indicators,https://data.humdata.org/dataset/ken-rainfall-subnational
West Pokot,KE024,1.893374,35.212768,2022,36575.000000,66617.010000,1.821381,Seasonal aggregate,0,18.000000,322.479591,443.095810,-27.221250,17.915533,17.621388,0.983582,5.000000,2.000000,8.000000,3.000000,101.000000,HarvestStat Africa v1.2,https://raw.githubusercontent.com/HarvestStat/HarvestStat-Africa/main/public/hvstat_africa_data_v1.2.csv,WFP HDX CHIRPS v2 dekadal indicators,https://data.humdata.org/dataset/ken-rainfall-subnational
Baringo,KE030,0.726352,36.018591,2023,50761.000000,86950.980000,1.712949,Seasonal aggregate,0,18.000000,451.868946,465.744538,-2.979228,25.103830,29.167277,1.161866,9.000000,4.000000,8.000000,7.000000,70.000000,HarvestStat Africa v1.2,https://raw.githubusercontent.com/HarvestStat/HarvestStat-Africa/main/public/hvstat_africa_data_v1.2.csv,WFP HDX CHIRPS v2 dekadal indicators,https://data.humdata.org/dataset/ken-rainfall-subnational
Bomet,KE036,-0.716095,35.238459,2023,26342.000000,58205.700000,2.209616,Seasonal aggregate,0,18.000000,918.663176,842.724213,9.011129,51.036843,41.150419,0.806288,12.000000,9.000000,6.000000,6.000000,60.000000,HarvestStat Africa v1.2,https://raw.githubusercontent.com/HarvestStat/HarvestStat-Africa/main/public/hvstat_africa_data_v1.2.csv,WFP HDX CHIRPS v2 dekadal indicators,https://data.humdata.org/dataset/ken-rainfall-subnational
Bungoma,KE039,0.785694,34.718757,2023,96339.000000,289311.300000,3.003055,Seasonal aggregate,0,18.000000,865.999989,854.742337,1.317081,48.111110,37.363546,0.776610,12.000000,10.000000,5.000000,5.000000,70.000000,HarvestStat Africa v1.2,https://raw.githubusercontent.com/HarvestStat/HarvestStat-Africa/main/public/hvstat_africa_data_v1.2.csv,WFP HDX CHIRPS v2 dekadal indicators,https://data.humdata.org/dataset/ken-rainfall-subnational
Busia,KE040,0.375707,34.265111,2023,46900.000000,43767.450000,0.933208,Seasonal aggregate,0,18.000000,993.961535,900.425645,10.387964,55.220085,43.830027,0.793733,12.000000,10.000000,5.000000,5.000000,70.000000,HarvestStat Africa v1.2,https://raw.githubusercontent.com/HarvestStat/HarvestStat-Africa/main/public/hvstat_africa_data_v1.2.csv,WFP HDX CHIRPS v2 dekadal indicators,https://data.humdata.org/dataset/ken-rainfall-subnational
Elgeyo-Marakwet,KE028,0.745102,35.560856,2023,31651.000000,95192.910000,3.007580,Seasonal aggregate,0,18.000000,617.484857,657.566659,-6.095474,34.304714,38.911174,1.134281,10.000000,4.000000,7.000000,6.000000,70.000000,HarvestStat Africa v1.2,https://raw.githubusercontent.com/HarvestStat/HarvestStat-Africa/main/public/hvstat_africa_data_v1.2.csv,WFP HDX CHIRPS v2 dekadal indicators,https://data.humdata.org/dataset/ken-rainfall-subnational
Embu,KE014,-0.532830,37.664629,2023,26230.000000,20240.370000,0.771650,Seasonal aggregate,0,18.000000,575.329666,525.286081,9.526920,31.962759,44.973192,1.407050,6.000000,4.000000,10.000000,7.000000,80.000000,HarvestStat Africa v1.2,https://raw.githubusercontent.com/HarvestStat/HarvestStat-Africa/main/public/hvstat_africa_data_v1.2.csv,WFP HDX CHIRPS v2 dekadal indicators,https://data.humdata.org/dataset/ken-rainfall-subnational
Garissa,KE007,-0.520490,40.355590,2023,179.000000,88.312500,0.493366,Seasonal aggregate,0,18.000000,335.749827,240.279175,39.733220,18.652768,30.262995,1.622440,4.000000,2.000000,13.000000,7.000000,80.000000,HarvestStat Africa v1.2,https://raw.githubusercontent.com/HarvestStat/HarvestStat-Africa/main/public/hvstat_africa_data_v1.2.csv,WFP HDX CHIRPS v2 dekadal indicators,https://data.humdata.org/dataset/ken-rainfall-subnational
Homa Bay,KE043,-0.562403,34.314532,2023,72067.000000,84618.270000,1.174161,Seasonal aggregate,0,18.000000,846.357802,734.102143,15.291559,47.019878,42.518351,0.904263,12.000000,6.000000,4.000000,2.000000,60.000000,HarvestStat Africa v1.2,https://raw.githubusercontent.com/HarvestStat/HarvestStat-Africa/main/public/hvstat_africa_data_v1.2.csv,WFP HDX CHIRPS v2 dekadal indicators,https://data.humdata.org/dataset/ken-rainfall-subnational
Isiolo,KE011,1.006385,38.747651,2023,376.000000,221.670000,0.589548,Seasonal aggregate,0,18.000000,348.287952,173.962088,100.209112,19.349331,34.072651,1.760921,4.000000,3.000000,13.000000,7.000000,80.000000,HarvestStat Africa v1.2,https://raw.githubusercontent.com/HarvestStat/HarvestStat-Africa/main/public/hvstat_africa_data_v1.2.csv,WFP HDX CHIRPS v2 dekadal indicators,https://data.humdata.org/dataset/ken-rainfall-subnational
Kajiado,KE034,-2.112369,36.777606,2023,26479.000000,2880.990000,0.108803,Seasonal aggregate,0,18.000000,285.058989,373.466385,-23.672116,15.836611,23.333182,1.473370,3.000000,2.000000,11.000000,5.000000,80.000000,HarvestStat Africa v1.2,https://raw.githubusercontent.com/HarvestStat/HarvestStat-Africa/main/public/hvstat_africa_data_v1.2.csv,WFP HDX CHIRPS v2 dekadal indicators,https://data.humdata.org/dataset/ken-rainfall-subnational
Kakamega,KE037,0.497190,34.800929,2023,80894.000000,224292.600000,2.772673,Seasonal aggregate,0,18.000000,1083.631573,951.356143,13.903881,60.201754,47.989607,0.797146,12.000000,10.000000,5.000000,5.000000,60.000000,HarvestStat Africa v1.2,https://raw.githubusercontent.com/HarvestStat/HarvestStat-Africa/main/public/hvstat_africa_data_v1.2.csv,WFP HDX CHIRPS v2 dekadal indicators,https://data.humdata.org/dataset/ken-rainfall-subnational
Kericho,KE035,-0.316683,35.225997,2023,52265.000000,132167.520000,2.528796,Seasonal aggregate,0,18.000000,877.985068,795.027352,10.434574,48.776948,42.488577,0.871079,12.000000,8.000000,6.000000,6.000000,70.000000,HarvestStat Africa v1.2,https://raw.githubusercontent.com/HarvestStat/HarvestStat-Africa/main/public/hvstat_africa_data_v1.2.csv,WFP HDX CHIRPS v2 dekadal indicators,https://data.humdata.org/dataset/ken-rainfall-subnational
Kiambu,KE022,-1.034385,36.843216,2023,21961.000000,21692.700000,0.987783,Seasonal aggregate,0,18.000000,518.714287,695.396027,-25.407355,28.817460,33.551237,1.164268,8.000000,3.000000,7.000000,4.000000,70.000000,HarvestStat Africa v1.2,https://raw.githubusercontent.com/HarvestStat/HarvestStat-Africa/main/public/hvstat_africa_data_v1.2.csv,WFP HDX CHIRPS v2 dekadal indicators,https://data.humdata.org/dataset/ken-rainfall-subnational
Kilifi,KE003,-3.152441,39.672708,2023,69069.000000,56073.420000,0.811846,Seasonal aggregate,0,18.000000,552.425745,488.607513,13.061247,30.690319,49.662808,1.618191,9.000000,2.000000,7.000000,7.000000,80.000000,HarvestStat Africa v1.2,https://raw.githubusercontent.com/HarvestStat/HarvestStat-Africa/main/public/hvstat_africa_data_v1.2.csv,WFP HDX CHIRPS v2 dekadal indicators,https://data.humdata.org/dataset/ken-rainfall-subnational
Kirinyaga,KE020,-0.467350,37.301902,2023,29685.000000,17561.160000,0.591584,Seasonal aggregate,0,18.000000,698.895833,646.759723,8.061125,38.827546,49.522063,1.275436,10.000000,5.000000,4.000000,4.000000,80.000000,HarvestStat Africa v1.2,https://raw.githubusercontent.com/HarvestStat/HarvestStat-Africa/main/public/hvstat_africa_data_v1.2.csv,WFP HDX CHIRPS v2 dekadal indicators,https://data.humdata.org/dataset/ken-rainfall-subnational
Kisii,KE045,-0.736677,34.753510,2023,58972.000000,92176.020000,1.563047,Seasonal aggregate,0,18.000000,1053.000000,925.845013,13.733939,58.500000,45.892866,0.784493,12.000000,9.000000,3.000000,2.000000,60.000000,HarvestStat Africa v1.2,https://raw.githubusercontent.com/HarvestStat/HarvestStat-Africa/main/public/hvstat_africa_data_v1.2.csv,WFP HDX CHIRPS v2 dekadal indicators,https://data.humdata.org/dataset/ken-rainfall-subnational
Kisumu,KE042,-0.194380,34.777329,2023,57780.000000,57302.100000,0.991729,Seasonal aggregate,0,18.000000,941.318853,816.425122,15.297634,52.295492,43.488183,0.831586,12.000000,8.000000,5.000000,5.000000,60.000000,HarvestStat Africa v1.2,https://raw.githubusercontent.com/HarvestStat/HarvestStat-Africa/main/public/hvstat_africa_data_v1.2.csv,WFP HDX CHIRPS v2 dekadal indicators,https://data.humdata.org/dataset/ken-rainfall-subnational
Kitui,KE015,-1.560490,38.371810,2023,63497.000000,12489.660000,0.196697,Seasonal aggregate,0,18.000000,362.969913,272.434005,33.232235,20.164995,31.054451,1.540018,4.000000,3.000000,12.000000,7.000000,80.000000,HarvestStat Africa v1.2,https://raw.githubusercontent.com/HarvestStat/HarvestStat-Africa/main/public/hvstat_africa_data_v1.2.csv,WFP HDX CHIRPS v2 dekadal indicators,https://data.humdata.org/dataset/ken-rainfall-subnational
Kwale,KE002,-4.120591,39.066136,2023,55124.000000,50542.020000,0.916879,Seasonal aggregate,0,18.000000,582.698876,541.885007,7.531832,32.372160,50.194901,1.550558,9.000000,3.000000,6.000000,6.000000,80.000000,HarvestStat Africa v1.2,https://raw.githubusercontent.com/HarvestStat/HarvestStat-Africa/main/public/hvstat_africa_data_v1.2.csv,WFP HDX CHIRPS v2 dekadal indicators,https://data.humdata.org/dataset/ken-rainfall-subnational
Laikipia,KE031,0.289134,36.825248,2023,28830.000000,28154.970000,0.976586,Seasonal aggregate,0,18.000000,412.490058,361.774838,14.018449,22.916114,27.476974,1.199024,7.000000,2.000000,7.000000,7.000000,70.000000,HarvestStat Africa v1.2,https://raw.githubusercontent.com/HarvestStat/HarvestStat-Africa/main/public/hvstat_africa_data_v1.2.csv,WFP HDX CHIRPS v2 dekadal indicators,https://data.humdata.org/dataset/ken-rainfall-subnational
Lamu,KE005,-2.063679,40.545830,2023,41452.000000,37340.662500,0.900817,Seasonal aggregate,0,18.000000,544.098519,534.602138,1.776345,30.227695,62.511603,2.068024,9.000000,1.000000,8.000000,8.000000,80.000000,HarvestStat Africa v1.2,https://raw.githubusercontent.com/HarvestStat/HarvestStat-Africa/main/public/hvstat_africa_data_v1.2.csv,WFP HDX CHIRPS v2 dekadal indicators,https://data.humdata.org/dataset/ken-rainfall-subnational
Machakos,KE016,-1.276237,37.394595,2023,136275.000000,53699.580000,0.394053,Seasonal aggregate,0,18.000000,366.059114,412.340392,-11.224047,20.336617,26.992311,1.327276,6.000000,3.000000,10.000000,6.000000,80.000000,HarvestStat Africa v1.2,https://raw.githubusercontent.com/HarvestStat/HarvestStat-Africa/main/public/hvstat_africa_data_v1.2.csv,WFP HDX CHIRPS v2 dekadal indicators,https://data.humdata.org/dataset/ken-rainfall-subnational
Makueni,KE017,-2.253637,37.876663,2023,106226.000000,36698.940000,0.345480,Seasonal aggregate,0,18.000000,289.175092,334.183265,-13.468111,16.065283,25.782820,1.604878,4.000000,1.000000,12.000000,7.000000,80.000000,HarvestStat Africa v1.2,https://raw.githubusercontent.com/HarvestStat/HarvestStat-Africa/main/public/hvstat_africa_data_v1.2.csv,WFP HDX CHIRPS v2 dekadal indicators,https://data.humdata.org/dataset/ken-rainfall-subnational
Mandera,KE009,3.230964,40.711346,2023,1901.000000,411.750000,0.216597,Seasonal aggregate,0,18.000000,299.070066,189.924349,57.467996,16.615004,24.799716,1.492610,5.000000,2.000000,11.000000,7.000000,70.000000,HarvestStat Africa v1.2,https://raw.githubusercontent.com/HarvestStat/HarvestStat-Africa/main/public/hvstat_africa_data_v1.2.csv,WFP HDX CHIRPS v2 dekadal indicators,https://data.humdata.org/dataset/ken-rainfall-subnational
Marsabit,KE010,2.860480,37.714884,2023,200.000000,67.500000,0.337500,Seasonal aggregate,0,18.000000,321.336809,184.486778,74.178774,17.852045,27.643305,1.548467,5.000000,2.000000,12.000000,7.000000,70.000000,HarvestStat Africa v1.2,https://raw.githubusercontent.com/HarvestStat/HarvestStat-Africa/main/public/hvstat_africa_data_v1.2.csv,WFP HDX CHIRPS v2 dekadal indicators,https://data.humdata.org/dataset/ken-rainfall-subnational
Meru,KE012,0.229055,37.776111,2023,79197.000000,54144.990000,0.683675,Seasonal aggregate,0,18.000000,735.986789,524.441410,40.337276,40.888155,68.503572,1.675389,6.000000,4.000000,8.000000,6.000000,80.000000,HarvestStat Africa v1.2,https://raw.githubusercontent.com/HarvestStat/HarvestStat-Africa/main/public/hvstat_africa_data_v1.2.csv,WFP HDX CHIRPS v2 dekadal indicators,https://data.humdata.org/dataset/ken-rainfall-subnational
Migori,KE044,-1.018704,34.309173,2023,86630.000000,136647.000000,1.577363,Seasonal aggregate,0,18.000000,821.850573,753.103059,9.128567,45.658365,39.298293,0.860703,12.000000,6.000000,3.000000,2.000000,60.000000,HarvestStat Africa v1.2,https://raw.githubusercontent.com/HarvestStat/HarvestStat-Africa/main/public/hvstat_africa_data_v1.2.csv,WFP HDX CHIRPS v2 dekadal indicators,https://data.humdata.org/dataset/ken-rainfall-subnational
Mombasa,KE001,-3.990448,39.701130,2023,664.000000,241.740000,0.364066,Seasonal aggregate,0,18.000000,822.800000,734.479994,12.024835,45.711111,70.607553,1.544647,10.000000,5.000000,7.000000,7.000000,80.000000,HarvestStat Africa v1.2,https://raw.githubusercontent.com/HarvestStat/HarvestStat-Africa/main/public/hvstat_africa_data_v1.2.csv,WFP HDX CHIRPS v2 dekadal indicators,https://data.humdata.org/dataset/ken-rainfall-subnational
Murang'a,KE021,-0.828519,37.004173,2023,56542.000000,38433.420000,0.679732,Seasonal aggregate,0,18.000000,613.647063,695.837541,-11.811734,34.091503,42.199911,1.237842,8.000000,4.000000,6.000000,4.000000,70.000000,HarvestStat Africa v1.2,https://raw.githubusercontent.com/HarvestStat/HarvestStat-Africa/main/public/hvstat_africa_data_v1.2.csv,WFP HDX CHIRPS v2 dekadal indicators,https://data.humdata.org/dataset/ken-rainfall-subnational
Nairobi,KE047,-1.300489,36.827926,2023,730.000000,305.235000,0.418130,Seasonal aggregate,0,18.000000,364.576921,505.110248,-27.822308,20.254273,25.851149,1.276331,5.000000,2.000000,9.000000,4.000000,70.000000,HarvestStat Africa v1.2,https://raw.githubusercontent.com/HarvestStat/HarvestStat-Africa/main/public/hvstat_africa_data_v1.2.csv,WFP HDX CHIRPS v2 dekadal indicators,https://data.humdata.org/dataset/ken-rainfall-subnational
Nakuru,KE032,-0.458448,36.100384,2023,79890.000000,228739.995000,2.863187,Seasonal aggregate,0,18.000000,511.462183,535.090196,-4.415707,28.414566,27.805517,0.978566,10.000000,3.000000,6.000000,6.000000,70.000000,HarvestStat Africa v1.2,https://raw.githubusercontent.com/HarvestStat/HarvestStat-Africa/main/public/hvstat_africa_data_v1.2.csv,WFP HDX CHIRPS v2 dekadal indicators,https://data.humdata.org/dataset/ken-rainfall-subnational
Nandi,KE029,0.227352,35.123876,2023,68357.000000,184567.770000,2.700057,Seasonal aggregate,0,18.000000,948.208794,819.099630,15.762327,52.678266,46.607976,0.884767,11.000000,8.000000,5.000000,5.000000,60.000000,HarvestStat Africa v1.2,https://raw.githubusercontent.com/HarvestStat/HarvestStat-Africa/main/public/hvstat_africa_data_v1.2.csv,WFP HDX CHIRPS v2 dekadal indicators,https://data.humdata.org/dataset/ken-rainfall-subnational
Narok,KE033,-1.279878,35.476358,2023,111966.000000,84483.292500,0.754544,Seasonal aggregate,0,18.000000,568.711832,591.197598,-3.803426,31.595102,30.984355,0.980670,10.000000,3.000000,5.000000,3.000000,70.000000,HarvestStat Africa v1.2,https://raw.githubusercontent.com/HarvestStat/HarvestStat-Africa/main/public/hvstat_africa_data_v1.2.csv,WFP HDX CHIRPS v2 dekadal indicators,https://data.humdata.org/dataset/ken-rainfall-subnational
Nyamira,KE046,-0.649378,34.933398,2023,39821.000000,36790.650000,0.923901,Seasonal aggregate,0,18.000000,1049.413772,912.716100,14.977020,58.300765,46.532330,0.798143,12.000000,9.000000,5.000000,5.000000,60.000000,HarvestStat Africa v1.2,https://raw.githubusercontent.com/HarvestStat/HarvestStat-Africa/main/public/hvstat_africa_data_v1.2.csv,WFP HDX CHIRPS v2 dekadal indicators,https://data.humdata.org/dataset/ken-rainfall-subnational
Nyandarua,KE018,-0.389093,36.497431,2023,17500.000000,45622.800000,2.607017,Seasonal aggregate,0,18.000000,528.064812,598.538580,-11.774307,29.336934,28.859096,0.983712,11.000000,2.000000,5.000000,3.000000,80.000000,HarvestStat Africa v1.2,https://raw.githubusercontent.com/HarvestStat/HarvestStat-Africa/main/public/hvstat_africa_data_v1.2.csv,WFP HDX CHIRPS v2 dekadal indicators,https://data.humdata.org/dataset/ken-rainfall-subnational
Nyeri,KE019,-0.314375,36.930473,2023,13234.000000,31550.310000,2.384034,Seasonal aggregate,0,18.000000,658.418185,644.133946,2.217588,36.578788,40.905869,1.118295,9.000000,5.000000,3.000000,3.000000,80.000000,HarvestStat Africa v1.2,https://raw.githubusercontent.com/HarvestStat/HarvestStat-Africa/main/public/hvstat_africa_data_v1.2.csv,WFP HDX CHIRPS v2 dekadal indicators,https://data.humdata.org/dataset/ken-rainfall-subnational
Samburu,KE025,1.541373,36.941540,2023,21434.000000,18950.310000,0.884124,Seasonal aggregate,0,18.000000,391.414590,270.988171,44.439733,21.745255,33.006250,1.517860,6.000000,2.000000,12.000000,7.000000,70.000000,HarvestStat Africa v1.2,https://raw.githubusercontent.com/HarvestStat/HarvestStat-Africa/main/public/hvstat_africa_data_v1.2.csv,WFP HDX CHIRPS v2 dekadal indicators,https://data.humdata.org/dataset/ken-rainfall-subnational
Siaya,KE041,-0.057674,34.199887,2023,69661.000000,96968.250000,1.392002,Seasonal aggregate,0,18.000000,965.012501,811.195420,18.961779,53.611806,45.447318,0.847711,12.000000,9.000000,5.000000,5.000000,70.000000,HarvestStat Africa v1.2,https://raw.githubusercontent.com/HarvestStat/HarvestStat-Africa/main/public/hvstat_africa_data_v1.2.csv,WFP HDX CHIRPS v2 dekadal indicators,https://data.humdata.org/dataset/ken-rainfall-subnational
Taita Taveta,KE006,-3.405203,38.371760,2023,10940.000000,10207.710000,0.933063,Seasonal aggregate,0,18.000000,301.292335,310.607723,-2.999084,16.738463,27.888596,1.666138,4.000000,1.000000,12.000000,8.000000,80.000000,HarvestStat Africa v1.2,https://raw.githubusercontent.com/HarvestStat/HarvestStat-Africa/main/public/hvstat_africa_data_v1.2.csv,WFP HDX CHIRPS v2 dekadal indicators,https://data.humdata.org/dataset/ken-rainfall-subnational
Tana River,KE004,-1.534918,39.550288,2023,4441.000000,9545.670000,2.149442,Seasonal aggregate,0,18.000000,278.545753,192.080568,45.015061,15.474764,23.373484,1.510426,4.000000,1.000000,13.000000,7.000000,80.000000,HarvestStat Africa v1.2,https://raw.githubusercontent.com/HarvestStat/HarvestStat-Africa/main/public/hvstat_africa_data_v1.2.csv,WFP HDX CHIRPS v2 dekadal indicators,https://data.humdata.org/dataset/ken-rainfall-subnational
Tharaka-Nithi,KE013,-0.191445,37.960417,2023,27245.000000,17619.120000,0.646692,Seasonal aggregate,0,18.000000,730.107141,547.091662,33.452434,40.561508,66.884203,1.648958,6.000000,4.000000,9.000000,6.000000,80.000000,HarvestStat Africa v1.2,https://raw.githubusercontent.com/HarvestStat/HarvestStat-Africa/main/public/hvstat_africa_data_v1.2.csv,WFP HDX CHIRPS v2 dekadal indicators,https://data.humdata.org/dataset/ken-rainfall-subnational
Trans Nzoia,KE026,1.045915,34.980778,2023,105930.000000,504000.000000,4.757859,Seasonal aggregate,0,18.000000,642.746836,634.237966,1.341589,35.708158,31.537929,0.883214,10.000000,7.000000,7.000000,6.000000,70.000000,HarvestStat Africa v1.2,https://raw.githubusercontent.com/HarvestStat/HarvestStat-Africa/main/public/hvstat_africa_data_v1.2.csv,WFP HDX CHIRPS v2 dekadal indicators,https://data.humdata.org/dataset/ken-rainfall-subnational
Turkana,KE023,3.162488,35.313492,2023,3200.000000,2025.000000,0.632812,Seasonal aggregate,0,18.000000,212.632557,172.177661,23.496019,11.812920,19.662844,1.664520,4.000000,1.000000,14.000000,7.000000,70.000000,HarvestStat Africa v1.2,https://raw.githubusercontent.com/HarvestStat/HarvestStat-Africa/main/public/hvstat_africa_data_v1.2.csv,WFP HDX CHIRPS v2 dekadal indicators,https://data.humdata.org/dataset/ken-rainfall-subnational
Uasin Gishu,KE027,0.478188,35.303799,2023,106385.000000,450943.380000,4.238787,Seasonal aggregate,0,18.000000,632.405407,606.721928,4.233155,35.133634,37.729407,1.073883,10.000000,6.000000,6.000000,6.000000,70.000000,HarvestStat Africa v1.2,https://raw.githubusercontent.com/HarvestStat/HarvestStat-Africa/main/public/hvstat_africa_data_v1.2.csv,WFP HDX CHIRPS v2 dekadal indicators,https://data.humdata.org/dataset/ken-rainfall-subnational
Vihiga,KE038,0.084857,34.707784,2023,47817.000000,32107.185000,0.671460,Seasonal aggregate,0,18.000000,1198.578946,1006.033351,19.139087,66.587719,52.404637,0.787002,13.000000,10.000000,5.000000,5.000000,60.000000,HarvestStat Africa v1.2,https://raw.githubusercontent.com/HarvestStat/HarvestStat-Africa/main/public/hvstat_africa_data_v1.2.csv,WFP HDX CHIRPS v2 dekadal indicators,https://data.humdata.org/dataset/ken-rainfall-subnational
Wajir,KE008,1.939715,40.024507,2023,25.000000,8.437500,0.337500,Seasonal aggregate,0,18.000000,346.381827,193.539230,78.972411,19.243435,30.055597,1.561862,5.000000,3.000000,13.000000,7.000000,70.000000,HarvestStat Africa v1.2,https://raw.githubusercontent.com/HarvestStat/HarvestStat-Africa/main/public/hvstat_africa_data_v1.2.csv,WFP HDX CHIRPS v2 dekadal indicators,https://data.humdata.org/dataset/ken-rainfall-subnational
West Pokot,KE024,1.893374,35.212768,2023,51318.000000,83237.670000,1.621998,Seasonal aggregate,0,18.000000,409.996602,443.095810,-7.469989,22.777589,27.928192,1.226126,9.000000,2.000000,8.000000,7.000000,70.000000,HarvestStat Africa v1.2,https://raw.githubusercontent.com/HarvestStat/HarvestStat-Africa/main/public/hvstat_africa_data_v1.2.csv,WFP HDX CHIRPS v2 dekadal indicators,https://data.humdata.org/dataset/ken-rainfall-subnational
Baringo,KE030,0.726352,36.018591,2024,41562.000000,98578.490000,2.371842,Seasonal aggregate,0,18.000000,645.683759,465.744538,38.634746,35.871320,38.119030,1.062660,9.000000,4.000000,4.000000,3.000000,81.000000,HarvestStat Africa v1.2,https://raw.githubusercontent.com/HarvestStat/HarvestStat-Africa/main/public/hvstat_africa_data_v1.2.csv,WFP HDX CHIRPS v2 dekadal indicators,https://data.humdata.org/dataset/ken-rainfall-subnational
Bomet,KE036,-0.716095,35.238459,2024,27381.000000,73536.900000,2.685691,Seasonal aggregate,0,18.000000,1128.989476,842.724213,33.969033,62.721638,31.878118,0.508248,17.000000,12.000000,1.000000,1.000000,81.000000,HarvestStat Africa v1.2,https://raw.githubusercontent.com/HarvestStat/HarvestStat-Africa/main/public/hvstat_africa_data_v1.2.csv,WFP HDX CHIRPS v2 dekadal indicators,https://data.humdata.org/dataset/ken-rainfall-subnational
Bungoma,KE039,0.785694,34.718757,2024,93337.000000,250013.730000,2.678613,Seasonal aggregate,0,18.000000,966.609994,854.742337,13.087881,53.700555,23.550428,0.438551,17.000000,7.000000,1.000000,1.000000,81.000000,HarvestStat Africa v1.2,https://raw.githubusercontent.com/HarvestStat/HarvestStat-Africa/main/public/hvstat_africa_data_v1.2.csv,WFP HDX CHIRPS v2 dekadal indicators,https://data.humdata.org/dataset/ken-rainfall-subnational
Busia,KE040,0.375707,34.265111,2024,36308.000000,80950.140000,2.229540,Seasonal aggregate,1,18.000000,1076.173069,900.425645,19.518261,59.787393,29.718978,0.497078,17.000000,12.000000,1.000000,1.000000,81.000000,HarvestStat Africa v1.2,https://raw.githubusercontent.com/HarvestStat/HarvestStat-Africa/main/public/hvstat_africa_data_v1.2.csv,WFP HDX CHIRPS v2 dekadal indicators,https://data.humdata.org/dataset/ken-rainfall-subnational
Elgeyo-Marakwet,KE028,0.745102,35.560856,2024,37969.000000,145808.190000,3.840190,Seasonal aggregate,0,18.000000,867.343434,657.566659,31.901979,48.185746,48.032233,0.996814,13.000000,5.000000,1.000000,1.000000,81.000000,HarvestStat Africa v1.2,https://raw.githubusercontent.com/HarvestStat/HarvestStat-Africa/main/public/hvstat_africa_data_v1.2.csv,WFP HDX CHIRPS v2 dekadal indicators,https://data.humdata.org/dataset/ken-rainfall-subnational
Embu,KE014,-0.532830,37.664629,2024,33047.000000,36494.550000,1.104323,Seasonal aggregate,0,18.000000,892.186815,525.286081,69.847793,49.565934,67.017112,1.352080,9.000000,5.000000,6.000000,3.000000,81.000000,HarvestStat Africa v1.2,https://raw.githubusercontent.com/HarvestStat/HarvestStat-Africa/main/public/hvstat_africa_data_v1.2.csv,WFP HDX CHIRPS v2 dekadal indicators,https://data.humdata.org/dataset/ken-rainfall-subnational
Garissa,KE007,-0.520490,40.355590,2024,127.000000,118.080000,0.929764,Seasonal aggregate,0,18.000000,266.324397,240.279175,10.839567,14.795800,19.653951,1.328347,5.000000,1.000000,11.000000,8.000000,92.000000,HarvestStat Africa v1.2,https://raw.githubusercontent.com/HarvestStat/HarvestStat-Africa/main/public/hvstat_africa_data_v1.2.csv,WFP HDX CHIRPS v2 dekadal indicators,https://data.humdata.org/dataset/ken-rainfall-subnational
Homa Bay,KE043,-0.562403,34.314532,2024,75816.000000,117557.420000,1.550562,Seasonal aggregate,0,18.000000,815.724766,734.102143,11.118701,45.318043,26.329411,0.580992,16.000000,5.000000,1.000000,1.000000,81.000000,HarvestStat Africa v1.2,https://raw.githubusercontent.com/HarvestStat/HarvestStat-Africa/main/public/hvstat_africa_data_v1.2.csv,WFP HDX CHIRPS v2 dekadal indicators,https://data.humdata.org/dataset/ken-rainfall-subnational
Isiolo,KE011,1.006385,38.747651,2024,305.000000,257.990000,0.845869,Seasonal aggregate,0,18.000000,248.560243,173.962088,42.881846,13.808902,24.913831,1.804186,3.000000,2.000000,13.000000,5.000000,92.000000,HarvestStat Africa v1.2,https://raw.githubusercontent.com/HarvestStat/HarvestStat-Africa/main/public/hvstat_africa_data_v1.2.csv,WFP HDX CHIRPS v2 dekadal indicators,https://data.humdata.org/dataset/ken-rainfall-subnational
Kajiado,KE034,-2.112369,36.777606,2024,13263.000000,21987.220000,1.657786,Seasonal aggregate,0,18.000000,721.151692,373.466385,93.096814,40.063983,36.874459,0.920389,11.000000,6.000000,6.000000,3.000000,61.000000,HarvestStat Africa v1.2,https://raw.githubusercontent.com/HarvestStat/HarvestStat-Africa/main/public/hvstat_africa_data_v1.2.csv,WFP HDX CHIRPS v2 dekadal indicators,https://data.humdata.org/dataset/ken-rainfall-subnational
Kakamega,KE037,0.497190,34.800929,2024,82436.000000,143039.870000,1.735163,Seasonal aggregate,0,18.000000,1127.010523,951.356143,18.463578,62.611696,22.898457,0.365722,17.000000,13.000000,1.000000,1.000000,81.000000,HarvestStat Africa v1.2,https://raw.githubusercontent.com/HarvestStat/HarvestStat-Africa/main/public/hvstat_africa_data_v1.2.csv,WFP HDX CHIRPS v2 dekadal indicators,https://data.humdata.org/dataset/ken-rainfall-subnational
Kericho,KE035,-0.316683,35.225997,2024,40541.000000,116686.250000,2.878228,Seasonal aggregate,0,18.000000,990.268650,795.027352,24.557809,55.014925,30.034336,0.545931,17.000000,10.000000,1.000000,1.000000,81.000000,HarvestStat Africa v1.2,https://raw.githubusercontent.com/HarvestStat/HarvestStat-Africa/main/public/hvstat_africa_data_v1.2.csv,WFP HDX CHIRPS v2 dekadal indicators,https://data.humdata.org/dataset/ken-rainfall-subnational
Kiambu,KE022,-1.034385,36.843216,2024,27017.000000,26152.720000,0.968010,Seasonal aggregate,0,18.000000,1580.380954,695.396027,127.263443,87.798942,95.891290,1.092169,12.000000,10.000000,3.000000,2.000000,61.000000,HarvestStat Africa v1.2,https://raw.githubusercontent.com/HarvestStat/HarvestStat-Africa/main/public/hvstat_africa_data_v1.2.csv,WFP HDX CHIRPS v2 dekadal indicators,https://data.humdata.org/dataset/ken-rainfall-subnational
Kilifi,KE003,-3.152441,39.672708,2024,80446.000000,87935.030000,1.093094,Seasonal aggregate,0,18.000000,408.279704,488.607513,-16.440150,22.682206,18.179510,0.801488,10.000000,3.000000,7.000000,6.000000,81.000000,HarvestStat Africa v1.2,https://raw.githubusercontent.com/HarvestStat/HarvestStat-Africa/main/public/hvstat_africa_data_v1.2.csv,WFP HDX CHIRPS v2 dekadal indicators,https://data.humdata.org/dataset/ken-rainfall-subnational
Kirinyaga,KE020,-0.467350,37.301902,2024,34853.000000,33938.860000,0.973772,Seasonal aggregate,0,18.000000,1120.770827,646.759723,73.290139,62.265046,79.344416,1.274301,9.000000,7.000000,2.000000,1.000000,92.000000,HarvestStat Africa v1.2,https://raw.githubusercontent.com/HarvestStat/HarvestStat-Africa/main/public/hvstat_africa_data_v1.2.csv,WFP HDX CHIRPS v2 dekadal indicators,https://data.humdata.org/dataset/ken-rainfall-subnational
Kisii,KE045,-0.736677,34.753510,2024,69218.000000,137152.370000,1.981455,Seasonal aggregate,0,18.000000,1095.849990,925.845013,18.362142,60.880555,30.324742,0.498102,16.000000,11.000000,1.000000,1.000000,81.000000,HarvestStat Africa v1.2,https://raw.githubusercontent.com/HarvestStat/HarvestStat-Africa/main/public/hvstat_africa_data_v1.2.csv,WFP HDX CHIRPS v2 dekadal indicators,https://data.humdata.org/dataset/ken-rainfall-subnational
Kisumu,KE042,-0.194380,34.777329,2024,51803.000000,112737.240000,2.176269,Seasonal aggregate,0,18.000000,1017.652178,816.425122,24.647338,56.536232,27.859206,0.492767,17.000000,10.000000,1.000000,1.000000,81.000000,HarvestStat Africa v1.2,https://raw.githubusercontent.com/HarvestStat/HarvestStat-Africa/main/public/hvstat_africa_data_v1.2.csv,WFP HDX CHIRPS v2 dekadal indicators,https://data.humdata.org/dataset/ken-rainfall-subnational
Kitui,KE015,-1.560490,38.371810,2024,81647.000000,56413.180000,0.690940,Seasonal aggregate,0,18.000000,452.908724,272.434005,66.245298,25.161596,30.356840,1.206475,5.000000,4.000000,8.000000,3.000000,81.000000,HarvestStat Africa v1.2,https://raw.githubusercontent.com/HarvestStat/HarvestStat-Africa/main/public/hvstat_africa_data_v1.2.csv,WFP HDX CHIRPS v2 dekadal indicators,https://data.humdata.org/dataset/ken-rainfall-subnational
Kwale,KE002,-4.120591,39.066136,2024,63305.000000,85740.940000,1.354410,Seasonal aggregate,0,18.000000,437.029740,541.885007,-19.350096,24.279430,17.371616,0.715487,7.000000,2.000000,6.000000,4.000000,71.000000,HarvestStat Africa v1.2,https://raw.githubusercontent.com/HarvestStat/HarvestStat-Africa/main/public/hvstat_africa_data_v1.2.csv,WFP HDX CHIRPS v2 dekadal indicators,https://data.humdata.org/dataset/ken-rainfall-subnational
Laikipia,KE031,0.289134,36.825248,2024,29773.000000,55950.710000,1.879243,Seasonal aggregate,0,18.000000,517.357612,361.774838,43.005416,28.742090,29.847877,1.038473,7.000000,3.000000,7.000000,3.000000,92.000000,HarvestStat Africa v1.2,https://raw.githubusercontent.com/HarvestStat/HarvestStat-Africa/main/public/hvstat_africa_data_v1.2.csv,WFP HDX CHIRPS v2 dekadal indicators,https://data.humdata.org/dataset/ken-rainfall-subnational
Lamu,KE005,-2.063679,40.545830,2024,49751.000000,81711.990000,1.642419,Seasonal aggregate,0,18.000000,457.438414,534.602138,-14.433860,25.413245,30.290228,1.191907,7.000000,3.000000,7.000000,7.000000,92.000000,HarvestStat Africa v1.2,https://raw.githubusercontent.com/HarvestStat/HarvestStat-Africa/main/public/hvstat_africa_data_v1.2.csv,WFP HDX CHIRPS v2 dekadal indicators,https://data.humdata.org/dataset/ken-rainfall-subnational
Machakos,KE016,-1.276237,37.394595,2024,143256.000000,170417.330000,1.189600,Seasonal aggregate,0,18.000000,939.364563,412.340392,127.812890,52.186920,64.094971,1.228181,11.000000,5.000000,6.000000,3.000000,61.000000,HarvestStat Africa v1.2,https://raw.githubusercontent.com/HarvestStat/HarvestStat-Africa/main/public/hvstat_africa_data_v1.2.csv,WFP HDX CHIRPS v2 dekadal indicators,https://data.humdata.org/dataset/ken-rainfall-subnational
Makueni,KE017,-2.253637,37.876663,2024,161462.000000,114685.100000,0.710292,Seasonal aggregate,0,18.000000,638.937745,334.183265,91.193818,35.496541,38.870775,1.095058,10.000000,5.000000,7.000000,3.000000,61.000000,HarvestStat Africa v1.2,https://raw.githubusercontent.com/HarvestStat/HarvestStat-Africa/main/public/hvstat_africa_data_v1.2.csv,WFP HDX CHIRPS v2 dekadal indicators,https://data.humdata.org/dataset/ken-rainfall-subnational
Mandera,KE009,3.230964,40.711346,2024,1772.000000,1617.450000,0.912782,Seasonal aggregate,0,18.000000,313.681710,189.924349,65.161398,17.426762,34.897384,2.002517,4.000000,2.000000,14.000000,9.000000,92.000000,HarvestStat Africa v1.2,https://raw.githubusercontent.com/HarvestStat/HarvestStat-Africa/main/public/hvstat_africa_data_v1.2.csv,WFP HDX CHIRPS v2 dekadal indicators,https://data.humdata.org/dataset/ken-rainfall-subnational
Marsabit,KE010,2.860480,37.714884,2024,1472.000000,1124.400000,0.763859,Seasonal aggregate,0,18.000000,284.328552,184.486778,54.118661,15.796031,26.099079,1.652256,3.000000,2.000000,13.000000,5.000000,92.000000,HarvestStat Africa v1.2,https://raw.githubusercontent.com/HarvestStat/HarvestStat-Africa/main/public/hvstat_africa_data_v1.2.csv,WFP HDX CHIRPS v2 dekadal indicators,https://data.humdata.org/dataset/ken-rainfall-subnational
Meru,KE012,0.229055,37.776111,2024,92374.000000,100191.180000,1.084625,Seasonal aggregate,0,18.000000,816.779734,524.441410,55.742799,45.376652,63.134296,1.391339,9.000000,5.000000,6.000000,3.000000,92.000000,HarvestStat Africa v1.2,https://raw.githubusercontent.com/HarvestStat/HarvestStat-Africa/main/public/hvstat_africa_data_v1.2.csv,WFP HDX CHIRPS v2 dekadal indicators,https://data.humdata.org/dataset/ken-rainfall-subnational
Migori,KE044,-1.018704,34.309173,2024,79357.000000,98766.110000,1.244580,Seasonal aggregate,0,18.000000,721.068970,753.103059,-4.253613,40.059387,23.184863,0.578762,13.000000,5.000000,1.000000,1.000000,81.000000,HarvestStat Africa v1.2,https://raw.githubusercontent.com/HarvestStat/HarvestStat-Africa/main/public/hvstat_africa_data_v1.2.csv,WFP HDX CHIRPS v2 dekadal indicators,https://data.humdata.org/dataset/ken-rainfall-subnational
Mombasa,KE001,-3.990448,39.701130,2024,639.000000,821.800000,1.286072,Seasonal aggregate,0,18.000000,568.000000,734.479994,-22.666376,31.555556,29.223872,0.926109,10.000000,4.000000,5.000000,4.000000,81.000000,HarvestStat Africa v1.2,https://raw.githubusercontent.com/HarvestStat/HarvestStat-Africa/main/public/hvstat_africa_data_v1.2.csv,WFP HDX CHIRPS v2 dekadal indicators,https://data.humdata.org/dataset/ken-rainfall-subnational
Murang'a,KE021,-0.828519,37.004173,2024,67776.000000,59622.420000,0.879698,Seasonal aggregate,0,18.000000,1545.529406,695.837541,122.110667,85.862745,106.735654,1.243096,12.000000,8.000000,2.000000,1.000000,61.000000,HarvestStat Africa v1.2,https://raw.githubusercontent.com/HarvestStat/HarvestStat-Africa/main/public/hvstat_africa_data_v1.2.csv,WFP HDX CHIRPS v2 dekadal indicators,https://data.humdata.org/dataset/ken-rainfall-subnational
Nairobi,KE047,-1.300489,36.827926,2024,753.900000,636.610000,0.844422,Seasonal aggregate,0,18.000000,1129.115381,505.110248,123.538403,62.728632,68.146650,1.086372,11.000000,10.000000,5.000000,3.000000,61.000000,HarvestStat Africa v1.2,https://raw.githubusercontent.com/HarvestStat/HarvestStat-Africa/main/public/hvstat_africa_data_v1.2.csv,WFP HDX CHIRPS v2 dekadal indicators,https://data.humdata.org/dataset/ken-rainfall-subnational
Nakuru,KE032,-0.458448,36.100384,2024,65028.000000,166153.180000,2.555102,Seasonal aggregate,0,18.000000,876.735311,535.090196,63.848136,48.707517,40.968029,0.841103,12.000000,7.000000,1.000000,1.000000,81.000000,HarvestStat Africa v1.2,https://raw.githubusercontent.com/HarvestStat/HarvestStat-Africa/main/public/hvstat_africa_data_v1.2.csv,WFP HDX CHIRPS v2 dekadal indicators,https://data.humdata.org/dataset/ken-rainfall-subnational
Nandi,KE029,0.227352,35.123876,2024,70240.000000,169927.130000,2.419236,Seasonal aggregate,0,18.000000,980.791210,819.099630,19.740160,54.488401,25.005449,0.458913,17.000000,10.000000,1.000000,1.000000,81.000000,HarvestStat Africa v1.2,https://raw.githubusercontent.com/HarvestStat/HarvestStat-Africa/main/public/hvstat_africa_data_v1.2.csv,WFP HDX CHIRPS v2 dekadal indicators,https://data.humdata.org/dataset/ken-rainfall-subnational
Narok,KE033,-1.279878,35.476358,2024,136403.000000,253344.750000,1.857325,Seasonal aggregate,0,18.000000,1035.324189,591.197598,75.123206,57.518010,42.568761,0.740094,14.000000,8.000000,1.000000,1.000000,81.000000,HarvestStat Africa v1.2,https://raw.githubusercontent.com/HarvestStat/HarvestStat-Africa/main/public/hvstat_africa_data_v1.2.csv,WFP HDX CHIRPS v2 dekadal indicators,https://data.humdata.org/dataset/ken-rainfall-subnational
Nyamira,KE046,-0.649378,34.933398,2024,52286.000000,73451.190000,1.404797,Seasonal aggregate,0,18.000000,1150.724151,912.716100,26.076899,63.929119,32.994316,0.516108,17.000000,12.000000,1.000000,1.000000,81.000000,HarvestStat Africa v1.2,https://raw.githubusercontent.com/HarvestStat/HarvestStat-Africa/main/public/hvstat_africa_data_v1.2.csv,WFP HDX CHIRPS v2 dekadal indicators,https://data.humdata.org/dataset/ken-rainfall-subnational
Nyandarua,KE018,-0.389093,36.497431,2024,24433.000000,59966.850000,2.454338,Seasonal aggregate,0,18.000000,1003.953720,598.538580,67.734170,55.775207,52.741733,0.945612,12.000000,7.000000,2.000000,1.000000,81.000000,HarvestStat Africa v1.2,https://raw.githubusercontent.com/HarvestStat/HarvestStat-Africa/main/public/hvstat_africa_data_v1.2.csv,WFP HDX CHIRPS v2 dekadal indicators,https://data.humdata.org/dataset/ken-rainfall-subnational
Nyeri,KE019,-0.314375,36.930473,2024,30117.000000,25923.270000,0.860752,Seasonal aggregate,0,18.000000,1120.463630,644.133946,73.948856,62.247979,63.692879,1.023212,12.000000,7.000000,1.000000,1.000000,81.000000,HarvestStat Africa v1.2,https://raw.githubusercontent.com/HarvestStat/HarvestStat-Africa/main/public/hvstat_africa_data_v1.2.csv,WFP HDX CHIRPS v2 dekadal indicators,https://data.humdata.org/dataset/ken-rainfall-subnational
Samburu,KE025,1.541373,36.941540,2024,6194.000000,17027.600000,2.749047,Seasonal aggregate,0,18.000000,395.042331,270.988171,45.778441,21.946796,27.580668,1.256706,5.000000,2.000000,10.000000,3.000000,92.000000,HarvestStat Africa v1.2,https://raw.githubusercontent.com/HarvestStat/HarvestStat-Africa/main/public/hvstat_africa_data_v1.2.csv,WFP HDX CHIRPS v2 dekadal indicators,https://data.humdata.org/dataset/ken-rainfall-subnational
Siaya,KE041,-0.057674,34.199887,2024,72048.000000,121559.900000,1.687207,Seasonal aggregate,0,18.000000,951.775003,811.195420,17.329928,52.876389,31.278670,0.591543,17.000000,9.000000,1.000000,1.000000,81.000000,HarvestStat Africa v1.2,https://raw.githubusercontent.com/HarvestStat/HarvestStat-Africa/main/public/hvstat_africa_data_v1.2.csv,WFP HDX CHIRPS v2 dekadal indicators,https://data.humdata.org/dataset/ken-rainfall-subnational
Taita Taveta,KE006,-3.405203,38.371760,2024,16382.000000,31094.600000,1.898095,Seasonal aggregate,0,18.000000,359.641712,310.607723,15.786468,19.980095,17.644038,0.883081,7.000000,1.000000,7.000000,5.000000,61.000000,HarvestStat Africa v1.2,https://raw.githubusercontent.com/HarvestStat/HarvestStat-Africa/main/public/hvstat_africa_data_v1.2.csv,WFP HDX CHIRPS v2 dekadal indicators,https://data.humdata.org/dataset/ken-rainfall-subnational
Tana River,KE004,-1.534918,39.550288,2024,6037.000000,12728.170000,2.108360,Seasonal aggregate,1,18.000000,213.874498,192.080568,11.346244,11.881917,10.727296,0.902825,4.000000,0.000000,12.000000,6.000000,81.000000,HarvestStat Africa v1.2,https://raw.githubusercontent.com/HarvestStat/HarvestStat-Africa/main/public/hvstat_africa_data_v1.2.csv,WFP HDX CHIRPS v2 dekadal indicators,https://data.humdata.org/dataset/ken-rainfall-subnational
Tharaka-Nithi,KE013,-0.191445,37.960417,2024,25069.000000,43638.570000,1.740738,Seasonal aggregate,0,18.000000,894.809529,547.091662,63.557515,49.711640,74.799902,1.504676,9.000000,5.000000,6.000000,3.000000,81.000000,HarvestStat Africa v1.2,https://raw.githubusercontent.com/HarvestStat/HarvestStat-Africa/main/public/hvstat_africa_data_v1.2.csv,WFP HDX CHIRPS v2 dekadal indicators,https://data.humdata.org/dataset/ken-rainfall-subnational
Trans Nzoia,KE026,1.045915,34.980778,2024,124463.000000,469862.150000,3.775115,Seasonal aggregate,0,18.000000,726.101276,634.237966,14.484045,40.338960,28.673763,0.710821,14.000000,4.000000,0.000000,0.000000,81.000000,HarvestStat Africa v1.2,https://raw.githubusercontent.com/HarvestStat/HarvestStat-Africa/main/public/hvstat_africa_data_v1.2.csv,WFP HDX CHIRPS v2 dekadal indicators,https://data.humdata.org/dataset/ken-rainfall-subnational
Turkana,KE023,3.162488,35.313492,2024,2567.000000,2369.390000,0.923019,Seasonal aggregate,0,18.000000,256.690350,172.177661,49.084584,14.260575,17.951308,1.258807,3.000000,1.000000,11.000000,5.000000,92.000000,HarvestStat Africa v1.2,https://raw.githubusercontent.com/HarvestStat/HarvestStat-Africa/main/public/hvstat_africa_data_v1.2.csv,WFP HDX CHIRPS v2 dekadal indicators,https://data.humdata.org/dataset/ken-rainfall-subnational
Uasin Gishu,KE027,0.478188,35.303799,2024,117628.000000,500364.650000,4.253789,Seasonal aggregate,0,18.000000,761.540541,606.721928,25.517227,42.307808,34.396170,0.812998,14.000000,5.000000,2.000000,2.000000,81.000000,HarvestStat Africa v1.2,https://raw.githubusercontent.com/HarvestStat/HarvestStat-Africa/main/public/hvstat_africa_data_v1.2.csv,WFP HDX CHIRPS v2 dekadal indicators,https://data.humdata.org/dataset/ken-rainfall-subnational
Vihiga,KE038,0.084857,34.707784,2024,24916.000000,35379.150000,1.419937,Seasonal aggregate,0,18.000000,1254.789479,1006.033351,24.726430,69.710527,31.374784,0.450072,17.000000,13.000000,1.000000,1.000000,81.000000,HarvestStat Africa v1.2,https://raw.githubusercontent.com/HarvestStat/HarvestStat-Africa/main/public/hvstat_africa_data_v1.2.csv,WFP HDX CHIRPS v2 dekadal indicators,https://data.humdata.org/dataset/ken-rainfall-subnational
Wajir,KE008,1.939715,40.024507,2024,655.000000,567.210000,0.865969,Seasonal aggregate,0,18.000000,252.848571,193.539230,30.644609,14.047143,29.964111,2.133111,3.000000,2.000000,14.000000,9.000000,92.000000,HarvestStat Africa v1.2,https://raw.githubusercontent.com/HarvestStat/HarvestStat-Africa/main/public/hvstat_africa_data_v1.2.csv,WFP HDX CHIRPS v2 dekadal indicators,https://data.humdata.org/dataset/ken-rainfall-subnational
West Pokot,KE024,1.893374,35.212768,2024,48974.000000,100810.450000,2.058448,Seasonal aggregate,0,18.000000,530.153064,443.095810,19.647501,29.452948,29.706672,1.008615,7.000000,3.000000,4.000000,2.000000,81.000000,HarvestStat Africa v1.2,https://raw.githubusercontent.com/HarvestStat/HarvestStat-Africa/main/public/hvstat_africa_data_v1.2.csv,WFP HDX CHIRPS v2 dekadal indicators,https://data.humdata.org/dataset/ken-rainfall-subnational
